ISO-10303-21;
HEADER;
/* Generated by software containing ST-Developer
 * from STEP Tools, Inc. (www.steptools.com) 
 */

FILE_DESCRIPTION(
/* description */ (''),
/* implementation_level */ '2;1');

FILE_NAME(
/* name */ '52nassembly.step',
/* time_stamp */ '2026-05-26T11:30:29-06:00',
/* author */ (''),
/* organization */ (''),
/* preprocessor_version */ 'ST-DEVELOPER v20.1',
/* originating_system */ 'Autodesk Translation Framework v15.8.0.0',
/* authorisation */ '');

FILE_SCHEMA (('AUTOMOTIVE_DESIGN { 1 0 10303 214 3 1 1 }'));
ENDSEC;

DATA;
#10=MECHANICAL_DESIGN_GEOMETRIC_PRESENTATION_REPRESENTATION('',(#36,#37,
#38,#39,#40),#5407);
#11=SHAPE_REPRESENTATION_RELATIONSHIP('SRR','None',#5413,#12);
#12=ADVANCED_BREP_SHAPE_REPRESENTATION('',(#41,#42,#43,#44,#45),#5406);
#13=TOROIDAL_SURFACE('',#3316,3.99999785836523,3.);
#14=B_SPLINE_SURFACE_WITH_KNOTS('',3,3,((#4944,#4945,#4946,#4947,#4948,
#4949,#4950),(#4951,#4952,#4953,#4954,#4955,#4956,#4957),(#4958,#4959,#4960,
#4961,#4962,#4963,#4964),(#4965,#4966,#4967,#4968,#4969,#4970,#4971),(#4972,
#4973,#4974,#4975,#4976,#4977,#4978),(#4979,#4980,#4981,#4982,#4983,#4984,
#4985)),.UNSPECIFIED.,.F.,.F.,.F.,(4,1,1,4),(4,1,1,1,4),(-8.13803154315299E-8,
0.285714285714286,0.571428571428571,1.),(0.358226841532253,0.452216411659471,
0.640195389153275,0.82817436664708,1.01615334414089),.UNSPECIFIED.);
#15=B_SPLINE_SURFACE_WITH_KNOTS('',3,3,((#5098,#5099,#5100,#5101,#5102,
#5103,#5104,#5105),(#5106,#5107,#5108,#5109,#5110,#5111,#5112,#5113),(#5114,
#5115,#5116,#5117,#5118,#5119,#5120,#5121),(#5122,#5123,#5124,#5125,#5126,
#5127,#5128,#5129),(#5130,#5131,#5132,#5133,#5134,#5135,#5136,#5137),(#5138,
#5139,#5140,#5141,#5142,#5143,#5144,#5145)),.UNSPECIFIED.,.F.,.F.,.F.,(4,
1,1,4),(4,1,1,1,1,4),(0.,0.285714285714286,0.571428571428571,1.),(-0.299334532699766,
-0.205397181898004,-0.0175224802944798,0.170352221309045,0.264289572110807,
0.358226922912569),.UNSPECIFIED.);
#16=B_SPLINE_CURVE_WITH_KNOTS('',3,(#4580,#4581,#4582,#4583,#4584,#4585,
#4586,#4587,#4588,#4589),.UNSPECIFIED.,.F.,.F.,(4,2,2,2,4),(0.53417386989102,
0.551410177244271,0.621276792044156,0.691143406844041,0.731075667040827),
 .UNSPECIFIED.);
#17=B_SPLINE_CURVE_WITH_KNOTS('',3,(#4622,#4623,#4624,#4625,#4626,#4627,
#4628,#4629,#4630,#4631,#4632,#4633),.UNSPECIFIED.,.F.,.F.,(4,2,2,2,2,4),
(0.610704013436997,0.682264867731616,0.784702254262549,0.866008930750603,
0.947315607238657,0.980030863223577),.UNSPECIFIED.);
#18=B_SPLINE_CURVE_WITH_KNOTS('',3,(#4642,#4643,#4644,#4645,#4646,#4647,
#4648,#4649,#4650,#4651,#4652,#4653,#4654,#4655),.UNSPECIFIED.,.F.,.F.,
(4,2,2,2,2,2,4),(0.734374834851855,0.739798541465993,0.778740936739918,
0.839467356120298,0.892901931059293,0.945280665503658,0.953210253028726),
 .UNSPECIFIED.);
#19=B_SPLINE_CURVE_WITH_KNOTS('',3,(#4887,#4888,#4889,#4890,#4891,#4892,
#4893,#4894,#4895,#4896),.UNSPECIFIED.,.F.,.F.,(4,2,2,2,4),(1.07876267326678,
1.16383596568899,1.29673242815621,1.36808176133604,1.42106430215979),
 .UNSPECIFIED.);
#20=B_SPLINE_CURVE_WITH_KNOTS('',3,(#4988,#4989,#4990,#4991),
 .UNSPECIFIED.,.F.,.F.,(4,4),(0.,0.0264720478497376),.UNSPECIFIED.);
#21=B_SPLINE_CURVE_WITH_KNOTS('',3,(#4993,#4994,#4995,#4996,#4997,#4998,
#4999,#5000,#5001,#5002,#5003,#5004,#5005,#5006,#5007,#5008),
 .UNSPECIFIED.,.F.,.F.,(4,2,2,2,2,2,2,4),(0.00272257460556758,0.0214386274374705,
0.0465530651539972,0.074611738677349,0.115969395840513,0.193670480723423,
0.239030118447006,0.283018520296157),.UNSPECIFIED.);
#22=B_SPLINE_CURVE_WITH_KNOTS('',3,(#5012,#5013,#5014,#5015,#5016,#5017,
#5018,#5019,#5020,#5021,#5022,#5023,#5024,#5025,#5026,#5027,#5028,#5029,
#5030,#5031,#5032,#5033,#5034,#5035,#5036,#5037,#5038,#5039,#5040,#5041,
#5042,#5043,#5044,#5045,#5046,#5047,#5048,#5049,#5050,#5051,#5052,#5053),
 .UNSPECIFIED.,.F.,.F.,(4,2,2,2,2,2,2,2,2,2,2,2,2,2,2,2,2,2,2,2,4),(-2.1437716389765,
-2.13758549628944,-2.11781369666298,-2.0981694834976,-2.07879056616175,
-2.06927725463444,-2.04903481879437,-2.02834724308111,-2.00727269684424,
-1.98610056756409,-1.96501531508606,-1.9604842917145,-1.94049011602363,
-1.92060134697675,-1.90097697007894,-1.88137017338337,-1.8719338733142,
-1.85012440099575,-1.82801136026857,-1.80560634712726,-1.78740825645854),
 .UNSPECIFIED.);
#23=B_SPLINE_CURVE_WITH_KNOTS('',3,(#5057,#5058,#5059,#5060,#5061,#5062,
#5063,#5064,#5065,#5066,#5067,#5068,#5069,#5070,#5071,#5072,#5073,#5074,
#5075,#5076,#5077,#5078,#5079,#5080,#5081,#5082,#5083,#5084,#5085,#5086,
#5087,#5088,#5089,#5090,#5091,#5092),.UNSPECIFIED.,.F.,.F.,(4,2,2,2,2,2,
2,2,2,2,2,2,2,2,2,2,2,4),(1.78740825645854,1.81537589112453,1.84365488221937,
1.8719338733142,1.88137038097787,1.90562008905798,1.93022398618447,1.95502754101523,
1.9604842917145,1.98637732553541,2.01228595525036,2.03776945074241,2.04903481879437,
2.06927775972559,2.09312189708823,2.11743114315648,2.13758549628944,2.14377200031895),
 .UNSPECIFIED.);
#24=B_SPLINE_CURVE_WITH_KNOTS('',3,(#5093,#5094,#5095,#5096,#5097),
 .UNSPECIFIED.,.F.,.F.,(4,1,4),(0.714820767686646,0.82817436664708,0.996133210804728),
 .UNSPECIFIED.);
#25=B_SPLINE_CURVE_WITH_KNOTS('',3,(#5148,#5149,#5150,#5151,#5152,#5153,
#5154,#5155,#5156,#5157,#5158,#5159,#5160,#5161,#5162,#5163),
 .UNSPECIFIED.,.F.,.F.,(4,2,2,2,2,2,2,4),(0.,0.0597021693588942,0.160001839625502,
0.235566499941458,0.32464422340571,0.401513049699057,0.468803791426116,
0.535213930293042),.UNSPECIFIED.);
#26=B_SPLINE_CURVE_WITH_KNOTS('',3,(#5165,#5166,#5167,#5168,#5169,#5170,
#5171,#5172,#5173,#5174,#5175,#5176,#5177,#5178,#5179,#5180,#5181,#5182,
#5183,#5184,#5185,#5186,#5187,#5188,#5189,#5190,#5191,#5192,#5193,#5194,
#5195,#5196),.UNSPECIFIED.,.F.,.F.,(4,2,2,2,2,2,2,2,2,2,2,2,2,2,2,4),(1.14955443542372,
1.15115965827543,1.17642222575516,1.20145462227106,1.22381662975154,1.23971086318434,
1.26508634557696,1.29078599666137,1.31655264399756,1.32826195966128,1.35404736987031,
1.37872161397043,1.40182061695447,1.41171023041134,1.42918133354597,1.43041404114711),
 .UNSPECIFIED.);
#27=B_SPLINE_CURVE_WITH_KNOTS('',3,(#5197,#5198,#5199,#5200,#5201,#5202),
 .UNSPECIFIED.,.F.,.F.,(4,1,1,4),(0.00118463849645804,0.170352221309045,
0.264289572110807,0.358226922912569),.UNSPECIFIED.);
#28=B_SPLINE_CURVE_WITH_KNOTS('',3,(#5203,#5204,#5205,#5206,#5207,#5208,
#5209),.UNSPECIFIED.,.F.,.F.,(4,1,1,1,4),(-0.358226922912569,-0.264289572110807,
-0.170352221309045,0.0175224802944798,0.1026459564708),.UNSPECIFIED.);
#29=B_SPLINE_CURVE_WITH_KNOTS('',3,(#5271,#5272,#5273,#5274,#5275,#5276,
#5277,#5278,#5279,#5280,#5281,#5282,#5283,#5284,#5285,#5286,#5287,#5288,
#5289,#5290,#5291,#5292,#5293,#5294,#5295,#5296,#5297,#5298,#5299,#5300,
#5301,#5302,#5303,#5304,#5305),.UNSPECIFIED.,.F.,.F.,(4,2,2,2,2,2,2,2,3,
2,2,2,2,2,2,2,4),(-0.0540712760576667,-0.0508730294306518,-0.0345018262289314,
-0.0231988033797329,-0.0107348115231158,-0.00602258727358779,-0.0037785619248556,
-0.0025168872700147,0.,0.00251688727001476,0.00377856192485515,0.00602258727358684,
0.0107348115231156,0.0231988033797323,0.0345018262289307,0.0508730294306519,
0.0514862606618631),.UNSPECIFIED.);
#30=CONICAL_SURFACE('',#3219,2.00964214797707,0.933751147418958);
#31=SPHERICAL_SURFACE('',#3207,2.10000000000001);
#32=SPHERICAL_SURFACE('',#3211,2.31730769889371);
#33=SPHERICAL_SURFACE('',#3312,2.00000000000001);
#34=(
BOUNDED_SURFACE()
B_SPLINE_SURFACE(2,2,((#4381,#4382,#4383,#4384,#4385,#4386,#4387,#4388,
#4389),(#4390,#4391,#4392,#4393,#4394,#4395,#4396,#4397,#4398),(#4399,#4400,
#4401,#4402,#4403,#4404,#4405,#4406,#4407),(#4408,#4409,#4410,#4411,#4412,
#4413,#4414,#4415,#4416),(#4417,#4418,#4419,#4420,#4421,#4422,#4423,#4424,
#4425)),.UNSPECIFIED.,.F.,.T.,.F.)
B_SPLINE_SURFACE_WITH_KNOTS((3,2,3),(3,2,2,2,3),(-0.620806667131325,0.259000046001008,
1.13880675913334),(-3.14159265358979,-1.5707963267949,0.,1.5707963267949,
3.14159265358979),.UNSPECIFIED.)
GEOMETRIC_REPRESENTATION_ITEM()
RATIONAL_B_SPLINE_SURFACE(((1.,0.707106781186548,1.,0.707106781186548,1.,
0.707106781186548,1.,0.707106781186548,1.),(0.904792823247253,0.639785140887054,
0.904792823247253,0.639785140887054,0.904792823247253,0.639785140887054,
0.904792823247253,0.639785140887054,0.904792823247253),(1.,0.707106781186548,
1.,0.707106781186548,1.,0.707106781186548,1.,0.707106781186548,1.),(0.904792823247226,
0.639785140887035,0.904792823247226,0.639785140887035,0.904792823247226,
0.639785140887035,0.904792823247226,0.639785140887035,0.904792823247226),
(1.,0.707106781186548,1.,0.707106781186548,1.,0.707106781186548,1.,0.707106781186548,
1.)))
REPRESENTATION_ITEM('')
SURFACE()
);
#35=(
BOUNDED_SURFACE()
B_SPLINE_SURFACE(2,2,((#4898,#4899,#4900,#4901,#4902),(#4903,#4904,#4905,
#4906,#4907),(#4908,#4909,#4910,#4911,#4912)),.UNSPECIFIED.,.F.,.F.,.F.)
B_SPLINE_SURFACE_WITH_KNOTS((3,3),(3,2,3),(0.0576490131477733,1.06736626403132),
(1.30935429488473,2.10126283420957,2.8931713735344),.UNSPECIFIED.)
GEOMETRIC_REPRESENTATION_ITEM()
RATIONAL_B_SPLINE_SURFACE(((1.,0.922628933384,1.,0.922628933384,1.),(0.875242863743156,
0.807524389827306,0.875242863743156,0.807524389827306,0.875242863743156),
(1.,0.922628933384,1.,0.922628933384,1.)))
REPRESENTATION_ITEM('')
SURFACE()
);
#36=STYLED_ITEM('',(#5425),#41);
#37=STYLED_ITEM('',(#5426),#42);
#38=STYLED_ITEM('',(#5426),#43);
#39=STYLED_ITEM('',(#5422),#44);
#40=STYLED_ITEM('',(#5425),#45);
#41=MANIFOLD_SOLID_BREP('Baseplate',#3135);
#42=MANIFOLD_SOLID_BREP('Ball',#3136);
#43=MANIFOLD_SOLID_BREP('BPConnect',#3137);
#44=MANIFOLD_SOLID_BREP('Body32',#3138);
#45=MANIFOLD_SOLID_BREP('RightCamHolder (1)',#3139);
#46=ELLIPSE('',#3154,0.602291902526007,0.6);
#47=ELLIPSE('',#3181,6.83044491656296,0.595312500000011);
#48=ELLIPSE('',#3186,6.83044491656296,0.595312500000011);
#49=ELLIPSE('',#3191,1.7394800894547,0.595312500000012);
#50=ELLIPSE('',#3194,1.7394800894547,0.595312500000011);
#51=ELLIPSE('',#3242,5.00175303012911,5.);
#52=ELLIPSE('',#3243,5.00175303012911,5.);
#53=ELLIPSE('',#3304,1.98521387099467,1.66130473559675);
#54=CIRCLE('',#3153,0.6);
#55=CIRCLE('',#3156,0.6);
#56=CIRCLE('',#3157,0.6);
#57=CIRCLE('',#3171,0.595312500000012);
#58=CIRCLE('',#3172,0.595312500000012);
#59=CIRCLE('',#3183,0.595312500000012);
#60=CIRCLE('',#3196,0.595312500000012);
#61=CIRCLE('',#3198,1.79999999999997);
#62=CIRCLE('',#3199,3.06772295063631);
#63=CIRCLE('',#3200,3.01092554717204);
#64=CIRCLE('',#3201,1.79999999999997);
#65=CIRCLE('',#3203,2.41157057757249);
#66=CIRCLE('',#3205,2.3);
#67=CIRCLE('',#3206,2.10000000000001);
#68=CIRCLE('',#3208,1.75000000699127);
#69=CIRCLE('',#3209,2.10000000000001);
#70=CIRCLE('',#3210,1.75000000699127);
#71=CIRCLE('',#3212,2.31730769889371);
#72=CIRCLE('',#3213,0.900000000000001);
#73=CIRCLE('',#3215,1.75000000401475);
#74=CIRCLE('',#3216,1.75000000401475);
#75=CIRCLE('',#3218,0.900000000000001);
#76=CIRCLE('',#3221,1.80000000000001);
#77=CIRCLE('',#3240,2.);
#78=CIRCLE('',#3246,2.);
#79=CIRCLE('',#3247,2.);
#80=CIRCLE('',#3249,2.);
#81=CIRCLE('',#3250,2.);
#82=CIRCLE('',#3252,5.);
#83=CIRCLE('',#3255,5.);
#84=CIRCLE('',#3282,2.);
#85=CIRCLE('',#3288,36.9331069503448);
#86=CIRCLE('',#3305,1.25);
#87=CIRCLE('',#3313,1.5999991433461);
#88=CIRCLE('',#3314,2.00000000000001);
#89=CIRCLE('',#3315,1.5999991433461);
#90=CIRCLE('',#3317,3.);
#91=CYLINDRICAL_SURFACE('',#3152,0.6);
#92=CYLINDRICAL_SURFACE('',#3155,0.6);
#93=CYLINDRICAL_SURFACE('',#3197,0.595312500000011);
#94=CYLINDRICAL_SURFACE('',#3214,1.75);
#95=CYLINDRICAL_SURFACE('',#3217,0.900000000000001);
#96=CYLINDRICAL_SURFACE('',#3222,1.8);
#97=CYLINDRICAL_SURFACE('',#3245,2.);
#98=CYLINDRICAL_SURFACE('',#3248,2.);
#99=CYLINDRICAL_SURFACE('',#3251,5.);
#100=CYLINDRICAL_SURFACE('',#3256,5.);
#101=CYLINDRICAL_SURFACE('',#3281,2.);
#102=FACE_BOUND('',#286,.T.);
#103=FACE_BOUND('',#290,.T.);
#104=FACE_BOUND('',#298,.T.);
#105=FACE_BOUND('',#300,.T.);
#106=FACE_BOUND('',#321,.T.);
#107=FACE_BOUND('',#327,.T.);
#108=FACE_BOUND('',#329,.T.);
#109=FACE_BOUND('',#332,.T.);
#110=FACE_BOUND('',#337,.T.);
#111=FACE_BOUND('',#369,.T.);
#112=FACE_BOUND('',#370,.T.);
#113=FACE_BOUND('',#382,.T.);
#114=FACE_BOUND('',#383,.T.);
#115=FACE_OUTER_BOUND('',#275,.T.);
#116=FACE_OUTER_BOUND('',#276,.T.);
#117=FACE_OUTER_BOUND('',#277,.T.);
#118=FACE_OUTER_BOUND('',#278,.T.);
#119=FACE_OUTER_BOUND('',#279,.T.);
#120=FACE_OUTER_BOUND('',#280,.T.);
#121=FACE_OUTER_BOUND('',#281,.T.);
#122=FACE_OUTER_BOUND('',#282,.T.);
#123=FACE_OUTER_BOUND('',#283,.T.);
#124=FACE_OUTER_BOUND('',#284,.T.);
#125=FACE_OUTER_BOUND('',#285,.T.);
#126=FACE_OUTER_BOUND('',#287,.T.);
#127=FACE_OUTER_BOUND('',#288,.T.);
#128=FACE_OUTER_BOUND('',#289,.T.);
#129=FACE_OUTER_BOUND('',#291,.T.);
#130=FACE_OUTER_BOUND('',#292,.T.);
#131=FACE_OUTER_BOUND('',#293,.T.);
#132=FACE_OUTER_BOUND('',#294,.T.);
#133=FACE_OUTER_BOUND('',#295,.T.);
#134=FACE_OUTER_BOUND('',#296,.T.);
#135=FACE_OUTER_BOUND('',#297,.T.);
#136=FACE_OUTER_BOUND('',#299,.T.);
#137=FACE_OUTER_BOUND('',#301,.T.);
#138=FACE_OUTER_BOUND('',#302,.T.);
#139=FACE_OUTER_BOUND('',#303,.T.);
#140=FACE_OUTER_BOUND('',#304,.T.);
#141=FACE_OUTER_BOUND('',#305,.T.);
#142=FACE_OUTER_BOUND('',#306,.T.);
#143=FACE_OUTER_BOUND('',#307,.T.);
#144=FACE_OUTER_BOUND('',#308,.T.);
#145=FACE_OUTER_BOUND('',#309,.T.);
#146=FACE_OUTER_BOUND('',#310,.T.);
#147=FACE_OUTER_BOUND('',#311,.T.);
#148=FACE_OUTER_BOUND('',#312,.T.);
#149=FACE_OUTER_BOUND('',#313,.T.);
#150=FACE_OUTER_BOUND('',#314,.T.);
#151=FACE_OUTER_BOUND('',#315,.T.);
#152=FACE_OUTER_BOUND('',#316,.T.);
#153=FACE_OUTER_BOUND('',#317,.T.);
#154=FACE_OUTER_BOUND('',#318,.T.);
#155=FACE_OUTER_BOUND('',#319,.T.);
#156=FACE_OUTER_BOUND('',#320,.T.);
#157=FACE_OUTER_BOUND('',#322,.T.);
#158=FACE_OUTER_BOUND('',#323,.T.);
#159=FACE_OUTER_BOUND('',#324,.T.);
#160=FACE_OUTER_BOUND('',#325,.T.);
#161=FACE_OUTER_BOUND('',#326,.T.);
#162=FACE_OUTER_BOUND('',#328,.T.);
#163=FACE_OUTER_BOUND('',#330,.T.);
#164=FACE_OUTER_BOUND('',#331,.T.);
#165=FACE_OUTER_BOUND('',#333,.T.);
#166=FACE_OUTER_BOUND('',#334,.T.);
#167=FACE_OUTER_BOUND('',#335,.T.);
#168=FACE_OUTER_BOUND('',#336,.T.);
#169=FACE_OUTER_BOUND('',#338,.T.);
#170=FACE_OUTER_BOUND('',#339,.T.);
#171=FACE_OUTER_BOUND('',#340,.T.);
#172=FACE_OUTER_BOUND('',#341,.T.);
#173=FACE_OUTER_BOUND('',#342,.T.);
#174=FACE_OUTER_BOUND('',#343,.T.);
#175=FACE_OUTER_BOUND('',#344,.T.);
#176=FACE_OUTER_BOUND('',#345,.T.);
#177=FACE_OUTER_BOUND('',#346,.T.);
#178=FACE_OUTER_BOUND('',#347,.T.);
#179=FACE_OUTER_BOUND('',#348,.T.);
#180=FACE_OUTER_BOUND('',#349,.T.);
#181=FACE_OUTER_BOUND('',#350,.T.);
#182=FACE_OUTER_BOUND('',#351,.T.);
#183=FACE_OUTER_BOUND('',#352,.T.);
#184=FACE_OUTER_BOUND('',#353,.T.);
#185=FACE_OUTER_BOUND('',#354,.T.);
#186=FACE_OUTER_BOUND('',#355,.T.);
#187=FACE_OUTER_BOUND('',#356,.T.);
#188=FACE_OUTER_BOUND('',#357,.T.);
#189=FACE_OUTER_BOUND('',#358,.T.);
#190=FACE_OUTER_BOUND('',#359,.T.);
#191=FACE_OUTER_BOUND('',#360,.T.);
#192=FACE_OUTER_BOUND('',#361,.T.);
#193=FACE_OUTER_BOUND('',#362,.T.);
#194=FACE_OUTER_BOUND('',#363,.T.);
#195=FACE_OUTER_BOUND('',#364,.T.);
#196=FACE_OUTER_BOUND('',#365,.T.);
#197=FACE_OUTER_BOUND('',#366,.T.);
#198=FACE_OUTER_BOUND('',#367,.T.);
#199=FACE_OUTER_BOUND('',#368,.T.);
#200=FACE_OUTER_BOUND('',#371,.T.);
#201=FACE_OUTER_BOUND('',#372,.T.);
#202=FACE_OUTER_BOUND('',#373,.T.);
#203=FACE_OUTER_BOUND('',#374,.T.);
#204=FACE_OUTER_BOUND('',#375,.T.);
#205=FACE_OUTER_BOUND('',#376,.T.);
#206=FACE_OUTER_BOUND('',#377,.T.);
#207=FACE_OUTER_BOUND('',#378,.T.);
#208=FACE_OUTER_BOUND('',#379,.T.);
#209=FACE_OUTER_BOUND('',#380,.T.);
#210=FACE_OUTER_BOUND('',#381,.T.);
#211=FACE_OUTER_BOUND('',#384,.T.);
#212=FACE_OUTER_BOUND('',#385,.T.);
#213=FACE_OUTER_BOUND('',#386,.T.);
#214=FACE_OUTER_BOUND('',#387,.T.);
#215=FACE_OUTER_BOUND('',#388,.T.);
#216=FACE_OUTER_BOUND('',#389,.T.);
#217=FACE_OUTER_BOUND('',#390,.T.);
#218=FACE_OUTER_BOUND('',#391,.T.);
#219=FACE_OUTER_BOUND('',#392,.T.);
#220=FACE_OUTER_BOUND('',#393,.T.);
#221=FACE_OUTER_BOUND('',#394,.T.);
#222=FACE_OUTER_BOUND('',#395,.T.);
#223=FACE_OUTER_BOUND('',#396,.T.);
#224=FACE_OUTER_BOUND('',#397,.T.);
#225=FACE_OUTER_BOUND('',#398,.T.);
#226=FACE_OUTER_BOUND('',#399,.T.);
#227=FACE_OUTER_BOUND('',#400,.T.);
#228=FACE_OUTER_BOUND('',#401,.T.);
#229=FACE_OUTER_BOUND('',#402,.T.);
#230=FACE_OUTER_BOUND('',#403,.T.);
#231=FACE_OUTER_BOUND('',#404,.T.);
#232=FACE_OUTER_BOUND('',#405,.T.);
#233=FACE_OUTER_BOUND('',#406,.T.);
#234=FACE_OUTER_BOUND('',#407,.T.);
#235=FACE_OUTER_BOUND('',#408,.T.);
#236=FACE_OUTER_BOUND('',#409,.T.);
#237=FACE_OUTER_BOUND('',#410,.T.);
#238=FACE_OUTER_BOUND('',#411,.T.);
#239=FACE_OUTER_BOUND('',#412,.T.);
#240=FACE_OUTER_BOUND('',#413,.T.);
#241=FACE_OUTER_BOUND('',#414,.T.);
#242=FACE_OUTER_BOUND('',#415,.T.);
#243=FACE_OUTER_BOUND('',#416,.T.);
#244=FACE_OUTER_BOUND('',#417,.T.);
#245=FACE_OUTER_BOUND('',#418,.T.);
#246=FACE_OUTER_BOUND('',#419,.T.);
#247=FACE_OUTER_BOUND('',#420,.T.);
#248=FACE_OUTER_BOUND('',#421,.T.);
#249=FACE_OUTER_BOUND('',#422,.T.);
#250=FACE_OUTER_BOUND('',#423,.T.);
#251=FACE_OUTER_BOUND('',#424,.T.);
#252=FACE_OUTER_BOUND('',#425,.T.);
#253=FACE_OUTER_BOUND('',#426,.T.);
#254=FACE_OUTER_BOUND('',#427,.T.);
#255=FACE_OUTER_BOUND('',#428,.T.);
#256=FACE_OUTER_BOUND('',#429,.T.);
#257=FACE_OUTER_BOUND('',#430,.T.);
#258=FACE_OUTER_BOUND('',#431,.T.);
#259=FACE_OUTER_BOUND('',#432,.T.);
#260=FACE_OUTER_BOUND('',#433,.T.);
#261=FACE_OUTER_BOUND('',#434,.T.);
#262=FACE_OUTER_BOUND('',#435,.T.);
#263=FACE_OUTER_BOUND('',#436,.T.);
#264=FACE_OUTER_BOUND('',#437,.T.);
#265=FACE_OUTER_BOUND('',#438,.T.);
#266=FACE_OUTER_BOUND('',#439,.T.);
#267=FACE_OUTER_BOUND('',#440,.T.);
#268=FACE_OUTER_BOUND('',#441,.T.);
#269=FACE_OUTER_BOUND('',#442,.T.);
#270=FACE_OUTER_BOUND('',#443,.T.);
#271=FACE_OUTER_BOUND('',#444,.T.);
#272=FACE_OUTER_BOUND('',#445,.T.);
#273=FACE_OUTER_BOUND('',#446,.T.);
#274=FACE_OUTER_BOUND('',#447,.T.);
#275=EDGE_LOOP('',(#1951,#1952,#1953,#1954,#1955,#1956));
#276=EDGE_LOOP('',(#1957,#1958,#1959,#1960,#1961));
#277=EDGE_LOOP('',(#1962,#1963,#1964,#1965));
#278=EDGE_LOOP('',(#1966,#1967,#1968,#1969,#1970,#1971,#1972));
#279=EDGE_LOOP('',(#1973,#1974,#1975,#1976,#1977));
#280=EDGE_LOOP('',(#1978,#1979,#1980,#1981,#1982,#1983));
#281=EDGE_LOOP('',(#1984,#1985,#1986,#1987,#1988,#1989));
#282=EDGE_LOOP('',(#1990,#1991,#1992,#1993));
#283=EDGE_LOOP('',(#1994,#1995,#1996,#1997));
#284=EDGE_LOOP('',(#1998,#1999,#2000,#2001));
#285=EDGE_LOOP('',(#2002,#2003,#2004,#2005));
#286=EDGE_LOOP('',(#2006,#2007,#2008,#2009));
#287=EDGE_LOOP('',(#2010,#2011,#2012,#2013));
#288=EDGE_LOOP('',(#2014,#2015,#2016,#2017));
#289=EDGE_LOOP('',(#2018,#2019,#2020,#2021,#2022,#2023,#2024));
#290=EDGE_LOOP('',(#2025));
#291=EDGE_LOOP('',(#2026,#2027,#2028,#2029));
#292=EDGE_LOOP('',(#2030,#2031,#2032,#2033));
#293=EDGE_LOOP('',(#2034,#2035,#2036,#2037));
#294=EDGE_LOOP('',(#2038,#2039,#2040,#2041));
#295=EDGE_LOOP('',(#2042,#2043,#2044,#2045));
#296=EDGE_LOOP('',(#2046,#2047,#2048,#2049));
#297=EDGE_LOOP('',(#2050,#2051,#2052,#2053,#2054,#2055,#2056));
#298=EDGE_LOOP('',(#2057));
#299=EDGE_LOOP('',(#2058,#2059,#2060,#2061,#2062,#2063,#2064,#2065));
#300=EDGE_LOOP('',(#2066));
#301=EDGE_LOOP('',(#2067,#2068,#2069,#2070));
#302=EDGE_LOOP('',(#2071,#2072,#2073,#2074,#2075,#2076,#2077,#2078,#2079,
#2080));
#303=EDGE_LOOP('',(#2081,#2082,#2083,#2084));
#304=EDGE_LOOP('',(#2085,#2086,#2087,#2088,#2089,#2090,#2091,#2092,#2093,
#2094,#2095,#2096,#2097));
#305=EDGE_LOOP('',(#2098,#2099,#2100,#2101,#2102,#2103,#2104,#2105));
#306=EDGE_LOOP('',(#2106,#2107,#2108,#2109));
#307=EDGE_LOOP('',(#2110,#2111,#2112,#2113,#2114,#2115));
#308=EDGE_LOOP('',(#2116,#2117,#2118,#2119,#2120,#2121));
#309=EDGE_LOOP('',(#2122,#2123,#2124,#2125));
#310=EDGE_LOOP('',(#2126,#2127,#2128,#2129));
#311=EDGE_LOOP('',(#2130,#2131,#2132,#2133));
#312=EDGE_LOOP('',(#2134,#2135,#2136,#2137));
#313=EDGE_LOOP('',(#2138,#2139,#2140,#2141,#2142,#2143,#2144,#2145,#2146,
#2147,#2148));
#314=EDGE_LOOP('',(#2149,#2150,#2151,#2152,#2153));
#315=EDGE_LOOP('',(#2154,#2155,#2156,#2157));
#316=EDGE_LOOP('',(#2158,#2159,#2160,#2161,#2162));
#317=EDGE_LOOP('',(#2163,#2164,#2165,#2166,#2167));
#318=EDGE_LOOP('',(#2168,#2169,#2170,#2171));
#319=EDGE_LOOP('',(#2172,#2173,#2174,#2175));
#320=EDGE_LOOP('',(#2176,#2177,#2178,#2179,#2180,#2181,#2182,#2183));
#321=EDGE_LOOP('',(#2184));
#322=EDGE_LOOP('',(#2185,#2186,#2187,#2188));
#323=EDGE_LOOP('',(#2189,#2190));
#324=EDGE_LOOP('',(#2191,#2192,#2193,#2194,#2195,#2196,#2197,#2198));
#325=EDGE_LOOP('',(#2199,#2200,#2201,#2202,#2203));
#326=EDGE_LOOP('',(#2204));
#327=EDGE_LOOP('',(#2205));
#328=EDGE_LOOP('',(#2206));
#329=EDGE_LOOP('',(#2207));
#330=EDGE_LOOP('',(#2208,#2209,#2210,#2211,#2212));
#331=EDGE_LOOP('',(#2213,#2214,#2215));
#332=EDGE_LOOP('',(#2216));
#333=EDGE_LOOP('',(#2217,#2218,#2219,#2220,#2221,#2222));
#334=EDGE_LOOP('',(#2223,#2224,#2225,#2226));
#335=EDGE_LOOP('',(#2227,#2228,#2229,#2230,#2231));
#336=EDGE_LOOP('',(#2232));
#337=EDGE_LOOP('',(#2233));
#338=EDGE_LOOP('',(#2234,#2235,#2236,#2237,#2238));
#339=EDGE_LOOP('',(#2239,#2240,#2241,#2242,#2243,#2244,#2245));
#340=EDGE_LOOP('',(#2246,#2247,#2248,#2249));
#341=EDGE_LOOP('',(#2250,#2251,#2252,#2253,#2254,#2255,#2256,#2257));
#342=EDGE_LOOP('',(#2258,#2259,#2260,#2261,#2262));
#343=EDGE_LOOP('',(#2263,#2264,#2265,#2266,#2267,#2268,#2269));
#344=EDGE_LOOP('',(#2270,#2271,#2272,#2273));
#345=EDGE_LOOP('',(#2274,#2275,#2276,#2277,#2278));
#346=EDGE_LOOP('',(#2279,#2280,#2281,#2282,#2283));
#347=EDGE_LOOP('',(#2284,#2285,#2286,#2287,#2288));
#348=EDGE_LOOP('',(#2289,#2290,#2291,#2292));
#349=EDGE_LOOP('',(#2293,#2294,#2295,#2296));
#350=EDGE_LOOP('',(#2297,#2298,#2299,#2300));
#351=EDGE_LOOP('',(#2301,#2302,#2303,#2304));
#352=EDGE_LOOP('',(#2305,#2306,#2307,#2308,#2309,#2310));
#353=EDGE_LOOP('',(#2311,#2312,#2313,#2314,#2315,#2316,#2317,#2318));
#354=EDGE_LOOP('',(#2319,#2320,#2321,#2322));
#355=EDGE_LOOP('',(#2323,#2324,#2325,#2326,#2327,#2328,#2329));
#356=EDGE_LOOP('',(#2330,#2331,#2332,#2333,#2334,#2335,#2336,#2337));
#357=EDGE_LOOP('',(#2338,#2339,#2340,#2341,#2342,#2343));
#358=EDGE_LOOP('',(#2344,#2345,#2346,#2347));
#359=EDGE_LOOP('',(#2348,#2349,#2350,#2351));
#360=EDGE_LOOP('',(#2352,#2353,#2354,#2355));
#361=EDGE_LOOP('',(#2356,#2357,#2358,#2359));
#362=EDGE_LOOP('',(#2360,#2361,#2362,#2363,#2364,#2365,#2366,#2367));
#363=EDGE_LOOP('',(#2368,#2369,#2370,#2371));
#364=EDGE_LOOP('',(#2372,#2373,#2374,#2375,#2376,#2377));
#365=EDGE_LOOP('',(#2378,#2379,#2380,#2381));
#366=EDGE_LOOP('',(#2382,#2383,#2384,#2385,#2386,#2387));
#367=EDGE_LOOP('',(#2388,#2389,#2390,#2391));
#368=EDGE_LOOP('',(#2392,#2393,#2394,#2395,#2396,#2397,#2398,#2399,#2400,
#2401,#2402,#2403,#2404,#2405,#2406,#2407,#2408,#2409,#2410,#2411,#2412,
#2413,#2414));
#369=EDGE_LOOP('',(#2415));
#370=EDGE_LOOP('',(#2416));
#371=EDGE_LOOP('',(#2417,#2418,#2419,#2420,#2421,#2422,#2423,#2424));
#372=EDGE_LOOP('',(#2425,#2426,#2427,#2428,#2429,#2430,#2431,#2432));
#373=EDGE_LOOP('',(#2433,#2434,#2435,#2436));
#374=EDGE_LOOP('',(#2437,#2438,#2439,#2440));
#375=EDGE_LOOP('',(#2441,#2442,#2443,#2444));
#376=EDGE_LOOP('',(#2445,#2446,#2447,#2448));
#377=EDGE_LOOP('',(#2449,#2450,#2451,#2452,#2453,#2454));
#378=EDGE_LOOP('',(#2455,#2456,#2457,#2458,#2459,#2460));
#379=EDGE_LOOP('',(#2461,#2462,#2463,#2464));
#380=EDGE_LOOP('',(#2465,#2466,#2467,#2468));
#381=EDGE_LOOP('',(#2469,#2470,#2471,#2472,#2473,#2474,#2475,#2476,#2477,
#2478,#2479,#2480,#2481,#2482,#2483,#2484,#2485));
#382=EDGE_LOOP('',(#2486));
#383=EDGE_LOOP('',(#2487));
#384=EDGE_LOOP('',(#2488,#2489,#2490,#2491));
#385=EDGE_LOOP('',(#2492,#2493,#2494,#2495));
#386=EDGE_LOOP('',(#2496,#2497,#2498,#2499,#2500,#2501,#2502,#2503));
#387=EDGE_LOOP('',(#2504,#2505,#2506,#2507,#2508,#2509));
#388=EDGE_LOOP('',(#2510,#2511,#2512,#2513));
#389=EDGE_LOOP('',(#2514,#2515,#2516,#2517));
#390=EDGE_LOOP('',(#2518,#2519,#2520,#2521));
#391=EDGE_LOOP('',(#2522,#2523,#2524,#2525));
#392=EDGE_LOOP('',(#2526,#2527,#2528,#2529));
#393=EDGE_LOOP('',(#2530,#2531,#2532,#2533));
#394=EDGE_LOOP('',(#2534,#2535,#2536,#2537));
#395=EDGE_LOOP('',(#2538,#2539,#2540,#2541));
#396=EDGE_LOOP('',(#2542,#2543,#2544,#2545));
#397=EDGE_LOOP('',(#2546,#2547,#2548,#2549,#2550,#2551,#2552,#2553));
#398=EDGE_LOOP('',(#2554,#2555,#2556,#2557));
#399=EDGE_LOOP('',(#2558,#2559,#2560,#2561));
#400=EDGE_LOOP('',(#2562,#2563,#2564,#2565));
#401=EDGE_LOOP('',(#2566,#2567,#2568,#2569));
#402=EDGE_LOOP('',(#2570,#2571,#2572,#2573,#2574,#2575));
#403=EDGE_LOOP('',(#2576,#2577,#2578,#2579,#2580,#2581));
#404=EDGE_LOOP('',(#2582,#2583,#2584,#2585));
#405=EDGE_LOOP('',(#2586,#2587,#2588,#2589,#2590,#2591,#2592,#2593));
#406=EDGE_LOOP('',(#2594,#2595,#2596,#2597));
#407=EDGE_LOOP('',(#2598,#2599,#2600,#2601,#2602,#2603,#2604,#2605));
#408=EDGE_LOOP('',(#2606,#2607,#2608,#2609));
#409=EDGE_LOOP('',(#2610,#2611,#2612,#2613,#2614,#2615,#2616,#2617,#2618));
#410=EDGE_LOOP('',(#2619,#2620,#2621,#2622));
#411=EDGE_LOOP('',(#2623,#2624,#2625,#2626,#2627,#2628,#2629));
#412=EDGE_LOOP('',(#2630,#2631,#2632,#2633,#2634,#2635));
#413=EDGE_LOOP('',(#2636,#2637,#2638,#2639));
#414=EDGE_LOOP('',(#2640,#2641,#2642,#2643,#2644,#2645,#2646));
#415=EDGE_LOOP('',(#2647,#2648,#2649,#2650,#2651));
#416=EDGE_LOOP('',(#2652,#2653,#2654,#2655,#2656,#2657,#2658,#2659,#2660,
#2661,#2662,#2663,#2664,#2665,#2666,#2667));
#417=EDGE_LOOP('',(#2668,#2669,#2670,#2671));
#418=EDGE_LOOP('',(#2672,#2673,#2674,#2675));
#419=EDGE_LOOP('',(#2676,#2677,#2678,#2679));
#420=EDGE_LOOP('',(#2680,#2681,#2682,#2683));
#421=EDGE_LOOP('',(#2684,#2685,#2686,#2687,#2688,#2689));
#422=EDGE_LOOP('',(#2690,#2691,#2692,#2693));
#423=EDGE_LOOP('',(#2694,#2695,#2696,#2697,#2698,#2699,#2700,#2701,#2702,
#2703));
#424=EDGE_LOOP('',(#2704,#2705,#2706,#2707));
#425=EDGE_LOOP('',(#2708,#2709,#2710,#2711,#2712,#2713,#2714,#2715));
#426=EDGE_LOOP('',(#2716,#2717,#2718,#2719,#2720));
#427=EDGE_LOOP('',(#2721,#2722,#2723,#2724));
#428=EDGE_LOOP('',(#2725,#2726,#2727,#2728));
#429=EDGE_LOOP('',(#2729,#2730,#2731,#2732));
#430=EDGE_LOOP('',(#2733,#2734,#2735,#2736,#2737,#2738,#2739,#2740,#2741,
#2742,#2743,#2744));
#431=EDGE_LOOP('',(#2745,#2746,#2747,#2748,#2749));
#432=EDGE_LOOP('',(#2750,#2751,#2752,#2753));
#433=EDGE_LOOP('',(#2754,#2755,#2756,#2757));
#434=EDGE_LOOP('',(#2758,#2759,#2760,#2761,#2762,#2763));
#435=EDGE_LOOP('',(#2764,#2765,#2766,#2767,#2768,#2769,#2770,#2771,#2772));
#436=EDGE_LOOP('',(#2773,#2774,#2775,#2776));
#437=EDGE_LOOP('',(#2777,#2778,#2779,#2780,#2781,#2782));
#438=EDGE_LOOP('',(#2783,#2784,#2785,#2786,#2787,#2788));
#439=EDGE_LOOP('',(#2789,#2790,#2791,#2792));
#440=EDGE_LOOP('',(#2793,#2794,#2795,#2796,#2797,#2798,#2799,#2800));
#441=EDGE_LOOP('',(#2801,#2802,#2803,#2804,#2805,#2806));
#442=EDGE_LOOP('',(#2807,#2808,#2809,#2810));
#443=EDGE_LOOP('',(#2811,#2812,#2813,#2814));
#444=EDGE_LOOP('',(#2815,#2816,#2817,#2818));
#445=EDGE_LOOP('',(#2819,#2820,#2821,#2822));
#446=EDGE_LOOP('',(#2823,#2824,#2825,#2826));
#447=EDGE_LOOP('',(#2827,#2828,#2829,#2830,#2831,#2832,#2833,#2834));
#448=LINE('',#4133,#831);
#449=LINE('',#4135,#832);
#450=LINE('',#4137,#833);
#451=LINE('',#4139,#834);
#452=LINE('',#4141,#835);
#453=LINE('',#4142,#836);
#454=LINE('',#4146,#837);
#455=LINE('',#4148,#838);
#456=LINE('',#4150,#839);
#457=LINE('',#4152,#840);
#458=LINE('',#4153,#841);
#459=LINE('',#4156,#842);
#460=LINE('',#4158,#843);
#461=LINE('',#4159,#844);
#462=LINE('',#4162,#845);
#463=LINE('',#4164,#846);
#464=LINE('',#4166,#847);
#465=LINE('',#4168,#848);
#466=LINE('',#4170,#849);
#467=LINE('',#4171,#850);
#468=LINE('',#4175,#851);
#469=LINE('',#4177,#852);
#470=LINE('',#4178,#853);
#471=LINE('',#4179,#854);
#472=LINE('',#4182,#855);
#473=LINE('',#4184,#856);
#474=LINE('',#4186,#857);
#475=LINE('',#4187,#858);
#476=LINE('',#4190,#859);
#477=LINE('',#4191,#860);
#478=LINE('',#4194,#861);
#479=LINE('',#4196,#862);
#480=LINE('',#4197,#863);
#481=LINE('',#4200,#864);
#482=LINE('',#4202,#865);
#483=LINE('',#4203,#866);
#484=LINE('',#4205,#867);
#485=LINE('',#4206,#868);
#486=LINE('',#4208,#869);
#487=LINE('',#4209,#870);
#488=LINE('',#4212,#871);
#489=LINE('',#4214,#872);
#490=LINE('',#4216,#873);
#491=LINE('',#4217,#874);
#492=LINE('',#4222,#875);
#493=LINE('',#4228,#876);
#494=LINE('',#4232,#877);
#495=LINE('',#4234,#878);
#496=LINE('',#4236,#879);
#497=LINE('',#4238,#880);
#498=LINE('',#4240,#881);
#499=LINE('',#4241,#882);
#500=LINE('',#4244,#883);
#501=LINE('',#4246,#884);
#502=LINE('',#4247,#885);
#503=LINE('',#4250,#886);
#504=LINE('',#4251,#887);
#505=LINE('',#4253,#888);
#506=LINE('',#4256,#889);
#507=LINE('',#4257,#890);
#508=LINE('',#4260,#891);
#509=LINE('',#4261,#892);
#510=LINE('',#4263,#893);
#511=LINE('',#4268,#894);
#512=LINE('',#4270,#895);
#513=LINE('',#4271,#896);
#514=LINE('',#4274,#897);
#515=LINE('',#4276,#898);
#516=LINE('',#4278,#899);
#517=LINE('',#4280,#900);
#518=LINE('',#4282,#901);
#519=LINE('',#4284,#902);
#520=LINE('',#4286,#903);
#521=LINE('',#4287,#904);
#522=LINE('',#4291,#905);
#523=LINE('',#4293,#906);
#524=LINE('',#4295,#907);
#525=LINE('',#4296,#908);
#526=LINE('',#4299,#909);
#527=LINE('',#4300,#910);
#528=LINE('',#4302,#911);
#529=LINE('',#4304,#912);
#530=LINE('',#4308,#913);
#531=LINE('',#4312,#914);
#532=LINE('',#4313,#915);
#533=LINE('',#4314,#916);
#534=LINE('',#4316,#917);
#535=LINE('',#4318,#918);
#536=LINE('',#4320,#919);
#537=LINE('',#4321,#920);
#538=LINE('',#4323,#921);
#539=LINE('',#4326,#922);
#540=LINE('',#4328,#923);
#541=LINE('',#4329,#924);
#542=LINE('',#4332,#925);
#543=LINE('',#4334,#926);
#544=LINE('',#4336,#927);
#545=LINE('',#4337,#928);
#546=LINE('',#4340,#929);
#547=LINE('',#4341,#930);
#548=LINE('',#4344,#931);
#549=LINE('',#4345,#932);
#550=LINE('',#4348,#933);
#551=LINE('',#4349,#934);
#552=LINE('',#4352,#935);
#553=LINE('',#4355,#936);
#554=LINE('',#4358,#937);
#555=LINE('',#4359,#938);
#556=LINE('',#4361,#939);
#557=LINE('',#4364,#940);
#558=LINE('',#4367,#941);
#559=LINE('',#4370,#942);
#560=LINE('',#4457,#943);
#561=LINE('',#4461,#944);
#562=LINE('',#4463,#945);
#563=LINE('',#4468,#946);
#564=LINE('',#4472,#947);
#565=LINE('',#4474,#948);
#566=LINE('',#4476,#949);
#567=LINE('',#4478,#950);
#568=LINE('',#4480,#951);
#569=LINE('',#4482,#952);
#570=LINE('',#4483,#953);
#571=LINE('',#4486,#954);
#572=LINE('',#4488,#955);
#573=LINE('',#4489,#956);
#574=LINE('',#4492,#957);
#575=LINE('',#4494,#958);
#576=LINE('',#4496,#959);
#577=LINE('',#4498,#960);
#578=LINE('',#4500,#961);
#579=LINE('',#4502,#962);
#580=LINE('',#4503,#963);
#581=LINE('',#4506,#964);
#582=LINE('',#4507,#965);
#583=LINE('',#4510,#966);
#584=LINE('',#4512,#967);
#585=LINE('',#4514,#968);
#586=LINE('',#4516,#969);
#587=LINE('',#4518,#970);
#588=LINE('',#4519,#971);
#589=LINE('',#4522,#972);
#590=LINE('',#4524,#973);
#591=LINE('',#4525,#974);
#592=LINE('',#4528,#975);
#593=LINE('',#4529,#976);
#594=LINE('',#4532,#977);
#595=LINE('',#4534,#978);
#596=LINE('',#4535,#979);
#597=LINE('',#4538,#980);
#598=LINE('',#4540,#981);
#599=LINE('',#4541,#982);
#600=LINE('',#4543,#983);
#601=LINE('',#4545,#984);
#602=LINE('',#4547,#985);
#603=LINE('',#4549,#986);
#604=LINE('',#4551,#987);
#605=LINE('',#4553,#988);
#606=LINE('',#4558,#989);
#607=LINE('',#4560,#990);
#608=LINE('',#4562,#991);
#609=LINE('',#4566,#992);
#610=LINE('',#4568,#993);
#611=LINE('',#4569,#994);
#612=LINE('',#4572,#995);
#613=LINE('',#4574,#996);
#614=LINE('',#4578,#997);
#615=LINE('',#4591,#998);
#616=LINE('',#4595,#999);
#617=LINE('',#4597,#1000);
#618=LINE('',#4599,#1001);
#619=LINE('',#4600,#1002);
#620=LINE('',#4605,#1003);
#621=LINE('',#4611,#1004);
#622=LINE('',#4617,#1005);
#623=LINE('',#4618,#1006);
#624=LINE('',#4621,#1007);
#625=LINE('',#4636,#1008);
#626=LINE('',#4637,#1009);
#627=LINE('',#4641,#1010);
#628=LINE('',#4657,#1011);
#629=LINE('',#4661,#1012);
#630=LINE('',#4663,#1013);
#631=LINE('',#4665,#1014);
#632=LINE('',#4667,#1015);
#633=LINE('',#4669,#1016);
#634=LINE('',#4670,#1017);
#635=LINE('',#4673,#1018);
#636=LINE('',#4675,#1019);
#637=LINE('',#4676,#1020);
#638=LINE('',#4679,#1021);
#639=LINE('',#4681,#1022);
#640=LINE('',#4683,#1023);
#641=LINE('',#4685,#1024);
#642=LINE('',#4686,#1025);
#643=LINE('',#4688,#1026);
#644=LINE('',#4689,#1027);
#645=LINE('',#4692,#1028);
#646=LINE('',#4694,#1029);
#647=LINE('',#4696,#1030);
#648=LINE('',#4698,#1031);
#649=LINE('',#4700,#1032);
#650=LINE('',#4702,#1033);
#651=LINE('',#4704,#1034);
#652=LINE('',#4706,#1035);
#653=LINE('',#4708,#1036);
#654=LINE('',#4710,#1037);
#655=LINE('',#4712,#1038);
#656=LINE('',#4714,#1039);
#657=LINE('',#4716,#1040);
#658=LINE('',#4718,#1041);
#659=LINE('',#4720,#1042);
#660=LINE('',#4722,#1043);
#661=LINE('',#4724,#1044);
#662=LINE('',#4726,#1045);
#663=LINE('',#4728,#1046);
#664=LINE('',#4729,#1047);
#665=LINE('',#4732,#1048);
#666=LINE('',#4734,#1049);
#667=LINE('',#4736,#1050);
#668=LINE('',#4738,#1051);
#669=LINE('',#4740,#1052);
#670=LINE('',#4741,#1053);
#671=LINE('',#4744,#1054);
#672=LINE('',#4746,#1055);
#673=LINE('',#4748,#1056);
#674=LINE('',#4749,#1057);
#675=LINE('',#4750,#1058);
#676=LINE('',#4755,#1059);
#677=LINE('',#4757,#1060);
#678=LINE('',#4759,#1061);
#679=LINE('',#4760,#1062);
#680=LINE('',#4763,#1063);
#681=LINE('',#4765,#1064);
#682=LINE('',#4766,#1065);
#683=LINE('',#4769,#1066);
#684=LINE('',#4771,#1067);
#685=LINE('',#4772,#1068);
#686=LINE('',#4774,#1069);
#687=LINE('',#4775,#1070);
#688=LINE('',#4776,#1071);
#689=LINE('',#4779,#1072);
#690=LINE('',#4781,#1073);
#691=LINE('',#4783,#1074);
#692=LINE('',#4785,#1075);
#693=LINE('',#4786,#1076);
#694=LINE('',#4788,#1077);
#695=LINE('',#4790,#1078);
#696=LINE('',#4792,#1079);
#697=LINE('',#4794,#1080);
#698=LINE('',#4796,#1081);
#699=LINE('',#4798,#1082);
#700=LINE('',#4800,#1083);
#701=LINE('',#4802,#1084);
#702=LINE('',#4804,#1085);
#703=LINE('',#4806,#1086);
#704=LINE('',#4808,#1087);
#705=LINE('',#4810,#1088);
#706=LINE('',#4811,#1089);
#707=LINE('',#4813,#1090);
#708=LINE('',#4816,#1091);
#709=LINE('',#4818,#1092);
#710=LINE('',#4819,#1093);
#711=LINE('',#4821,#1094);
#712=LINE('',#4822,#1095);
#713=LINE('',#4825,#1096);
#714=LINE('',#4826,#1097);
#715=LINE('',#4829,#1098);
#716=LINE('',#4830,#1099);
#717=LINE('',#4832,#1100);
#718=LINE('',#4833,#1101);
#719=LINE('',#4835,#1102);
#720=LINE('',#4837,#1103);
#721=LINE('',#4843,#1104);
#722=LINE('',#4845,#1105);
#723=LINE('',#4847,#1106);
#724=LINE('',#4848,#1107);
#725=LINE('',#4851,#1108);
#726=LINE('',#4853,#1109);
#727=LINE('',#4854,#1110);
#728=LINE('',#4857,#1111);
#729=LINE('',#4859,#1112);
#730=LINE('',#4860,#1113);
#731=LINE('',#4863,#1114);
#732=LINE('',#4865,#1115);
#733=LINE('',#4866,#1116);
#734=LINE('',#4869,#1117);
#735=LINE('',#4871,#1118);
#736=LINE('',#4874,#1119);
#737=LINE('',#4875,#1120);
#738=LINE('',#4877,#1121);
#739=LINE('',#4882,#1122);
#740=LINE('',#4884,#1123);
#741=LINE('',#4916,#1124);
#742=LINE('',#4918,#1125);
#743=LINE('',#4920,#1126);
#744=LINE('',#4922,#1127);
#745=LINE('',#4924,#1128);
#746=LINE('',#4926,#1129);
#747=LINE('',#4927,#1130);
#748=LINE('',#4931,#1131);
#749=LINE('',#4933,#1132);
#750=LINE('',#4934,#1133);
#751=LINE('',#4936,#1134);
#752=LINE('',#4937,#1135);
#753=LINE('',#4941,#1136);
#754=LINE('',#4942,#1137);
#755=LINE('',#4943,#1138);
#756=LINE('',#5212,#1139);
#757=LINE('',#5213,#1140);
#758=LINE('',#5215,#1141);
#759=LINE('',#5217,#1142);
#760=LINE('',#5219,#1143);
#761=LINE('',#5221,#1144);
#762=LINE('',#5223,#1145);
#763=LINE('',#5225,#1146);
#764=LINE('',#5227,#1147);
#765=LINE('',#5229,#1148);
#766=LINE('',#5231,#1149);
#767=LINE('',#5232,#1150);
#768=LINE('',#5235,#1151);
#769=LINE('',#5237,#1152);
#770=LINE('',#5239,#1153);
#771=LINE('',#5240,#1154);
#772=LINE('',#5244,#1155);
#773=LINE('',#5246,#1156);
#774=LINE('',#5248,#1157);
#775=LINE('',#5249,#1158);
#776=LINE('',#5251,#1159);
#777=LINE('',#5252,#1160);
#778=LINE('',#5254,#1161);
#779=LINE('',#5255,#1162);
#780=LINE('',#5258,#1163);
#781=LINE('',#5260,#1164);
#782=LINE('',#5261,#1165);
#783=LINE('',#5309,#1166);
#784=LINE('',#5311,#1167);
#785=LINE('',#5313,#1168);
#786=LINE('',#5314,#1169);
#787=LINE('',#5317,#1170);
#788=LINE('',#5319,#1171);
#789=LINE('',#5320,#1172);
#790=LINE('',#5322,#1173);
#791=LINE('',#5324,#1174);
#792=LINE('',#5325,#1175);
#793=LINE('',#5328,#1176);
#794=LINE('',#5330,#1177);
#795=LINE('',#5332,#1178);
#796=LINE('',#5333,#1179);
#797=LINE('',#5335,#1180);
#798=LINE('',#5338,#1181);
#799=LINE('',#5339,#1182);
#800=LINE('',#5342,#1183);
#801=LINE('',#5343,#1184);
#802=LINE('',#5346,#1185);
#803=LINE('',#5348,#1186);
#804=LINE('',#5349,#1187);
#805=LINE('',#5350,#1188);
#806=LINE('',#5351,#1189);
#807=LINE('',#5353,#1190);
#808=LINE('',#5355,#1191);
#809=LINE('',#5359,#1192);
#810=LINE('',#5360,#1193);
#811=LINE('',#5362,#1194);
#812=LINE('',#5367,#1195);
#813=LINE('',#5369,#1196);
#814=LINE('',#5370,#1197);
#815=LINE('',#5373,#1198);
#816=LINE('',#5375,#1199);
#817=LINE('',#5376,#1200);
#818=LINE('',#5379,#1201);
#819=LINE('',#5381,#1202);
#820=LINE('',#5382,#1203);
#821=LINE('',#5385,#1204);
#822=LINE('',#5386,#1205);
#823=LINE('',#5389,#1206);
#824=LINE('',#5390,#1207);
#825=LINE('',#5393,#1208);
#826=LINE('',#5394,#1209);
#827=LINE('',#5397,#1210);
#828=LINE('',#5398,#1211);
#829=LINE('',#5400,#1212);
#830=LINE('',#5402,#1213);
#831=VECTOR('',#3346,10.);
#832=VECTOR('',#3347,10.);
#833=VECTOR('',#3348,10.);
#834=VECTOR('',#3349,10.);
#835=VECTOR('',#3350,10.);
#836=VECTOR('',#3351,10.);
#837=VECTOR('',#3354,10.);
#838=VECTOR('',#3355,10.);
#839=VECTOR('',#3356,10.);
#840=VECTOR('',#3357,10.);
#841=VECTOR('',#3358,10.);
#842=VECTOR('',#3361,10.);
#843=VECTOR('',#3362,10.);
#844=VECTOR('',#3363,10.);
#845=VECTOR('',#3366,10.);
#846=VECTOR('',#3367,10.);
#847=VECTOR('',#3368,10.);
#848=VECTOR('',#3369,10.);
#849=VECTOR('',#3370,10.);
#850=VECTOR('',#3371,10.);
#851=VECTOR('',#3374,10.);
#852=VECTOR('',#3375,10.);
#853=VECTOR('',#3376,10.);
#854=VECTOR('',#3377,9.99999999999999);
#855=VECTOR('',#3380,10.);
#856=VECTOR('',#3381,10.);
#857=VECTOR('',#3382,10.);
#858=VECTOR('',#3383,10.);
#859=VECTOR('',#3386,10.);
#860=VECTOR('',#3387,10.);
#861=VECTOR('',#3390,10.);
#862=VECTOR('',#3391,10.);
#863=VECTOR('',#3392,10.);
#864=VECTOR('',#3395,10.);
#865=VECTOR('',#3396,10.);
#866=VECTOR('',#3397,10.);
#867=VECTOR('',#3400,10.);
#868=VECTOR('',#3401,10.);
#869=VECTOR('',#3404,10.);
#870=VECTOR('',#3405,10.);
#871=VECTOR('',#3406,10.);
#872=VECTOR('',#3407,10.);
#873=VECTOR('',#3408,10.);
#874=VECTOR('',#3409,10.);
#875=VECTOR('',#3414,0.6);
#876=VECTOR('',#3421,0.6);
#877=VECTOR('',#3426,10.);
#878=VECTOR('',#3427,10.);
#879=VECTOR('',#3428,10.);
#880=VECTOR('',#3429,10.);
#881=VECTOR('',#3430,10.);
#882=VECTOR('',#3431,10.);
#883=VECTOR('',#3434,10.);
#884=VECTOR('',#3435,10.);
#885=VECTOR('',#3436,10.);
#886=VECTOR('',#3439,10.);
#887=VECTOR('',#3440,10.);
#888=VECTOR('',#3443,10.);
#889=VECTOR('',#3446,10.);
#890=VECTOR('',#3447,10.);
#891=VECTOR('',#3450,10.);
#892=VECTOR('',#3451,10.);
#893=VECTOR('',#3454,10.);
#894=VECTOR('',#3461,10.);
#895=VECTOR('',#3462,10.);
#896=VECTOR('',#3463,10.);
#897=VECTOR('',#3466,10.);
#898=VECTOR('',#3467,10.);
#899=VECTOR('',#3468,10.);
#900=VECTOR('',#3469,10.);
#901=VECTOR('',#3470,10.);
#902=VECTOR('',#3471,10.);
#903=VECTOR('',#3472,10.);
#904=VECTOR('',#3473,9.99999999999999);
#905=VECTOR('',#3476,10.);
#906=VECTOR('',#3477,10.);
#907=VECTOR('',#3478,10.);
#908=VECTOR('',#3479,10.);
#909=VECTOR('',#3482,10.);
#910=VECTOR('',#3483,10.);
#911=VECTOR('',#3484,10.);
#912=VECTOR('',#3485,10.);
#913=VECTOR('',#3488,10.);
#914=VECTOR('',#3491,10.);
#915=VECTOR('',#3492,10.);
#916=VECTOR('',#3493,10.);
#917=VECTOR('',#3496,10.);
#918=VECTOR('',#3497,10.);
#919=VECTOR('',#3498,10.);
#920=VECTOR('',#3499,10.);
#921=VECTOR('',#3502,10.);
#922=VECTOR('',#3505,10.);
#923=VECTOR('',#3506,10.);
#924=VECTOR('',#3507,10.);
#925=VECTOR('',#3510,10.);
#926=VECTOR('',#3511,10.);
#927=VECTOR('',#3512,10.);
#928=VECTOR('',#3513,10.);
#929=VECTOR('',#3516,10.);
#930=VECTOR('',#3517,10.);
#931=VECTOR('',#3520,10.);
#932=VECTOR('',#3521,10.);
#933=VECTOR('',#3524,10.);
#934=VECTOR('',#3525,10.);
#935=VECTOR('',#3528,10.);
#936=VECTOR('',#3531,10.);
#937=VECTOR('',#3534,10.);
#938=VECTOR('',#3535,10.);
#939=VECTOR('',#3536,10.);
#940=VECTOR('',#3541,10.);
#941=VECTOR('',#3544,10.);
#942=VECTOR('',#3549,10.);
#943=VECTOR('',#3608,1.75);
#944=VECTOR('',#3613,0.900000000000001);
#945=VECTOR('',#3616,2.00964214797707);
#946=VECTOR('',#3623,1.8);
#947=VECTOR('',#3626,10.);
#948=VECTOR('',#3627,10.);
#949=VECTOR('',#3628,10.);
#950=VECTOR('',#3629,10.);
#951=VECTOR('',#3630,10.);
#952=VECTOR('',#3631,10.);
#953=VECTOR('',#3632,10.);
#954=VECTOR('',#3635,10.);
#955=VECTOR('',#3636,10.);
#956=VECTOR('',#3637,10.);
#957=VECTOR('',#3640,10.);
#958=VECTOR('',#3641,10.);
#959=VECTOR('',#3642,10.);
#960=VECTOR('',#3643,10.);
#961=VECTOR('',#3644,10.);
#962=VECTOR('',#3645,10.);
#963=VECTOR('',#3646,10.);
#964=VECTOR('',#3649,10.);
#965=VECTOR('',#3650,10.);
#966=VECTOR('',#3653,10.);
#967=VECTOR('',#3654,10.);
#968=VECTOR('',#3655,10.);
#969=VECTOR('',#3656,10.);
#970=VECTOR('',#3657,10.);
#971=VECTOR('',#3658,10.);
#972=VECTOR('',#3661,10.);
#973=VECTOR('',#3662,10.);
#974=VECTOR('',#3663,10.);
#975=VECTOR('',#3666,10.);
#976=VECTOR('',#3667,10.);
#977=VECTOR('',#3670,10.);
#978=VECTOR('',#3671,10.);
#979=VECTOR('',#3672,10.);
#980=VECTOR('',#3675,10.);
#981=VECTOR('',#3676,10.);
#982=VECTOR('',#3677,10.);
#983=VECTOR('',#3680,10.);
#984=VECTOR('',#3683,10.);
#985=VECTOR('',#3686,10.);
#986=VECTOR('',#3689,10.);
#987=VECTOR('',#3692,10.);
#988=VECTOR('',#3695,10.);
#989=VECTOR('',#3700,10.);
#990=VECTOR('',#3701,10.);
#991=VECTOR('',#3702,10.);
#992=VECTOR('',#3705,10.);
#993=VECTOR('',#3706,10.);
#994=VECTOR('',#3707,10.);
#995=VECTOR('',#3710,10.);
#996=VECTOR('',#3711,10.);
#997=VECTOR('',#3714,10.);
#998=VECTOR('',#3715,10.);
#999=VECTOR('',#3720,10.);
#1000=VECTOR('',#3721,10.);
#1001=VECTOR('',#3722,10.);
#1002=VECTOR('',#3723,10.);
#1003=VECTOR('',#3728,2.);
#1004=VECTOR('',#3735,2.);
#1005=VECTOR('',#3742,10.);
#1006=VECTOR('',#3743,10.);
#1007=VECTOR('',#3746,10.);
#1008=VECTOR('',#3749,10.);
#1009=VECTOR('',#3750,10.);
#1010=VECTOR('',#3753,10.);
#1011=VECTOR('',#3756,10.);
#1012=VECTOR('',#3759,10.);
#1013=VECTOR('',#3760,10.);
#1014=VECTOR('',#3761,10.);
#1015=VECTOR('',#3762,10.);
#1016=VECTOR('',#3763,10.);
#1017=VECTOR('',#3764,10.);
#1018=VECTOR('',#3767,10.);
#1019=VECTOR('',#3768,10.);
#1020=VECTOR('',#3769,10.);
#1021=VECTOR('',#3772,10.);
#1022=VECTOR('',#3773,10.);
#1023=VECTOR('',#3774,10.);
#1024=VECTOR('',#3775,10.);
#1025=VECTOR('',#3776,10.);
#1026=VECTOR('',#3779,10.);
#1027=VECTOR('',#3780,10.);
#1028=VECTOR('',#3783,10.);
#1029=VECTOR('',#3784,10.);
#1030=VECTOR('',#3785,10.);
#1031=VECTOR('',#3786,10.);
#1032=VECTOR('',#3787,10.);
#1033=VECTOR('',#3788,10.);
#1034=VECTOR('',#3789,10.);
#1035=VECTOR('',#3790,10.);
#1036=VECTOR('',#3791,10.);
#1037=VECTOR('',#3792,10.);
#1038=VECTOR('',#3793,10.);
#1039=VECTOR('',#3794,10.);
#1040=VECTOR('',#3795,10.);
#1041=VECTOR('',#3796,10.);
#1042=VECTOR('',#3797,10.);
#1043=VECTOR('',#3798,10.);
#1044=VECTOR('',#3799,10.);
#1045=VECTOR('',#3800,10.);
#1046=VECTOR('',#3801,10.);
#1047=VECTOR('',#3802,10.);
#1048=VECTOR('',#3805,10.);
#1049=VECTOR('',#3806,10.);
#1050=VECTOR('',#3807,10.);
#1051=VECTOR('',#3808,10.);
#1052=VECTOR('',#3809,10.);
#1053=VECTOR('',#3810,10.);
#1054=VECTOR('',#3813,10.);
#1055=VECTOR('',#3814,10.);
#1056=VECTOR('',#3815,10.);
#1057=VECTOR('',#3816,10.);
#1058=VECTOR('',#3817,10.);
#1059=VECTOR('',#3822,10.);
#1060=VECTOR('',#3823,10.);
#1061=VECTOR('',#3824,10.);
#1062=VECTOR('',#3825,10.);
#1063=VECTOR('',#3828,10.);
#1064=VECTOR('',#3829,10.);
#1065=VECTOR('',#3830,10.);
#1066=VECTOR('',#3833,10.);
#1067=VECTOR('',#3834,10.);
#1068=VECTOR('',#3835,10.);
#1069=VECTOR('',#3838,10.);
#1070=VECTOR('',#3839,10.);
#1071=VECTOR('',#3840,10.);
#1072=VECTOR('',#3843,10.);
#1073=VECTOR('',#3844,10.);
#1074=VECTOR('',#3845,10.);
#1075=VECTOR('',#3846,10.);
#1076=VECTOR('',#3847,10.);
#1077=VECTOR('',#3850,10.);
#1078=VECTOR('',#3853,10.);
#1079=VECTOR('',#3856,10.);
#1080=VECTOR('',#3857,10.);
#1081=VECTOR('',#3858,10.);
#1082=VECTOR('',#3859,10.);
#1083=VECTOR('',#3860,10.);
#1084=VECTOR('',#3861,10.);
#1085=VECTOR('',#3862,10.);
#1086=VECTOR('',#3863,10.);
#1087=VECTOR('',#3864,10.);
#1088=VECTOR('',#3865,10.);
#1089=VECTOR('',#3866,10.);
#1090=VECTOR('',#3869,10.);
#1091=VECTOR('',#3872,10.);
#1092=VECTOR('',#3873,10.);
#1093=VECTOR('',#3874,10.);
#1094=VECTOR('',#3877,10.);
#1095=VECTOR('',#3878,10.);
#1096=VECTOR('',#3881,10.);
#1097=VECTOR('',#3882,10.);
#1098=VECTOR('',#3885,10.);
#1099=VECTOR('',#3886,10.);
#1100=VECTOR('',#3889,10.);
#1101=VECTOR('',#3890,10.);
#1102=VECTOR('',#3893,10.);
#1103=VECTOR('',#3896,10.);
#1104=VECTOR('',#3903,10.);
#1105=VECTOR('',#3904,10.);
#1106=VECTOR('',#3905,10.);
#1107=VECTOR('',#3906,10.);
#1108=VECTOR('',#3909,10.);
#1109=VECTOR('',#3910,10.);
#1110=VECTOR('',#3911,10.);
#1111=VECTOR('',#3914,10.);
#1112=VECTOR('',#3915,10.);
#1113=VECTOR('',#3916,10.);
#1114=VECTOR('',#3919,10.);
#1115=VECTOR('',#3920,10.);
#1116=VECTOR('',#3921,10.);
#1117=VECTOR('',#3926,10.);
#1118=VECTOR('',#3929,10.);
#1119=VECTOR('',#3934,10.);
#1120=VECTOR('',#3935,10.);
#1121=VECTOR('',#3938,10.);
#1122=VECTOR('',#3947,10.);
#1123=VECTOR('',#3950,10.);
#1124=VECTOR('',#3959,10.);
#1125=VECTOR('',#3960,10.);
#1126=VECTOR('',#3961,10.);
#1127=VECTOR('',#3962,10.);
#1128=VECTOR('',#3963,10.);
#1129=VECTOR('',#3964,10.);
#1130=VECTOR('',#3965,10.);
#1131=VECTOR('',#3968,10.);
#1132=VECTOR('',#3969,10.);
#1133=VECTOR('',#3970,10.);
#1134=VECTOR('',#3971,10.);
#1135=VECTOR('',#3972,10.);
#1136=VECTOR('',#3975,10.);
#1137=VECTOR('',#3976,10.);
#1138=VECTOR('',#3977,10.);
#1139=VECTOR('',#3984,10.);
#1140=VECTOR('',#3985,10.);
#1141=VECTOR('',#3986,10.);
#1142=VECTOR('',#3987,10.);
#1143=VECTOR('',#3988,10.);
#1144=VECTOR('',#3989,10.);
#1145=VECTOR('',#3990,10.);
#1146=VECTOR('',#3991,10.);
#1147=VECTOR('',#3992,10.);
#1148=VECTOR('',#3993,10.);
#1149=VECTOR('',#3994,10.);
#1150=VECTOR('',#3995,10.);
#1151=VECTOR('',#3998,10.);
#1152=VECTOR('',#3999,10.);
#1153=VECTOR('',#4000,10.);
#1154=VECTOR('',#4001,10.);
#1155=VECTOR('',#4004,10.);
#1156=VECTOR('',#4005,10.);
#1157=VECTOR('',#4006,10.);
#1158=VECTOR('',#4007,10.);
#1159=VECTOR('',#4010,10.);
#1160=VECTOR('',#4011,10.);
#1161=VECTOR('',#4014,10.);
#1162=VECTOR('',#4015,10.);
#1163=VECTOR('',#4018,10.);
#1164=VECTOR('',#4019,10.);
#1165=VECTOR('',#4020,10.);
#1166=VECTOR('',#4035,10.);
#1167=VECTOR('',#4036,10.);
#1168=VECTOR('',#4037,10.);
#1169=VECTOR('',#4038,10.);
#1170=VECTOR('',#4041,10.);
#1171=VECTOR('',#4042,10.);
#1172=VECTOR('',#4043,10.);
#1173=VECTOR('',#4044,10.);
#1174=VECTOR('',#4045,10.);
#1175=VECTOR('',#4046,10.);
#1176=VECTOR('',#4049,10.);
#1177=VECTOR('',#4050,10.);
#1178=VECTOR('',#4051,10.);
#1179=VECTOR('',#4052,10.);
#1180=VECTOR('',#4055,10.);
#1181=VECTOR('',#4058,10.);
#1182=VECTOR('',#4059,10.);
#1183=VECTOR('',#4062,10.);
#1184=VECTOR('',#4063,10.);
#1185=VECTOR('',#4066,10.);
#1186=VECTOR('',#4067,10.);
#1187=VECTOR('',#4068,10.);
#1188=VECTOR('',#4069,10.);
#1189=VECTOR('',#4070,10.);
#1190=VECTOR('',#4073,10.);
#1191=VECTOR('',#4076,10.);
#1192=VECTOR('',#4081,10.);
#1193=VECTOR('',#4082,10.);
#1194=VECTOR('',#4085,10.);
#1195=VECTOR('',#4092,10.);
#1196=VECTOR('',#4093,10.);
#1197=VECTOR('',#4094,10.);
#1198=VECTOR('',#4097,10.);
#1199=VECTOR('',#4098,10.);
#1200=VECTOR('',#4099,10.);
#1201=VECTOR('',#4102,10.);
#1202=VECTOR('',#4103,10.);
#1203=VECTOR('',#4104,10.);
#1204=VECTOR('',#4107,10.);
#1205=VECTOR('',#4108,10.);
#1206=VECTOR('',#4111,10.);
#1207=VECTOR('',#4112,10.);
#1208=VECTOR('',#4115,10.);
#1209=VECTOR('',#4116,10.);
#1210=VECTOR('',#4119,10.);
#1211=VECTOR('',#4120,10.);
#1212=VECTOR('',#4123,10.);
#1213=VECTOR('',#4126,10.);
#1214=VERTEX_POINT('',#4131);
#1215=VERTEX_POINT('',#4132);
#1216=VERTEX_POINT('',#4134);
#1217=VERTEX_POINT('',#4136);
#1218=VERTEX_POINT('',#4138);
#1219=VERTEX_POINT('',#4140);
#1220=VERTEX_POINT('',#4144);
#1221=VERTEX_POINT('',#4145);
#1222=VERTEX_POINT('',#4147);
#1223=VERTEX_POINT('',#4149);
#1224=VERTEX_POINT('',#4151);
#1225=VERTEX_POINT('',#4155);
#1226=VERTEX_POINT('',#4157);
#1227=VERTEX_POINT('',#4161);
#1228=VERTEX_POINT('',#4163);
#1229=VERTEX_POINT('',#4165);
#1230=VERTEX_POINT('',#4167);
#1231=VERTEX_POINT('',#4169);
#1232=VERTEX_POINT('',#4173);
#1233=VERTEX_POINT('',#4174);
#1234=VERTEX_POINT('',#4176);
#1235=VERTEX_POINT('',#4181);
#1236=VERTEX_POINT('',#4183);
#1237=VERTEX_POINT('',#4185);
#1238=VERTEX_POINT('',#4189);
#1239=VERTEX_POINT('',#4193);
#1240=VERTEX_POINT('',#4195);
#1241=VERTEX_POINT('',#4199);
#1242=VERTEX_POINT('',#4201);
#1243=VERTEX_POINT('',#4210);
#1244=VERTEX_POINT('',#4211);
#1245=VERTEX_POINT('',#4213);
#1246=VERTEX_POINT('',#4215);
#1247=VERTEX_POINT('',#4219);
#1248=VERTEX_POINT('',#4221);
#1249=VERTEX_POINT('',#4225);
#1250=VERTEX_POINT('',#4227);
#1251=VERTEX_POINT('',#4231);
#1252=VERTEX_POINT('',#4233);
#1253=VERTEX_POINT('',#4235);
#1254=VERTEX_POINT('',#4237);
#1255=VERTEX_POINT('',#4239);
#1256=VERTEX_POINT('',#4243);
#1257=VERTEX_POINT('',#4245);
#1258=VERTEX_POINT('',#4249);
#1259=VERTEX_POINT('',#4255);
#1260=VERTEX_POINT('',#4259);
#1261=VERTEX_POINT('',#4267);
#1262=VERTEX_POINT('',#4269);
#1263=VERTEX_POINT('',#4273);
#1264=VERTEX_POINT('',#4275);
#1265=VERTEX_POINT('',#4277);
#1266=VERTEX_POINT('',#4279);
#1267=VERTEX_POINT('',#4281);
#1268=VERTEX_POINT('',#4283);
#1269=VERTEX_POINT('',#4285);
#1270=VERTEX_POINT('',#4289);
#1271=VERTEX_POINT('',#4290);
#1272=VERTEX_POINT('',#4292);
#1273=VERTEX_POINT('',#4294);
#1274=VERTEX_POINT('',#4298);
#1275=VERTEX_POINT('',#4301);
#1276=VERTEX_POINT('',#4303);
#1277=VERTEX_POINT('',#4305);
#1278=VERTEX_POINT('',#4307);
#1279=VERTEX_POINT('',#4309);
#1280=VERTEX_POINT('',#4311);
#1281=VERTEX_POINT('',#4317);
#1282=VERTEX_POINT('',#4319);
#1283=VERTEX_POINT('',#4325);
#1284=VERTEX_POINT('',#4327);
#1285=VERTEX_POINT('',#4331);
#1286=VERTEX_POINT('',#4333);
#1287=VERTEX_POINT('',#4335);
#1288=VERTEX_POINT('',#4339);
#1289=VERTEX_POINT('',#4343);
#1290=VERTEX_POINT('',#4347);
#1291=VERTEX_POINT('',#4351);
#1292=VERTEX_POINT('',#4353);
#1293=VERTEX_POINT('',#4357);
#1294=VERTEX_POINT('',#4360);
#1295=VERTEX_POINT('',#4366);
#1296=VERTEX_POINT('',#4426);
#1297=VERTEX_POINT('',#4427);
#1298=VERTEX_POINT('',#4429);
#1299=VERTEX_POINT('',#4434);
#1300=VERTEX_POINT('',#4437);
#1301=VERTEX_POINT('',#4439);
#1302=VERTEX_POINT('',#4442);
#1303=VERTEX_POINT('',#4443);
#1304=VERTEX_POINT('',#4448);
#1305=VERTEX_POINT('',#4450);
#1306=VERTEX_POINT('',#4453);
#1307=VERTEX_POINT('',#4454);
#1308=VERTEX_POINT('',#4459);
#1309=VERTEX_POINT('',#4465);
#1310=VERTEX_POINT('',#4470);
#1311=VERTEX_POINT('',#4471);
#1312=VERTEX_POINT('',#4473);
#1313=VERTEX_POINT('',#4475);
#1314=VERTEX_POINT('',#4477);
#1315=VERTEX_POINT('',#4479);
#1316=VERTEX_POINT('',#4481);
#1317=VERTEX_POINT('',#4485);
#1318=VERTEX_POINT('',#4487);
#1319=VERTEX_POINT('',#4491);
#1320=VERTEX_POINT('',#4493);
#1321=VERTEX_POINT('',#4495);
#1322=VERTEX_POINT('',#4497);
#1323=VERTEX_POINT('',#4499);
#1324=VERTEX_POINT('',#4501);
#1325=VERTEX_POINT('',#4505);
#1326=VERTEX_POINT('',#4509);
#1327=VERTEX_POINT('',#4511);
#1328=VERTEX_POINT('',#4513);
#1329=VERTEX_POINT('',#4515);
#1330=VERTEX_POINT('',#4517);
#1331=VERTEX_POINT('',#4521);
#1332=VERTEX_POINT('',#4523);
#1333=VERTEX_POINT('',#4527);
#1334=VERTEX_POINT('',#4531);
#1335=VERTEX_POINT('',#4533);
#1336=VERTEX_POINT('',#4537);
#1337=VERTEX_POINT('',#4539);
#1338=VERTEX_POINT('',#4556);
#1339=VERTEX_POINT('',#4557);
#1340=VERTEX_POINT('',#4559);
#1341=VERTEX_POINT('',#4561);
#1342=VERTEX_POINT('',#4563);
#1343=VERTEX_POINT('',#4565);
#1344=VERTEX_POINT('',#4567);
#1345=VERTEX_POINT('',#4571);
#1346=VERTEX_POINT('',#4573);
#1347=VERTEX_POINT('',#4575);
#1348=VERTEX_POINT('',#4577);
#1349=VERTEX_POINT('',#4579);
#1350=VERTEX_POINT('',#4590);
#1351=VERTEX_POINT('',#4594);
#1352=VERTEX_POINT('',#4596);
#1353=VERTEX_POINT('',#4598);
#1354=VERTEX_POINT('',#4602);
#1355=VERTEX_POINT('',#4604);
#1356=VERTEX_POINT('',#4608);
#1357=VERTEX_POINT('',#4610);
#1358=VERTEX_POINT('',#4614);
#1359=VERTEX_POINT('',#4615);
#1360=VERTEX_POINT('',#4620);
#1361=VERTEX_POINT('',#4635);
#1362=VERTEX_POINT('',#4638);
#1363=VERTEX_POINT('',#4640);
#1364=VERTEX_POINT('',#4659);
#1365=VERTEX_POINT('',#4660);
#1366=VERTEX_POINT('',#4662);
#1367=VERTEX_POINT('',#4664);
#1368=VERTEX_POINT('',#4666);
#1369=VERTEX_POINT('',#4668);
#1370=VERTEX_POINT('',#4672);
#1371=VERTEX_POINT('',#4674);
#1372=VERTEX_POINT('',#4678);
#1373=VERTEX_POINT('',#4680);
#1374=VERTEX_POINT('',#4682);
#1375=VERTEX_POINT('',#4684);
#1376=VERTEX_POINT('',#4691);
#1377=VERTEX_POINT('',#4693);
#1378=VERTEX_POINT('',#4695);
#1379=VERTEX_POINT('',#4697);
#1380=VERTEX_POINT('',#4699);
#1381=VERTEX_POINT('',#4701);
#1382=VERTEX_POINT('',#4703);
#1383=VERTEX_POINT('',#4705);
#1384=VERTEX_POINT('',#4707);
#1385=VERTEX_POINT('',#4709);
#1386=VERTEX_POINT('',#4711);
#1387=VERTEX_POINT('',#4713);
#1388=VERTEX_POINT('',#4715);
#1389=VERTEX_POINT('',#4717);
#1390=VERTEX_POINT('',#4719);
#1391=VERTEX_POINT('',#4721);
#1392=VERTEX_POINT('',#4723);
#1393=VERTEX_POINT('',#4725);
#1394=VERTEX_POINT('',#4727);
#1395=VERTEX_POINT('',#4731);
#1396=VERTEX_POINT('',#4733);
#1397=VERTEX_POINT('',#4735);
#1398=VERTEX_POINT('',#4737);
#1399=VERTEX_POINT('',#4739);
#1400=VERTEX_POINT('',#4743);
#1401=VERTEX_POINT('',#4745);
#1402=VERTEX_POINT('',#4747);
#1403=VERTEX_POINT('',#4753);
#1404=VERTEX_POINT('',#4754);
#1405=VERTEX_POINT('',#4756);
#1406=VERTEX_POINT('',#4758);
#1407=VERTEX_POINT('',#4762);
#1408=VERTEX_POINT('',#4764);
#1409=VERTEX_POINT('',#4768);
#1410=VERTEX_POINT('',#4770);
#1411=VERTEX_POINT('',#4778);
#1412=VERTEX_POINT('',#4780);
#1413=VERTEX_POINT('',#4782);
#1414=VERTEX_POINT('',#4784);
#1415=VERTEX_POINT('',#4793);
#1416=VERTEX_POINT('',#4795);
#1417=VERTEX_POINT('',#4797);
#1418=VERTEX_POINT('',#4799);
#1419=VERTEX_POINT('',#4801);
#1420=VERTEX_POINT('',#4803);
#1421=VERTEX_POINT('',#4805);
#1422=VERTEX_POINT('',#4807);
#1423=VERTEX_POINT('',#4809);
#1424=VERTEX_POINT('',#4815);
#1425=VERTEX_POINT('',#4817);
#1426=VERTEX_POINT('',#4824);
#1427=VERTEX_POINT('',#4828);
#1428=VERTEX_POINT('',#4841);
#1429=VERTEX_POINT('',#4842);
#1430=VERTEX_POINT('',#4844);
#1431=VERTEX_POINT('',#4846);
#1432=VERTEX_POINT('',#4850);
#1433=VERTEX_POINT('',#4852);
#1434=VERTEX_POINT('',#4856);
#1435=VERTEX_POINT('',#4858);
#1436=VERTEX_POINT('',#4862);
#1437=VERTEX_POINT('',#4864);
#1438=VERTEX_POINT('',#4914);
#1439=VERTEX_POINT('',#4915);
#1440=VERTEX_POINT('',#4917);
#1441=VERTEX_POINT('',#4919);
#1442=VERTEX_POINT('',#4921);
#1443=VERTEX_POINT('',#4923);
#1444=VERTEX_POINT('',#4925);
#1445=VERTEX_POINT('',#4929);
#1446=VERTEX_POINT('',#4930);
#1447=VERTEX_POINT('',#4932);
#1448=VERTEX_POINT('',#4935);
#1449=VERTEX_POINT('',#4939);
#1450=VERTEX_POINT('',#4940);
#1451=VERTEX_POINT('',#4986);
#1452=VERTEX_POINT('',#4987);
#1453=VERTEX_POINT('',#4992);
#1454=VERTEX_POINT('',#5009);
#1455=VERTEX_POINT('',#5011);
#1456=VERTEX_POINT('',#5054);
#1457=VERTEX_POINT('',#5056);
#1458=VERTEX_POINT('',#5146);
#1459=VERTEX_POINT('',#5147);
#1460=VERTEX_POINT('',#5164);
#1461=VERTEX_POINT('',#5211);
#1462=VERTEX_POINT('',#5214);
#1463=VERTEX_POINT('',#5216);
#1464=VERTEX_POINT('',#5218);
#1465=VERTEX_POINT('',#5220);
#1466=VERTEX_POINT('',#5222);
#1467=VERTEX_POINT('',#5224);
#1468=VERTEX_POINT('',#5226);
#1469=VERTEX_POINT('',#5228);
#1470=VERTEX_POINT('',#5230);
#1471=VERTEX_POINT('',#5234);
#1472=VERTEX_POINT('',#5236);
#1473=VERTEX_POINT('',#5238);
#1474=VERTEX_POINT('',#5242);
#1475=VERTEX_POINT('',#5243);
#1476=VERTEX_POINT('',#5245);
#1477=VERTEX_POINT('',#5247);
#1478=VERTEX_POINT('',#5257);
#1479=VERTEX_POINT('',#5259);
#1480=VERTEX_POINT('',#5263);
#1481=VERTEX_POINT('',#5264);
#1482=VERTEX_POINT('',#5266);
#1483=VERTEX_POINT('',#5307);
#1484=VERTEX_POINT('',#5308);
#1485=VERTEX_POINT('',#5310);
#1486=VERTEX_POINT('',#5312);
#1487=VERTEX_POINT('',#5316);
#1488=VERTEX_POINT('',#5318);
#1489=VERTEX_POINT('',#5321);
#1490=VERTEX_POINT('',#5323);
#1491=VERTEX_POINT('',#5327);
#1492=VERTEX_POINT('',#5329);
#1493=VERTEX_POINT('',#5331);
#1494=VERTEX_POINT('',#5337);
#1495=VERTEX_POINT('',#5341);
#1496=VERTEX_POINT('',#5345);
#1497=VERTEX_POINT('',#5347);
#1498=VERTEX_POINT('',#5358);
#1499=VERTEX_POINT('',#5366);
#1500=VERTEX_POINT('',#5368);
#1501=VERTEX_POINT('',#5372);
#1502=VERTEX_POINT('',#5374);
#1503=VERTEX_POINT('',#5378);
#1504=VERTEX_POINT('',#5380);
#1505=VERTEX_POINT('',#5384);
#1506=VERTEX_POINT('',#5388);
#1507=VERTEX_POINT('',#5392);
#1508=VERTEX_POINT('',#5396);
#1509=EDGE_CURVE('',#1214,#1215,#448,.T.);
#1510=EDGE_CURVE('',#1214,#1216,#449,.T.);
#1511=EDGE_CURVE('',#1217,#1216,#450,.T.);
#1512=EDGE_CURVE('',#1218,#1217,#451,.T.);
#1513=EDGE_CURVE('',#1219,#1218,#452,.T.);
#1514=EDGE_CURVE('',#1215,#1219,#453,.T.);
#1515=EDGE_CURVE('',#1220,#1221,#454,.T.);
#1516=EDGE_CURVE('',#1220,#1222,#455,.T.);
#1517=EDGE_CURVE('',#1223,#1222,#456,.T.);
#1518=EDGE_CURVE('',#1223,#1224,#457,.T.);
#1519=EDGE_CURVE('',#1224,#1221,#458,.T.);
#1520=EDGE_CURVE('',#1225,#1220,#459,.T.);
#1521=EDGE_CURVE('',#1225,#1226,#460,.T.);
#1522=EDGE_CURVE('',#1222,#1226,#461,.T.);
#1523=EDGE_CURVE('',#1227,#1225,#462,.T.);
#1524=EDGE_CURVE('',#1227,#1228,#463,.T.);
#1525=EDGE_CURVE('',#1229,#1228,#464,.T.);
#1526=EDGE_CURVE('',#1230,#1229,#465,.T.);
#1527=EDGE_CURVE('',#1231,#1230,#466,.T.);
#1528=EDGE_CURVE('',#1226,#1231,#467,.T.);
#1529=EDGE_CURVE('',#1232,#1233,#468,.T.);
#1530=EDGE_CURVE('',#1233,#1234,#469,.T.);
#1531=EDGE_CURVE('',#1229,#1234,#470,.T.);
#1532=EDGE_CURVE('',#1228,#1232,#471,.T.);
#1533=EDGE_CURVE('',#1235,#1227,#472,.T.);
#1534=EDGE_CURVE('',#1235,#1236,#473,.T.);
#1535=EDGE_CURVE('',#1237,#1236,#474,.T.);
#1536=EDGE_CURVE('',#1232,#1237,#475,.T.);
#1537=EDGE_CURVE('',#1221,#1238,#476,.T.);
#1538=EDGE_CURVE('',#1238,#1235,#477,.T.);
#1539=EDGE_CURVE('',#1239,#1230,#478,.T.);
#1540=EDGE_CURVE('',#1240,#1239,#479,.T.);
#1541=EDGE_CURVE('',#1231,#1240,#480,.T.);
#1542=EDGE_CURVE('',#1219,#1241,#481,.T.);
#1543=EDGE_CURVE('',#1242,#1218,#482,.T.);
#1544=EDGE_CURVE('',#1241,#1242,#483,.T.);
#1545=EDGE_CURVE('',#1224,#1216,#484,.T.);
#1546=EDGE_CURVE('',#1217,#1223,#485,.T.);
#1547=EDGE_CURVE('',#1241,#1239,#486,.T.);
#1548=EDGE_CURVE('',#1242,#1240,#487,.T.);
#1549=EDGE_CURVE('',#1243,#1244,#488,.T.);
#1550=EDGE_CURVE('',#1244,#1245,#489,.T.);
#1551=EDGE_CURVE('',#1245,#1246,#490,.T.);
#1552=EDGE_CURVE('',#1246,#1243,#491,.T.);
#1553=EDGE_CURVE('',#1247,#1247,#54,.T.);
#1554=EDGE_CURVE('',#1247,#1248,#492,.T.);
#1555=EDGE_CURVE('',#1248,#1248,#46,.T.);
#1556=EDGE_CURVE('',#1249,#1249,#55,.T.);
#1557=EDGE_CURVE('',#1249,#1250,#493,.T.);
#1558=EDGE_CURVE('',#1250,#1250,#56,.T.);
#1559=EDGE_CURVE('',#1251,#1246,#494,.T.);
#1560=EDGE_CURVE('',#1252,#1251,#495,.T.);
#1561=EDGE_CURVE('',#1253,#1252,#496,.T.);
#1562=EDGE_CURVE('',#1254,#1253,#497,.T.);
#1563=EDGE_CURVE('',#1255,#1254,#498,.T.);
#1564=EDGE_CURVE('',#1255,#1243,#499,.T.);
#1565=EDGE_CURVE('',#1252,#1256,#500,.T.);
#1566=EDGE_CURVE('',#1256,#1257,#501,.T.);
#1567=EDGE_CURVE('',#1253,#1257,#502,.T.);
#1568=EDGE_CURVE('',#1251,#1258,#503,.T.);
#1569=EDGE_CURVE('',#1258,#1256,#504,.T.);
#1570=EDGE_CURVE('',#1245,#1258,#505,.T.);
#1571=EDGE_CURVE('',#1255,#1259,#506,.T.);
#1572=EDGE_CURVE('',#1259,#1244,#507,.T.);
#1573=EDGE_CURVE('',#1254,#1260,#508,.T.);
#1574=EDGE_CURVE('',#1260,#1259,#509,.T.);
#1575=EDGE_CURVE('',#1257,#1260,#510,.T.);
#1576=EDGE_CURVE('',#1216,#1261,#511,.T.);
#1577=EDGE_CURVE('',#1262,#1261,#512,.T.);
#1578=EDGE_CURVE('',#1262,#1224,#513,.T.);
#1579=EDGE_CURVE('',#1263,#1214,#514,.T.);
#1580=EDGE_CURVE('',#1264,#1263,#515,.T.);
#1581=EDGE_CURVE('',#1265,#1264,#516,.T.);
#1582=EDGE_CURVE('',#1266,#1265,#517,.T.);
#1583=EDGE_CURVE('',#1267,#1266,#518,.T.);
#1584=EDGE_CURVE('',#1268,#1267,#519,.T.);
#1585=EDGE_CURVE('',#1268,#1269,#520,.T.);
#1586=EDGE_CURVE('',#1261,#1269,#521,.T.);
#1587=EDGE_CURVE('',#1270,#1271,#522,.T.);
#1588=EDGE_CURVE('',#1272,#1271,#523,.T.);
#1589=EDGE_CURVE('',#1273,#1272,#524,.T.);
#1590=EDGE_CURVE('',#1273,#1270,#525,.T.);
#1591=EDGE_CURVE('',#1274,#1272,#526,.T.);
#1592=EDGE_CURVE('',#1274,#1268,#527,.T.);
#1593=EDGE_CURVE('',#1267,#1275,#528,.T.);
#1594=EDGE_CURVE('',#1276,#1275,#529,.T.);
#1595=EDGE_CURVE('',#1277,#1276,#57,.T.);
#1596=EDGE_CURVE('',#1278,#1277,#530,.T.);
#1597=EDGE_CURVE('',#1279,#1278,#58,.T.);
#1598=EDGE_CURVE('',#1280,#1279,#531,.T.);
#1599=EDGE_CURVE('',#1280,#1237,#532,.T.);
#1600=EDGE_CURVE('',#1236,#1273,#533,.T.);
#1601=EDGE_CURVE('',#1238,#1270,#534,.T.);
#1602=EDGE_CURVE('',#1281,#1262,#535,.T.);
#1603=EDGE_CURVE('',#1282,#1281,#536,.T.);
#1604=EDGE_CURVE('',#1271,#1282,#537,.T.);
#1605=EDGE_CURVE('',#1269,#1281,#538,.T.);
#1606=EDGE_CURVE('',#1283,#1280,#539,.T.);
#1607=EDGE_CURVE('',#1284,#1283,#540,.T.);
#1608=EDGE_CURVE('',#1233,#1284,#541,.T.);
#1609=EDGE_CURVE('',#1285,#1266,#542,.T.);
#1610=EDGE_CURVE('',#1286,#1285,#543,.T.);
#1611=EDGE_CURVE('',#1287,#1286,#544,.T.);
#1612=EDGE_CURVE('',#1275,#1287,#545,.T.);
#1613=EDGE_CURVE('',#1285,#1288,#546,.T.);
#1614=EDGE_CURVE('',#1288,#1265,#547,.T.);
#1615=EDGE_CURVE('',#1288,#1289,#548,.T.);
#1616=EDGE_CURVE('',#1289,#1264,#549,.T.);
#1617=EDGE_CURVE('',#1289,#1290,#550,.T.);
#1618=EDGE_CURVE('',#1290,#1263,#551,.T.);
#1619=EDGE_CURVE('',#1291,#1286,#552,.T.);
#1620=EDGE_CURVE('',#1292,#1291,#47,.T.);
#1621=EDGE_CURVE('',#1287,#1292,#553,.T.);
#1622=EDGE_CURVE('',#1290,#1293,#554,.T.);
#1623=EDGE_CURVE('',#1293,#1234,#555,.T.);
#1624=EDGE_CURVE('',#1294,#1284,#556,.T.);
#1625=EDGE_CURVE('',#1294,#1291,#59,.T.);
#1626=EDGE_CURVE('',#1215,#1293,#557,.T.);
#1627=EDGE_CURVE('',#1283,#1295,#558,.T.);
#1628=EDGE_CURVE('',#1295,#1294,#48,.T.);
#1629=EDGE_CURVE('',#1282,#1274,#559,.T.);
#1630=EDGE_CURVE('',#1292,#1276,#49,.T.);
#1631=EDGE_CURVE('',#1295,#1279,#50,.T.);
#1632=EDGE_CURVE('',#1278,#1277,#60,.T.);
#1633=EDGE_CURVE('',#1296,#1297,#61,.T.);
#1634=EDGE_CURVE('',#1296,#1298,#62,.T.);
#1635=EDGE_CURVE('',#1298,#1298,#63,.T.);
#1636=EDGE_CURVE('',#1297,#1296,#64,.T.);
#1637=EDGE_CURVE('',#1299,#1299,#65,.T.);
#1638=EDGE_CURVE('',#1300,#1300,#66,.T.);
#1639=EDGE_CURVE('',#1301,#1301,#67,.T.);
#1640=EDGE_CURVE('',#1302,#1303,#68,.T.);
#1641=EDGE_CURVE('',#1302,#1301,#69,.T.);
#1642=EDGE_CURVE('',#1303,#1302,#70,.T.);
#1643=EDGE_CURVE('',#1300,#1304,#71,.T.);
#1644=EDGE_CURVE('',#1305,#1305,#72,.T.);
#1645=EDGE_CURVE('',#1306,#1307,#73,.F.);
#1646=EDGE_CURVE('',#1307,#1306,#74,.F.);
#1647=EDGE_CURVE('',#1307,#1303,#560,.T.);
#1648=EDGE_CURVE('',#1308,#1308,#75,.T.);
#1649=EDGE_CURVE('',#1308,#1305,#561,.T.);
#1650=EDGE_CURVE('',#1306,#1299,#562,.T.);
#1651=EDGE_CURVE('',#1309,#1309,#76,.T.);
#1652=EDGE_CURVE('',#1297,#1309,#563,.T.);
#1653=EDGE_CURVE('',#1310,#1311,#564,.T.);
#1654=EDGE_CURVE('',#1312,#1310,#565,.T.);
#1655=EDGE_CURVE('',#1312,#1313,#566,.T.);
#1656=EDGE_CURVE('',#1314,#1313,#567,.T.);
#1657=EDGE_CURVE('',#1314,#1315,#568,.T.);
#1658=EDGE_CURVE('',#1315,#1316,#569,.T.);
#1659=EDGE_CURVE('',#1311,#1316,#570,.T.);
#1660=EDGE_CURVE('',#1311,#1317,#571,.T.);
#1661=EDGE_CURVE('',#1317,#1318,#572,.T.);
#1662=EDGE_CURVE('',#1310,#1318,#573,.T.);
#1663=EDGE_CURVE('',#1319,#1312,#574,.T.);
#1664=EDGE_CURVE('',#1320,#1319,#575,.T.);
#1665=EDGE_CURVE('',#1320,#1321,#576,.T.);
#1666=EDGE_CURVE('',#1321,#1322,#577,.T.);
#1667=EDGE_CURVE('',#1322,#1323,#578,.T.);
#1668=EDGE_CURVE('',#1324,#1323,#579,.T.);
#1669=EDGE_CURVE('',#1313,#1324,#580,.T.);
#1670=EDGE_CURVE('',#1318,#1325,#581,.T.);
#1671=EDGE_CURVE('',#1325,#1319,#582,.T.);
#1672=EDGE_CURVE('',#1326,#1323,#583,.T.);
#1673=EDGE_CURVE('',#1326,#1327,#584,.T.);
#1674=EDGE_CURVE('',#1327,#1328,#585,.T.);
#1675=EDGE_CURVE('',#1328,#1329,#586,.T.);
#1676=EDGE_CURVE('',#1329,#1330,#587,.T.);
#1677=EDGE_CURVE('',#1324,#1330,#588,.T.);
#1678=EDGE_CURVE('',#1331,#1326,#589,.T.);
#1679=EDGE_CURVE('',#1331,#1332,#590,.T.);
#1680=EDGE_CURVE('',#1327,#1332,#591,.T.);
#1681=EDGE_CURVE('',#1322,#1333,#592,.T.);
#1682=EDGE_CURVE('',#1333,#1331,#593,.T.);
#1683=EDGE_CURVE('',#1334,#1321,#594,.T.);
#1684=EDGE_CURVE('',#1334,#1335,#595,.T.);
#1685=EDGE_CURVE('',#1335,#1333,#596,.T.);
#1686=EDGE_CURVE('',#1336,#1325,#597,.T.);
#1687=EDGE_CURVE('',#1336,#1337,#598,.T.);
#1688=EDGE_CURVE('',#1337,#1320,#599,.T.);
#1689=EDGE_CURVE('',#1330,#1314,#600,.T.);
#1690=EDGE_CURVE('',#1334,#1337,#601,.T.);
#1691=EDGE_CURVE('',#1329,#1315,#602,.T.);
#1692=EDGE_CURVE('',#1316,#1328,#603,.T.);
#1693=EDGE_CURVE('',#1332,#1317,#604,.T.);
#1694=EDGE_CURVE('',#1335,#1336,#605,.T.);
#1695=EDGE_CURVE('',#1338,#1339,#606,.T.);
#1696=EDGE_CURVE('',#1340,#1339,#607,.T.);
#1697=EDGE_CURVE('',#1340,#1341,#608,.T.);
#1698=EDGE_CURVE('',#1341,#1342,#77,.T.);
#1699=EDGE_CURVE('',#1343,#1342,#609,.T.);
#1700=EDGE_CURVE('',#1343,#1344,#610,.T.);
#1701=EDGE_CURVE('',#1344,#1338,#611,.T.);
#1702=EDGE_CURVE('',#1338,#1345,#612,.T.);
#1703=EDGE_CURVE('',#1345,#1346,#613,.T.);
#1704=EDGE_CURVE('',#1347,#1346,#51,.T.);
#1705=EDGE_CURVE('',#1347,#1348,#614,.T.);
#1706=EDGE_CURVE('',#1349,#1348,#16,.T.);
#1707=EDGE_CURVE('',#1350,#1349,#615,.T.);
#1708=EDGE_CURVE('',#1339,#1350,#52,.T.);
#1709=EDGE_CURVE('',#1344,#1351,#616,.T.);
#1710=EDGE_CURVE('',#1351,#1352,#617,.T.);
#1711=EDGE_CURVE('',#1352,#1353,#618,.T.);
#1712=EDGE_CURVE('',#1345,#1353,#619,.T.);
#1713=EDGE_CURVE('',#1354,#1354,#78,.T.);
#1714=EDGE_CURVE('',#1354,#1355,#620,.T.);
#1715=EDGE_CURVE('',#1355,#1355,#79,.T.);
#1716=EDGE_CURVE('',#1356,#1356,#80,.T.);
#1717=EDGE_CURVE('',#1356,#1357,#621,.T.);
#1718=EDGE_CURVE('',#1357,#1357,#81,.T.);
#1719=EDGE_CURVE('',#1358,#1359,#82,.T.);
#1720=EDGE_CURVE('',#1359,#1347,#622,.T.);
#1721=EDGE_CURVE('',#1346,#1358,#623,.T.);
#1722=EDGE_CURVE('',#1359,#1360,#624,.T.);
#1723=EDGE_CURVE('',#1348,#1360,#17,.T.);
#1724=EDGE_CURVE('',#1361,#1358,#625,.T.);
#1725=EDGE_CURVE('',#1341,#1361,#626,.T.);
#1726=EDGE_CURVE('',#1362,#1340,#83,.T.);
#1727=EDGE_CURVE('',#1362,#1363,#627,.T.);
#1728=EDGE_CURVE('',#1360,#1363,#18,.T.);
#1729=EDGE_CURVE('',#1350,#1362,#628,.T.);
#1730=EDGE_CURVE('',#1364,#1365,#629,.T.);
#1731=EDGE_CURVE('',#1366,#1365,#630,.T.);
#1732=EDGE_CURVE('',#1366,#1367,#631,.T.);
#1733=EDGE_CURVE('',#1367,#1368,#632,.T.);
#1734=EDGE_CURVE('',#1369,#1368,#633,.T.);
#1735=EDGE_CURVE('',#1364,#1369,#634,.T.);
#1736=EDGE_CURVE('',#1370,#1366,#635,.T.);
#1737=EDGE_CURVE('',#1370,#1371,#636,.T.);
#1738=EDGE_CURVE('',#1371,#1367,#637,.T.);
#1739=EDGE_CURVE('',#1372,#1370,#638,.T.);
#1740=EDGE_CURVE('',#1372,#1373,#639,.T.);
#1741=EDGE_CURVE('',#1374,#1373,#640,.T.);
#1742=EDGE_CURVE('',#1375,#1374,#641,.T.);
#1743=EDGE_CURVE('',#1375,#1371,#642,.T.);
#1744=EDGE_CURVE('',#1373,#1364,#643,.T.);
#1745=EDGE_CURVE('',#1365,#1372,#644,.T.);
#1746=EDGE_CURVE('',#1376,#1369,#645,.T.);
#1747=EDGE_CURVE('',#1377,#1376,#646,.T.);
#1748=EDGE_CURVE('',#1378,#1377,#647,.T.);
#1749=EDGE_CURVE('',#1378,#1379,#648,.T.);
#1750=EDGE_CURVE('',#1380,#1379,#649,.T.);
#1751=EDGE_CURVE('',#1380,#1381,#650,.T.);
#1752=EDGE_CURVE('',#1382,#1381,#651,.T.);
#1753=EDGE_CURVE('',#1382,#1383,#652,.T.);
#1754=EDGE_CURVE('',#1384,#1383,#653,.T.);
#1755=EDGE_CURVE('',#1385,#1384,#654,.T.);
#1756=EDGE_CURVE('',#1386,#1385,#655,.T.);
#1757=EDGE_CURVE('',#1386,#1387,#656,.T.);
#1758=EDGE_CURVE('',#1387,#1388,#657,.T.);
#1759=EDGE_CURVE('',#1388,#1389,#658,.T.);
#1760=EDGE_CURVE('',#1389,#1390,#659,.T.);
#1761=EDGE_CURVE('',#1390,#1391,#660,.T.);
#1762=EDGE_CURVE('',#1391,#1392,#661,.T.);
#1763=EDGE_CURVE('',#1393,#1392,#662,.T.);
#1764=EDGE_CURVE('',#1393,#1394,#663,.T.);
#1765=EDGE_CURVE('',#1374,#1394,#664,.T.);
#1766=EDGE_CURVE('',#1394,#1395,#665,.T.);
#1767=EDGE_CURVE('',#1395,#1396,#666,.T.);
#1768=EDGE_CURVE('',#1397,#1396,#667,.T.);
#1769=EDGE_CURVE('',#1398,#1397,#668,.T.);
#1770=EDGE_CURVE('',#1399,#1398,#669,.T.);
#1771=EDGE_CURVE('',#1375,#1399,#670,.T.);
#1772=EDGE_CURVE('',#1380,#1400,#671,.T.);
#1773=EDGE_CURVE('',#1379,#1401,#672,.T.);
#1774=EDGE_CURVE('',#1402,#1401,#673,.T.);
#1775=EDGE_CURVE('',#1402,#1376,#674,.T.);
#1776=EDGE_CURVE('',#1368,#1400,#675,.T.);
#1777=EDGE_CURVE('',#1403,#1404,#676,.T.);
#1778=EDGE_CURVE('',#1403,#1405,#677,.T.);
#1779=EDGE_CURVE('',#1405,#1406,#678,.T.);
#1780=EDGE_CURVE('',#1406,#1404,#679,.T.);
#1781=EDGE_CURVE('',#1387,#1407,#680,.T.);
#1782=EDGE_CURVE('',#1408,#1407,#681,.T.);
#1783=EDGE_CURVE('',#1408,#1388,#682,.T.);
#1784=EDGE_CURVE('',#1407,#1409,#683,.T.);
#1785=EDGE_CURVE('',#1410,#1409,#684,.T.);
#1786=EDGE_CURVE('',#1410,#1408,#685,.T.);
#1787=EDGE_CURVE('',#1352,#1410,#686,.T.);
#1788=EDGE_CURVE('',#1386,#1409,#687,.T.);
#1789=EDGE_CURVE('',#1353,#1385,#688,.T.);
#1790=EDGE_CURVE('',#1411,#1393,#689,.T.);
#1791=EDGE_CURVE('',#1392,#1412,#690,.T.);
#1792=EDGE_CURVE('',#1412,#1413,#691,.T.);
#1793=EDGE_CURVE('',#1413,#1414,#692,.T.);
#1794=EDGE_CURVE('',#1414,#1411,#693,.T.);
#1795=EDGE_CURVE('',#1395,#1411,#694,.T.);
#1796=EDGE_CURVE('',#1414,#1396,#695,.T.);
#1797=EDGE_CURVE('',#1343,#1399,#696,.T.);
#1798=EDGE_CURVE('',#1342,#1415,#697,.T.);
#1799=EDGE_CURVE('',#1416,#1415,#698,.T.);
#1800=EDGE_CURVE('',#1417,#1416,#699,.T.);
#1801=EDGE_CURVE('',#1418,#1417,#700,.T.);
#1802=EDGE_CURVE('',#1419,#1418,#701,.T.);
#1803=EDGE_CURVE('',#1420,#1419,#702,.T.);
#1804=EDGE_CURVE('',#1421,#1420,#703,.T.);
#1805=EDGE_CURVE('',#1421,#1422,#704,.T.);
#1806=EDGE_CURVE('',#1422,#1423,#705,.T.);
#1807=EDGE_CURVE('',#1423,#1400,#706,.T.);
#1808=EDGE_CURVE('',#1381,#1423,#707,.T.);
#1809=EDGE_CURVE('',#1424,#1398,#708,.T.);
#1810=EDGE_CURVE('',#1397,#1425,#709,.T.);
#1811=EDGE_CURVE('',#1425,#1424,#710,.T.);
#1812=EDGE_CURVE('',#1390,#1424,#711,.T.);
#1813=EDGE_CURVE('',#1351,#1389,#712,.T.);
#1814=EDGE_CURVE('',#1413,#1426,#713,.T.);
#1815=EDGE_CURVE('',#1425,#1426,#714,.T.);
#1816=EDGE_CURVE('',#1412,#1427,#715,.T.);
#1817=EDGE_CURVE('',#1426,#1427,#716,.T.);
#1818=EDGE_CURVE('',#1405,#1419,#717,.T.);
#1819=EDGE_CURVE('',#1403,#1420,#718,.T.);
#1820=EDGE_CURVE('',#1406,#1418,#719,.T.);
#1821=EDGE_CURVE('',#1404,#1417,#720,.T.);
#1822=EDGE_CURVE('',#1415,#1361,#84,.T.);
#1823=EDGE_CURVE('',#1428,#1429,#721,.T.);
#1824=EDGE_CURVE('',#1428,#1430,#722,.T.);
#1825=EDGE_CURVE('',#1431,#1430,#723,.T.);
#1826=EDGE_CURVE('',#1429,#1431,#724,.T.);
#1827=EDGE_CURVE('',#1432,#1429,#725,.T.);
#1828=EDGE_CURVE('',#1433,#1432,#726,.T.);
#1829=EDGE_CURVE('',#1433,#1428,#727,.T.);
#1830=EDGE_CURVE('',#1434,#1433,#728,.T.);
#1831=EDGE_CURVE('',#1435,#1432,#729,.T.);
#1832=EDGE_CURVE('',#1434,#1435,#730,.T.);
#1833=EDGE_CURVE('',#1436,#1434,#731,.T.);
#1834=EDGE_CURVE('',#1437,#1435,#732,.T.);
#1835=EDGE_CURVE('',#1436,#1437,#733,.T.);
#1836=EDGE_CURVE('',#1384,#1416,#85,.T.);
#1837=EDGE_CURVE('',#1383,#1421,#734,.T.);
#1838=EDGE_CURVE('',#1382,#1422,#735,.T.);
#1839=EDGE_CURVE('',#1377,#1436,#736,.T.);
#1840=EDGE_CURVE('',#1378,#1437,#737,.T.);
#1841=EDGE_CURVE('',#1427,#1391,#738,.T.);
#1842=EDGE_CURVE('',#1430,#1402,#739,.T.);
#1843=EDGE_CURVE('',#1401,#1431,#740,.T.);
#1844=EDGE_CURVE('',#1363,#1349,#19,.T.);
#1845=EDGE_CURVE('',#1438,#1439,#741,.T.);
#1846=EDGE_CURVE('',#1440,#1438,#742,.T.);
#1847=EDGE_CURVE('',#1440,#1441,#743,.T.);
#1848=EDGE_CURVE('',#1441,#1442,#744,.T.);
#1849=EDGE_CURVE('',#1442,#1443,#745,.T.);
#1850=EDGE_CURVE('',#1443,#1444,#746,.T.);
#1851=EDGE_CURVE('',#1444,#1439,#747,.T.);
#1852=EDGE_CURVE('',#1445,#1446,#748,.T.);
#1853=EDGE_CURVE('',#1445,#1447,#749,.T.);
#1854=EDGE_CURVE('',#1442,#1447,#750,.T.);
#1855=EDGE_CURVE('',#1441,#1448,#751,.T.);
#1856=EDGE_CURVE('',#1448,#1446,#752,.T.);
#1857=EDGE_CURVE('',#1449,#1450,#753,.T.);
#1858=EDGE_CURVE('',#1450,#1446,#754,.T.);
#1859=EDGE_CURVE('',#1448,#1449,#755,.T.);
#1860=EDGE_CURVE('',#1451,#1452,#20,.T.);
#1861=EDGE_CURVE('',#1453,#1451,#21,.F.);
#1862=EDGE_CURVE('',#1453,#1454,#53,.T.);
#1863=EDGE_CURVE('',#1454,#1455,#22,.T.);
#1864=EDGE_CURVE('',#1456,#1455,#86,.T.);
#1865=EDGE_CURVE('',#1456,#1457,#23,.T.);
#1866=EDGE_CURVE('',#1457,#1452,#24,.T.);
#1867=EDGE_CURVE('',#1458,#1459,#25,.F.);
#1868=EDGE_CURVE('',#1458,#1460,#26,.T.);
#1869=EDGE_CURVE('',#1460,#1456,#27,.T.);
#1870=EDGE_CURVE('',#1455,#1459,#28,.T.);
#1871=EDGE_CURVE('',#1453,#1461,#756,.T.);
#1872=EDGE_CURVE('',#1450,#1461,#757,.T.);
#1873=EDGE_CURVE('',#1462,#1449,#758,.T.);
#1874=EDGE_CURVE('',#1463,#1462,#759,.T.);
#1875=EDGE_CURVE('',#1464,#1463,#760,.T.);
#1876=EDGE_CURVE('',#1465,#1464,#761,.T.);
#1877=EDGE_CURVE('',#1465,#1466,#762,.T.);
#1878=EDGE_CURVE('',#1466,#1467,#763,.T.);
#1879=EDGE_CURVE('',#1468,#1467,#764,.T.);
#1880=EDGE_CURVE('',#1469,#1468,#765,.T.);
#1881=EDGE_CURVE('',#1470,#1469,#766,.T.);
#1882=EDGE_CURVE('',#1470,#1459,#767,.T.);
#1883=EDGE_CURVE('',#1471,#1440,#768,.T.);
#1884=EDGE_CURVE('',#1472,#1440,#769,.T.);
#1885=EDGE_CURVE('',#1472,#1473,#770,.T.);
#1886=EDGE_CURVE('',#1471,#1473,#771,.T.);
#1887=EDGE_CURVE('',#1474,#1475,#772,.T.);
#1888=EDGE_CURVE('',#1476,#1475,#773,.T.);
#1889=EDGE_CURVE('',#1477,#1476,#774,.T.);
#1890=EDGE_CURVE('',#1474,#1477,#775,.T.);
#1891=EDGE_CURVE('',#1463,#1473,#776,.T.);
#1892=EDGE_CURVE('',#1471,#1462,#777,.T.);
#1893=EDGE_CURVE('',#1469,#1475,#778,.T.);
#1894=EDGE_CURVE('',#1476,#1468,#779,.T.);
#1895=EDGE_CURVE('',#1478,#1474,#780,.T.);
#1896=EDGE_CURVE('',#1478,#1479,#781,.F.);
#1897=EDGE_CURVE('',#1470,#1479,#782,.T.);
#1898=EDGE_CURVE('',#1480,#1481,#87,.T.);
#1899=EDGE_CURVE('',#1482,#1481,#88,.T.);
#1900=EDGE_CURVE('',#1481,#1480,#89,.T.);
#1901=EDGE_CURVE('',#1460,#1480,#90,.T.);
#1902=EDGE_CURVE('',#1458,#1451,#29,.T.);
#1903=EDGE_CURVE('',#1483,#1484,#783,.T.);
#1904=EDGE_CURVE('',#1483,#1485,#784,.T.);
#1905=EDGE_CURVE('',#1486,#1485,#785,.T.);
#1906=EDGE_CURVE('',#1484,#1486,#786,.T.);
#1907=EDGE_CURVE('',#1487,#1483,#787,.T.);
#1908=EDGE_CURVE('',#1484,#1488,#788,.T.);
#1909=EDGE_CURVE('',#1488,#1478,#789,.T.);
#1910=EDGE_CURVE('',#1489,#1474,#790,.T.);
#1911=EDGE_CURVE('',#1490,#1489,#791,.T.);
#1912=EDGE_CURVE('',#1490,#1487,#792,.T.);
#1913=EDGE_CURVE('',#1491,#1445,#793,.T.);
#1914=EDGE_CURVE('',#1492,#1491,#794,.T.);
#1915=EDGE_CURVE('',#1493,#1492,#795,.T.);
#1916=EDGE_CURVE('',#1493,#1447,#796,.T.);
#1917=EDGE_CURVE('',#1443,#1493,#797,.T.);
#1918=EDGE_CURVE('',#1494,#1487,#798,.T.);
#1919=EDGE_CURVE('',#1494,#1485,#799,.T.);
#1920=EDGE_CURVE('',#1495,#1490,#800,.T.);
#1921=EDGE_CURVE('',#1495,#1494,#801,.T.);
#1922=EDGE_CURVE('',#1461,#1496,#802,.T.);
#1923=EDGE_CURVE('',#1497,#1496,#803,.T.);
#1924=EDGE_CURVE('',#1495,#1497,#804,.T.);
#1925=EDGE_CURVE('',#1438,#1489,#805,.T.);
#1926=EDGE_CURVE('',#1491,#1439,#806,.T.);
#1927=EDGE_CURVE('',#1497,#1486,#807,.T.);
#1928=EDGE_CURVE('',#1492,#1444,#808,.T.);
#1929=EDGE_CURVE('',#1498,#1488,#809,.T.);
#1930=EDGE_CURVE('',#1498,#1496,#810,.T.);
#1931=EDGE_CURVE('',#1479,#1498,#811,.T.);
#1932=EDGE_CURVE('',#1499,#1472,#812,.T.);
#1933=EDGE_CURVE('',#1500,#1499,#813,.T.);
#1934=EDGE_CURVE('',#1464,#1500,#814,.T.);
#1935=EDGE_CURVE('',#1466,#1501,#815,.T.);
#1936=EDGE_CURVE('',#1501,#1502,#816,.T.);
#1937=EDGE_CURVE('',#1502,#1467,#817,.T.);
#1938=EDGE_CURVE('',#1477,#1503,#818,.T.);
#1939=EDGE_CURVE('',#1503,#1504,#819,.T.);
#1940=EDGE_CURVE('',#1504,#1472,#820,.T.);
#1941=EDGE_CURVE('',#1505,#1502,#821,.T.);
#1942=EDGE_CURVE('',#1477,#1505,#822,.T.);
#1943=EDGE_CURVE('',#1506,#1504,#823,.T.);
#1944=EDGE_CURVE('',#1506,#1499,#824,.T.);
#1945=EDGE_CURVE('',#1507,#1506,#825,.T.);
#1946=EDGE_CURVE('',#1500,#1507,#826,.T.);
#1947=EDGE_CURVE('',#1505,#1508,#827,.T.);
#1948=EDGE_CURVE('',#1508,#1503,#828,.T.);
#1949=EDGE_CURVE('',#1508,#1501,#829,.T.);
#1950=EDGE_CURVE('',#1507,#1465,#830,.T.);
#1951=ORIENTED_EDGE('',*,*,#1509,.F.);
#1952=ORIENTED_EDGE('',*,*,#1510,.T.);
#1953=ORIENTED_EDGE('',*,*,#1511,.F.);
#1954=ORIENTED_EDGE('',*,*,#1512,.F.);
#1955=ORIENTED_EDGE('',*,*,#1513,.F.);
#1956=ORIENTED_EDGE('',*,*,#1514,.F.);
#1957=ORIENTED_EDGE('',*,*,#1515,.F.);
#1958=ORIENTED_EDGE('',*,*,#1516,.T.);
#1959=ORIENTED_EDGE('',*,*,#1517,.F.);
#1960=ORIENTED_EDGE('',*,*,#1518,.T.);
#1961=ORIENTED_EDGE('',*,*,#1519,.T.);
#1962=ORIENTED_EDGE('',*,*,#1520,.F.);
#1963=ORIENTED_EDGE('',*,*,#1521,.T.);
#1964=ORIENTED_EDGE('',*,*,#1522,.F.);
#1965=ORIENTED_EDGE('',*,*,#1516,.F.);
#1966=ORIENTED_EDGE('',*,*,#1523,.F.);
#1967=ORIENTED_EDGE('',*,*,#1524,.T.);
#1968=ORIENTED_EDGE('',*,*,#1525,.F.);
#1969=ORIENTED_EDGE('',*,*,#1526,.F.);
#1970=ORIENTED_EDGE('',*,*,#1527,.F.);
#1971=ORIENTED_EDGE('',*,*,#1528,.F.);
#1972=ORIENTED_EDGE('',*,*,#1521,.F.);
#1973=ORIENTED_EDGE('',*,*,#1529,.T.);
#1974=ORIENTED_EDGE('',*,*,#1530,.T.);
#1975=ORIENTED_EDGE('',*,*,#1531,.F.);
#1976=ORIENTED_EDGE('',*,*,#1525,.T.);
#1977=ORIENTED_EDGE('',*,*,#1532,.T.);
#1978=ORIENTED_EDGE('',*,*,#1532,.F.);
#1979=ORIENTED_EDGE('',*,*,#1524,.F.);
#1980=ORIENTED_EDGE('',*,*,#1533,.F.);
#1981=ORIENTED_EDGE('',*,*,#1534,.T.);
#1982=ORIENTED_EDGE('',*,*,#1535,.F.);
#1983=ORIENTED_EDGE('',*,*,#1536,.F.);
#1984=ORIENTED_EDGE('',*,*,#1515,.T.);
#1985=ORIENTED_EDGE('',*,*,#1537,.T.);
#1986=ORIENTED_EDGE('',*,*,#1538,.T.);
#1987=ORIENTED_EDGE('',*,*,#1533,.T.);
#1988=ORIENTED_EDGE('',*,*,#1523,.T.);
#1989=ORIENTED_EDGE('',*,*,#1520,.T.);
#1990=ORIENTED_EDGE('',*,*,#1539,.F.);
#1991=ORIENTED_EDGE('',*,*,#1540,.F.);
#1992=ORIENTED_EDGE('',*,*,#1541,.F.);
#1993=ORIENTED_EDGE('',*,*,#1527,.T.);
#1994=ORIENTED_EDGE('',*,*,#1542,.F.);
#1995=ORIENTED_EDGE('',*,*,#1513,.T.);
#1996=ORIENTED_EDGE('',*,*,#1543,.F.);
#1997=ORIENTED_EDGE('',*,*,#1544,.F.);
#1998=ORIENTED_EDGE('',*,*,#1511,.T.);
#1999=ORIENTED_EDGE('',*,*,#1545,.F.);
#2000=ORIENTED_EDGE('',*,*,#1518,.F.);
#2001=ORIENTED_EDGE('',*,*,#1546,.F.);
#2002=ORIENTED_EDGE('',*,*,#1540,.T.);
#2003=ORIENTED_EDGE('',*,*,#1547,.F.);
#2004=ORIENTED_EDGE('',*,*,#1544,.T.);
#2005=ORIENTED_EDGE('',*,*,#1548,.T.);
#2006=ORIENTED_EDGE('',*,*,#1549,.T.);
#2007=ORIENTED_EDGE('',*,*,#1550,.T.);
#2008=ORIENTED_EDGE('',*,*,#1551,.T.);
#2009=ORIENTED_EDGE('',*,*,#1552,.T.);
#2010=ORIENTED_EDGE('',*,*,#1553,.F.);
#2011=ORIENTED_EDGE('',*,*,#1554,.T.);
#2012=ORIENTED_EDGE('',*,*,#1555,.F.);
#2013=ORIENTED_EDGE('',*,*,#1554,.F.);
#2014=ORIENTED_EDGE('',*,*,#1556,.F.);
#2015=ORIENTED_EDGE('',*,*,#1557,.T.);
#2016=ORIENTED_EDGE('',*,*,#1558,.F.);
#2017=ORIENTED_EDGE('',*,*,#1557,.F.);
#2018=ORIENTED_EDGE('',*,*,#1552,.F.);
#2019=ORIENTED_EDGE('',*,*,#1559,.F.);
#2020=ORIENTED_EDGE('',*,*,#1560,.F.);
#2021=ORIENTED_EDGE('',*,*,#1561,.F.);
#2022=ORIENTED_EDGE('',*,*,#1562,.F.);
#2023=ORIENTED_EDGE('',*,*,#1563,.F.);
#2024=ORIENTED_EDGE('',*,*,#1564,.T.);
#2025=ORIENTED_EDGE('',*,*,#1558,.T.);
#2026=ORIENTED_EDGE('',*,*,#1561,.T.);
#2027=ORIENTED_EDGE('',*,*,#1565,.T.);
#2028=ORIENTED_EDGE('',*,*,#1566,.T.);
#2029=ORIENTED_EDGE('',*,*,#1567,.F.);
#2030=ORIENTED_EDGE('',*,*,#1560,.T.);
#2031=ORIENTED_EDGE('',*,*,#1568,.T.);
#2032=ORIENTED_EDGE('',*,*,#1569,.T.);
#2033=ORIENTED_EDGE('',*,*,#1565,.F.);
#2034=ORIENTED_EDGE('',*,*,#1559,.T.);
#2035=ORIENTED_EDGE('',*,*,#1551,.F.);
#2036=ORIENTED_EDGE('',*,*,#1570,.T.);
#2037=ORIENTED_EDGE('',*,*,#1568,.F.);
#2038=ORIENTED_EDGE('',*,*,#1564,.F.);
#2039=ORIENTED_EDGE('',*,*,#1571,.T.);
#2040=ORIENTED_EDGE('',*,*,#1572,.T.);
#2041=ORIENTED_EDGE('',*,*,#1549,.F.);
#2042=ORIENTED_EDGE('',*,*,#1563,.T.);
#2043=ORIENTED_EDGE('',*,*,#1573,.T.);
#2044=ORIENTED_EDGE('',*,*,#1574,.T.);
#2045=ORIENTED_EDGE('',*,*,#1571,.F.);
#2046=ORIENTED_EDGE('',*,*,#1562,.T.);
#2047=ORIENTED_EDGE('',*,*,#1567,.T.);
#2048=ORIENTED_EDGE('',*,*,#1575,.T.);
#2049=ORIENTED_EDGE('',*,*,#1573,.F.);
#2050=ORIENTED_EDGE('',*,*,#1550,.F.);
#2051=ORIENTED_EDGE('',*,*,#1572,.F.);
#2052=ORIENTED_EDGE('',*,*,#1574,.F.);
#2053=ORIENTED_EDGE('',*,*,#1575,.F.);
#2054=ORIENTED_EDGE('',*,*,#1566,.F.);
#2055=ORIENTED_EDGE('',*,*,#1569,.F.);
#2056=ORIENTED_EDGE('',*,*,#1570,.F.);
#2057=ORIENTED_EDGE('',*,*,#1553,.T.);
#2058=ORIENTED_EDGE('',*,*,#1541,.T.);
#2059=ORIENTED_EDGE('',*,*,#1548,.F.);
#2060=ORIENTED_EDGE('',*,*,#1543,.T.);
#2061=ORIENTED_EDGE('',*,*,#1512,.T.);
#2062=ORIENTED_EDGE('',*,*,#1546,.T.);
#2063=ORIENTED_EDGE('',*,*,#1517,.T.);
#2064=ORIENTED_EDGE('',*,*,#1522,.T.);
#2065=ORIENTED_EDGE('',*,*,#1528,.T.);
#2066=ORIENTED_EDGE('',*,*,#1556,.T.);
#2067=ORIENTED_EDGE('',*,*,#1545,.T.);
#2068=ORIENTED_EDGE('',*,*,#1576,.T.);
#2069=ORIENTED_EDGE('',*,*,#1577,.F.);
#2070=ORIENTED_EDGE('',*,*,#1578,.T.);
#2071=ORIENTED_EDGE('',*,*,#1579,.F.);
#2072=ORIENTED_EDGE('',*,*,#1580,.F.);
#2073=ORIENTED_EDGE('',*,*,#1581,.F.);
#2074=ORIENTED_EDGE('',*,*,#1582,.F.);
#2075=ORIENTED_EDGE('',*,*,#1583,.F.);
#2076=ORIENTED_EDGE('',*,*,#1584,.F.);
#2077=ORIENTED_EDGE('',*,*,#1585,.T.);
#2078=ORIENTED_EDGE('',*,*,#1586,.F.);
#2079=ORIENTED_EDGE('',*,*,#1576,.F.);
#2080=ORIENTED_EDGE('',*,*,#1510,.F.);
#2081=ORIENTED_EDGE('',*,*,#1587,.T.);
#2082=ORIENTED_EDGE('',*,*,#1588,.F.);
#2083=ORIENTED_EDGE('',*,*,#1589,.F.);
#2084=ORIENTED_EDGE('',*,*,#1590,.T.);
#2085=ORIENTED_EDGE('',*,*,#1591,.F.);
#2086=ORIENTED_EDGE('',*,*,#1592,.T.);
#2087=ORIENTED_EDGE('',*,*,#1584,.T.);
#2088=ORIENTED_EDGE('',*,*,#1593,.T.);
#2089=ORIENTED_EDGE('',*,*,#1594,.F.);
#2090=ORIENTED_EDGE('',*,*,#1595,.F.);
#2091=ORIENTED_EDGE('',*,*,#1596,.F.);
#2092=ORIENTED_EDGE('',*,*,#1597,.F.);
#2093=ORIENTED_EDGE('',*,*,#1598,.F.);
#2094=ORIENTED_EDGE('',*,*,#1599,.T.);
#2095=ORIENTED_EDGE('',*,*,#1535,.T.);
#2096=ORIENTED_EDGE('',*,*,#1600,.T.);
#2097=ORIENTED_EDGE('',*,*,#1589,.T.);
#2098=ORIENTED_EDGE('',*,*,#1601,.F.);
#2099=ORIENTED_EDGE('',*,*,#1537,.F.);
#2100=ORIENTED_EDGE('',*,*,#1519,.F.);
#2101=ORIENTED_EDGE('',*,*,#1578,.F.);
#2102=ORIENTED_EDGE('',*,*,#1602,.F.);
#2103=ORIENTED_EDGE('',*,*,#1603,.F.);
#2104=ORIENTED_EDGE('',*,*,#1604,.F.);
#2105=ORIENTED_EDGE('',*,*,#1587,.F.);
#2106=ORIENTED_EDGE('',*,*,#1602,.T.);
#2107=ORIENTED_EDGE('',*,*,#1577,.T.);
#2108=ORIENTED_EDGE('',*,*,#1586,.T.);
#2109=ORIENTED_EDGE('',*,*,#1605,.T.);
#2110=ORIENTED_EDGE('',*,*,#1599,.F.);
#2111=ORIENTED_EDGE('',*,*,#1606,.F.);
#2112=ORIENTED_EDGE('',*,*,#1607,.F.);
#2113=ORIENTED_EDGE('',*,*,#1608,.F.);
#2114=ORIENTED_EDGE('',*,*,#1529,.F.);
#2115=ORIENTED_EDGE('',*,*,#1536,.T.);
#2116=ORIENTED_EDGE('',*,*,#1593,.F.);
#2117=ORIENTED_EDGE('',*,*,#1583,.T.);
#2118=ORIENTED_EDGE('',*,*,#1609,.F.);
#2119=ORIENTED_EDGE('',*,*,#1610,.F.);
#2120=ORIENTED_EDGE('',*,*,#1611,.F.);
#2121=ORIENTED_EDGE('',*,*,#1612,.F.);
#2122=ORIENTED_EDGE('',*,*,#1613,.F.);
#2123=ORIENTED_EDGE('',*,*,#1609,.T.);
#2124=ORIENTED_EDGE('',*,*,#1582,.T.);
#2125=ORIENTED_EDGE('',*,*,#1614,.F.);
#2126=ORIENTED_EDGE('',*,*,#1615,.F.);
#2127=ORIENTED_EDGE('',*,*,#1614,.T.);
#2128=ORIENTED_EDGE('',*,*,#1581,.T.);
#2129=ORIENTED_EDGE('',*,*,#1616,.F.);
#2130=ORIENTED_EDGE('',*,*,#1617,.F.);
#2131=ORIENTED_EDGE('',*,*,#1616,.T.);
#2132=ORIENTED_EDGE('',*,*,#1580,.T.);
#2133=ORIENTED_EDGE('',*,*,#1618,.F.);
#2134=ORIENTED_EDGE('',*,*,#1611,.T.);
#2135=ORIENTED_EDGE('',*,*,#1619,.F.);
#2136=ORIENTED_EDGE('',*,*,#1620,.F.);
#2137=ORIENTED_EDGE('',*,*,#1621,.F.);
#2138=ORIENTED_EDGE('',*,*,#1610,.T.);
#2139=ORIENTED_EDGE('',*,*,#1613,.T.);
#2140=ORIENTED_EDGE('',*,*,#1615,.T.);
#2141=ORIENTED_EDGE('',*,*,#1617,.T.);
#2142=ORIENTED_EDGE('',*,*,#1622,.T.);
#2143=ORIENTED_EDGE('',*,*,#1623,.T.);
#2144=ORIENTED_EDGE('',*,*,#1530,.F.);
#2145=ORIENTED_EDGE('',*,*,#1608,.T.);
#2146=ORIENTED_EDGE('',*,*,#1624,.F.);
#2147=ORIENTED_EDGE('',*,*,#1625,.T.);
#2148=ORIENTED_EDGE('',*,*,#1619,.T.);
#2149=ORIENTED_EDGE('',*,*,#1509,.T.);
#2150=ORIENTED_EDGE('',*,*,#1626,.T.);
#2151=ORIENTED_EDGE('',*,*,#1622,.F.);
#2152=ORIENTED_EDGE('',*,*,#1618,.T.);
#2153=ORIENTED_EDGE('',*,*,#1579,.T.);
#2154=ORIENTED_EDGE('',*,*,#1607,.T.);
#2155=ORIENTED_EDGE('',*,*,#1627,.T.);
#2156=ORIENTED_EDGE('',*,*,#1628,.T.);
#2157=ORIENTED_EDGE('',*,*,#1624,.T.);
#2158=ORIENTED_EDGE('',*,*,#1603,.T.);
#2159=ORIENTED_EDGE('',*,*,#1605,.F.);
#2160=ORIENTED_EDGE('',*,*,#1585,.F.);
#2161=ORIENTED_EDGE('',*,*,#1592,.F.);
#2162=ORIENTED_EDGE('',*,*,#1629,.F.);
#2163=ORIENTED_EDGE('',*,*,#1601,.T.);
#2164=ORIENTED_EDGE('',*,*,#1590,.F.);
#2165=ORIENTED_EDGE('',*,*,#1600,.F.);
#2166=ORIENTED_EDGE('',*,*,#1534,.F.);
#2167=ORIENTED_EDGE('',*,*,#1538,.F.);
#2168=ORIENTED_EDGE('',*,*,#1588,.T.);
#2169=ORIENTED_EDGE('',*,*,#1604,.T.);
#2170=ORIENTED_EDGE('',*,*,#1629,.T.);
#2171=ORIENTED_EDGE('',*,*,#1591,.T.);
#2172=ORIENTED_EDGE('',*,*,#1612,.T.);
#2173=ORIENTED_EDGE('',*,*,#1621,.T.);
#2174=ORIENTED_EDGE('',*,*,#1630,.T.);
#2175=ORIENTED_EDGE('',*,*,#1594,.T.);
#2176=ORIENTED_EDGE('',*,*,#1526,.T.);
#2177=ORIENTED_EDGE('',*,*,#1531,.T.);
#2178=ORIENTED_EDGE('',*,*,#1623,.F.);
#2179=ORIENTED_EDGE('',*,*,#1626,.F.);
#2180=ORIENTED_EDGE('',*,*,#1514,.T.);
#2181=ORIENTED_EDGE('',*,*,#1542,.T.);
#2182=ORIENTED_EDGE('',*,*,#1547,.T.);
#2183=ORIENTED_EDGE('',*,*,#1539,.T.);
#2184=ORIENTED_EDGE('',*,*,#1555,.T.);
#2185=ORIENTED_EDGE('',*,*,#1606,.T.);
#2186=ORIENTED_EDGE('',*,*,#1598,.T.);
#2187=ORIENTED_EDGE('',*,*,#1631,.F.);
#2188=ORIENTED_EDGE('',*,*,#1627,.F.);
#2189=ORIENTED_EDGE('',*,*,#1632,.F.);
#2190=ORIENTED_EDGE('',*,*,#1596,.T.);
#2191=ORIENTED_EDGE('',*,*,#1630,.F.);
#2192=ORIENTED_EDGE('',*,*,#1620,.T.);
#2193=ORIENTED_EDGE('',*,*,#1625,.F.);
#2194=ORIENTED_EDGE('',*,*,#1628,.F.);
#2195=ORIENTED_EDGE('',*,*,#1631,.T.);
#2196=ORIENTED_EDGE('',*,*,#1597,.T.);
#2197=ORIENTED_EDGE('',*,*,#1632,.T.);
#2198=ORIENTED_EDGE('',*,*,#1595,.T.);
#2199=ORIENTED_EDGE('',*,*,#1633,.F.);
#2200=ORIENTED_EDGE('',*,*,#1634,.T.);
#2201=ORIENTED_EDGE('',*,*,#1635,.F.);
#2202=ORIENTED_EDGE('',*,*,#1634,.F.);
#2203=ORIENTED_EDGE('',*,*,#1636,.F.);
#2204=ORIENTED_EDGE('',*,*,#1635,.T.);
#2205=ORIENTED_EDGE('',*,*,#1637,.T.);
#2206=ORIENTED_EDGE('',*,*,#1638,.F.);
#2207=ORIENTED_EDGE('',*,*,#1639,.T.);
#2208=ORIENTED_EDGE('',*,*,#1640,.F.);
#2209=ORIENTED_EDGE('',*,*,#1641,.T.);
#2210=ORIENTED_EDGE('',*,*,#1639,.F.);
#2211=ORIENTED_EDGE('',*,*,#1641,.F.);
#2212=ORIENTED_EDGE('',*,*,#1642,.F.);
#2213=ORIENTED_EDGE('',*,*,#1638,.T.);
#2214=ORIENTED_EDGE('',*,*,#1643,.T.);
#2215=ORIENTED_EDGE('',*,*,#1643,.F.);
#2216=ORIENTED_EDGE('',*,*,#1644,.T.);
#2217=ORIENTED_EDGE('',*,*,#1645,.F.);
#2218=ORIENTED_EDGE('',*,*,#1646,.F.);
#2219=ORIENTED_EDGE('',*,*,#1647,.T.);
#2220=ORIENTED_EDGE('',*,*,#1642,.T.);
#2221=ORIENTED_EDGE('',*,*,#1640,.T.);
#2222=ORIENTED_EDGE('',*,*,#1647,.F.);
#2223=ORIENTED_EDGE('',*,*,#1648,.F.);
#2224=ORIENTED_EDGE('',*,*,#1649,.T.);
#2225=ORIENTED_EDGE('',*,*,#1644,.F.);
#2226=ORIENTED_EDGE('',*,*,#1649,.F.);
#2227=ORIENTED_EDGE('',*,*,#1645,.T.);
#2228=ORIENTED_EDGE('',*,*,#1646,.T.);
#2229=ORIENTED_EDGE('',*,*,#1650,.T.);
#2230=ORIENTED_EDGE('',*,*,#1637,.F.);
#2231=ORIENTED_EDGE('',*,*,#1650,.F.);
#2232=ORIENTED_EDGE('',*,*,#1651,.F.);
#2233=ORIENTED_EDGE('',*,*,#1648,.T.);
#2234=ORIENTED_EDGE('',*,*,#1633,.T.);
#2235=ORIENTED_EDGE('',*,*,#1652,.T.);
#2236=ORIENTED_EDGE('',*,*,#1651,.T.);
#2237=ORIENTED_EDGE('',*,*,#1652,.F.);
#2238=ORIENTED_EDGE('',*,*,#1636,.T.);
#2239=ORIENTED_EDGE('',*,*,#1653,.F.);
#2240=ORIENTED_EDGE('',*,*,#1654,.F.);
#2241=ORIENTED_EDGE('',*,*,#1655,.T.);
#2242=ORIENTED_EDGE('',*,*,#1656,.F.);
#2243=ORIENTED_EDGE('',*,*,#1657,.T.);
#2244=ORIENTED_EDGE('',*,*,#1658,.T.);
#2245=ORIENTED_EDGE('',*,*,#1659,.F.);
#2246=ORIENTED_EDGE('',*,*,#1653,.T.);
#2247=ORIENTED_EDGE('',*,*,#1660,.T.);
#2248=ORIENTED_EDGE('',*,*,#1661,.T.);
#2249=ORIENTED_EDGE('',*,*,#1662,.F.);
#2250=ORIENTED_EDGE('',*,*,#1663,.F.);
#2251=ORIENTED_EDGE('',*,*,#1664,.F.);
#2252=ORIENTED_EDGE('',*,*,#1665,.T.);
#2253=ORIENTED_EDGE('',*,*,#1666,.T.);
#2254=ORIENTED_EDGE('',*,*,#1667,.T.);
#2255=ORIENTED_EDGE('',*,*,#1668,.F.);
#2256=ORIENTED_EDGE('',*,*,#1669,.F.);
#2257=ORIENTED_EDGE('',*,*,#1655,.F.);
#2258=ORIENTED_EDGE('',*,*,#1662,.T.);
#2259=ORIENTED_EDGE('',*,*,#1670,.T.);
#2260=ORIENTED_EDGE('',*,*,#1671,.T.);
#2261=ORIENTED_EDGE('',*,*,#1663,.T.);
#2262=ORIENTED_EDGE('',*,*,#1654,.T.);
#2263=ORIENTED_EDGE('',*,*,#1668,.T.);
#2264=ORIENTED_EDGE('',*,*,#1672,.F.);
#2265=ORIENTED_EDGE('',*,*,#1673,.T.);
#2266=ORIENTED_EDGE('',*,*,#1674,.T.);
#2267=ORIENTED_EDGE('',*,*,#1675,.T.);
#2268=ORIENTED_EDGE('',*,*,#1676,.T.);
#2269=ORIENTED_EDGE('',*,*,#1677,.F.);
#2270=ORIENTED_EDGE('',*,*,#1673,.F.);
#2271=ORIENTED_EDGE('',*,*,#1678,.F.);
#2272=ORIENTED_EDGE('',*,*,#1679,.T.);
#2273=ORIENTED_EDGE('',*,*,#1680,.F.);
#2274=ORIENTED_EDGE('',*,*,#1672,.T.);
#2275=ORIENTED_EDGE('',*,*,#1667,.F.);
#2276=ORIENTED_EDGE('',*,*,#1681,.T.);
#2277=ORIENTED_EDGE('',*,*,#1682,.T.);
#2278=ORIENTED_EDGE('',*,*,#1678,.T.);
#2279=ORIENTED_EDGE('',*,*,#1681,.F.);
#2280=ORIENTED_EDGE('',*,*,#1666,.F.);
#2281=ORIENTED_EDGE('',*,*,#1683,.F.);
#2282=ORIENTED_EDGE('',*,*,#1684,.T.);
#2283=ORIENTED_EDGE('',*,*,#1685,.T.);
#2284=ORIENTED_EDGE('',*,*,#1664,.T.);
#2285=ORIENTED_EDGE('',*,*,#1671,.F.);
#2286=ORIENTED_EDGE('',*,*,#1686,.F.);
#2287=ORIENTED_EDGE('',*,*,#1687,.T.);
#2288=ORIENTED_EDGE('',*,*,#1688,.T.);
#2289=ORIENTED_EDGE('',*,*,#1669,.T.);
#2290=ORIENTED_EDGE('',*,*,#1677,.T.);
#2291=ORIENTED_EDGE('',*,*,#1689,.T.);
#2292=ORIENTED_EDGE('',*,*,#1656,.T.);
#2293=ORIENTED_EDGE('',*,*,#1683,.T.);
#2294=ORIENTED_EDGE('',*,*,#1665,.F.);
#2295=ORIENTED_EDGE('',*,*,#1688,.F.);
#2296=ORIENTED_EDGE('',*,*,#1690,.F.);
#2297=ORIENTED_EDGE('',*,*,#1689,.F.);
#2298=ORIENTED_EDGE('',*,*,#1676,.F.);
#2299=ORIENTED_EDGE('',*,*,#1691,.T.);
#2300=ORIENTED_EDGE('',*,*,#1657,.F.);
#2301=ORIENTED_EDGE('',*,*,#1692,.F.);
#2302=ORIENTED_EDGE('',*,*,#1658,.F.);
#2303=ORIENTED_EDGE('',*,*,#1691,.F.);
#2304=ORIENTED_EDGE('',*,*,#1675,.F.);
#2305=ORIENTED_EDGE('',*,*,#1692,.T.);
#2306=ORIENTED_EDGE('',*,*,#1674,.F.);
#2307=ORIENTED_EDGE('',*,*,#1680,.T.);
#2308=ORIENTED_EDGE('',*,*,#1693,.T.);
#2309=ORIENTED_EDGE('',*,*,#1660,.F.);
#2310=ORIENTED_EDGE('',*,*,#1659,.T.);
#2311=ORIENTED_EDGE('',*,*,#1670,.F.);
#2312=ORIENTED_EDGE('',*,*,#1661,.F.);
#2313=ORIENTED_EDGE('',*,*,#1693,.F.);
#2314=ORIENTED_EDGE('',*,*,#1679,.F.);
#2315=ORIENTED_EDGE('',*,*,#1682,.F.);
#2316=ORIENTED_EDGE('',*,*,#1685,.F.);
#2317=ORIENTED_EDGE('',*,*,#1694,.T.);
#2318=ORIENTED_EDGE('',*,*,#1686,.T.);
#2319=ORIENTED_EDGE('',*,*,#1694,.F.);
#2320=ORIENTED_EDGE('',*,*,#1684,.F.);
#2321=ORIENTED_EDGE('',*,*,#1690,.T.);
#2322=ORIENTED_EDGE('',*,*,#1687,.F.);
#2323=ORIENTED_EDGE('',*,*,#1695,.T.);
#2324=ORIENTED_EDGE('',*,*,#1696,.F.);
#2325=ORIENTED_EDGE('',*,*,#1697,.T.);
#2326=ORIENTED_EDGE('',*,*,#1698,.T.);
#2327=ORIENTED_EDGE('',*,*,#1699,.F.);
#2328=ORIENTED_EDGE('',*,*,#1700,.T.);
#2329=ORIENTED_EDGE('',*,*,#1701,.T.);
#2330=ORIENTED_EDGE('',*,*,#1695,.F.);
#2331=ORIENTED_EDGE('',*,*,#1702,.T.);
#2332=ORIENTED_EDGE('',*,*,#1703,.T.);
#2333=ORIENTED_EDGE('',*,*,#1704,.F.);
#2334=ORIENTED_EDGE('',*,*,#1705,.T.);
#2335=ORIENTED_EDGE('',*,*,#1706,.F.);
#2336=ORIENTED_EDGE('',*,*,#1707,.F.);
#2337=ORIENTED_EDGE('',*,*,#1708,.F.);
#2338=ORIENTED_EDGE('',*,*,#1701,.F.);
#2339=ORIENTED_EDGE('',*,*,#1709,.T.);
#2340=ORIENTED_EDGE('',*,*,#1710,.T.);
#2341=ORIENTED_EDGE('',*,*,#1711,.T.);
#2342=ORIENTED_EDGE('',*,*,#1712,.F.);
#2343=ORIENTED_EDGE('',*,*,#1702,.F.);
#2344=ORIENTED_EDGE('',*,*,#1713,.F.);
#2345=ORIENTED_EDGE('',*,*,#1714,.T.);
#2346=ORIENTED_EDGE('',*,*,#1715,.F.);
#2347=ORIENTED_EDGE('',*,*,#1714,.F.);
#2348=ORIENTED_EDGE('',*,*,#1716,.F.);
#2349=ORIENTED_EDGE('',*,*,#1717,.T.);
#2350=ORIENTED_EDGE('',*,*,#1718,.F.);
#2351=ORIENTED_EDGE('',*,*,#1717,.F.);
#2352=ORIENTED_EDGE('',*,*,#1719,.T.);
#2353=ORIENTED_EDGE('',*,*,#1720,.T.);
#2354=ORIENTED_EDGE('',*,*,#1704,.T.);
#2355=ORIENTED_EDGE('',*,*,#1721,.T.);
#2356=ORIENTED_EDGE('',*,*,#1720,.F.);
#2357=ORIENTED_EDGE('',*,*,#1722,.T.);
#2358=ORIENTED_EDGE('',*,*,#1723,.F.);
#2359=ORIENTED_EDGE('',*,*,#1705,.F.);
#2360=ORIENTED_EDGE('',*,*,#1719,.F.);
#2361=ORIENTED_EDGE('',*,*,#1724,.F.);
#2362=ORIENTED_EDGE('',*,*,#1725,.F.);
#2363=ORIENTED_EDGE('',*,*,#1697,.F.);
#2364=ORIENTED_EDGE('',*,*,#1726,.F.);
#2365=ORIENTED_EDGE('',*,*,#1727,.T.);
#2366=ORIENTED_EDGE('',*,*,#1728,.F.);
#2367=ORIENTED_EDGE('',*,*,#1722,.F.);
#2368=ORIENTED_EDGE('',*,*,#1726,.T.);
#2369=ORIENTED_EDGE('',*,*,#1696,.T.);
#2370=ORIENTED_EDGE('',*,*,#1708,.T.);
#2371=ORIENTED_EDGE('',*,*,#1729,.T.);
#2372=ORIENTED_EDGE('',*,*,#1730,.T.);
#2373=ORIENTED_EDGE('',*,*,#1731,.F.);
#2374=ORIENTED_EDGE('',*,*,#1732,.T.);
#2375=ORIENTED_EDGE('',*,*,#1733,.T.);
#2376=ORIENTED_EDGE('',*,*,#1734,.F.);
#2377=ORIENTED_EDGE('',*,*,#1735,.F.);
#2378=ORIENTED_EDGE('',*,*,#1736,.F.);
#2379=ORIENTED_EDGE('',*,*,#1737,.T.);
#2380=ORIENTED_EDGE('',*,*,#1738,.T.);
#2381=ORIENTED_EDGE('',*,*,#1732,.F.);
#2382=ORIENTED_EDGE('',*,*,#1739,.F.);
#2383=ORIENTED_EDGE('',*,*,#1740,.T.);
#2384=ORIENTED_EDGE('',*,*,#1741,.F.);
#2385=ORIENTED_EDGE('',*,*,#1742,.F.);
#2386=ORIENTED_EDGE('',*,*,#1743,.T.);
#2387=ORIENTED_EDGE('',*,*,#1737,.F.);
#2388=ORIENTED_EDGE('',*,*,#1744,.F.);
#2389=ORIENTED_EDGE('',*,*,#1740,.F.);
#2390=ORIENTED_EDGE('',*,*,#1745,.F.);
#2391=ORIENTED_EDGE('',*,*,#1730,.F.);
#2392=ORIENTED_EDGE('',*,*,#1735,.T.);
#2393=ORIENTED_EDGE('',*,*,#1746,.F.);
#2394=ORIENTED_EDGE('',*,*,#1747,.F.);
#2395=ORIENTED_EDGE('',*,*,#1748,.F.);
#2396=ORIENTED_EDGE('',*,*,#1749,.T.);
#2397=ORIENTED_EDGE('',*,*,#1750,.F.);
#2398=ORIENTED_EDGE('',*,*,#1751,.T.);
#2399=ORIENTED_EDGE('',*,*,#1752,.F.);
#2400=ORIENTED_EDGE('',*,*,#1753,.T.);
#2401=ORIENTED_EDGE('',*,*,#1754,.F.);
#2402=ORIENTED_EDGE('',*,*,#1755,.F.);
#2403=ORIENTED_EDGE('',*,*,#1756,.F.);
#2404=ORIENTED_EDGE('',*,*,#1757,.T.);
#2405=ORIENTED_EDGE('',*,*,#1758,.T.);
#2406=ORIENTED_EDGE('',*,*,#1759,.T.);
#2407=ORIENTED_EDGE('',*,*,#1760,.T.);
#2408=ORIENTED_EDGE('',*,*,#1761,.T.);
#2409=ORIENTED_EDGE('',*,*,#1762,.T.);
#2410=ORIENTED_EDGE('',*,*,#1763,.F.);
#2411=ORIENTED_EDGE('',*,*,#1764,.T.);
#2412=ORIENTED_EDGE('',*,*,#1765,.F.);
#2413=ORIENTED_EDGE('',*,*,#1741,.T.);
#2414=ORIENTED_EDGE('',*,*,#1744,.T.);
#2415=ORIENTED_EDGE('',*,*,#1715,.T.);
#2416=ORIENTED_EDGE('',*,*,#1718,.T.);
#2417=ORIENTED_EDGE('',*,*,#1742,.T.);
#2418=ORIENTED_EDGE('',*,*,#1765,.T.);
#2419=ORIENTED_EDGE('',*,*,#1766,.T.);
#2420=ORIENTED_EDGE('',*,*,#1767,.T.);
#2421=ORIENTED_EDGE('',*,*,#1768,.F.);
#2422=ORIENTED_EDGE('',*,*,#1769,.F.);
#2423=ORIENTED_EDGE('',*,*,#1770,.F.);
#2424=ORIENTED_EDGE('',*,*,#1771,.F.);
#2425=ORIENTED_EDGE('',*,*,#1772,.F.);
#2426=ORIENTED_EDGE('',*,*,#1750,.T.);
#2427=ORIENTED_EDGE('',*,*,#1773,.T.);
#2428=ORIENTED_EDGE('',*,*,#1774,.F.);
#2429=ORIENTED_EDGE('',*,*,#1775,.T.);
#2430=ORIENTED_EDGE('',*,*,#1746,.T.);
#2431=ORIENTED_EDGE('',*,*,#1734,.T.);
#2432=ORIENTED_EDGE('',*,*,#1776,.T.);
#2433=ORIENTED_EDGE('',*,*,#1736,.T.);
#2434=ORIENTED_EDGE('',*,*,#1731,.T.);
#2435=ORIENTED_EDGE('',*,*,#1745,.T.);
#2436=ORIENTED_EDGE('',*,*,#1739,.T.);
#2437=ORIENTED_EDGE('',*,*,#1777,.F.);
#2438=ORIENTED_EDGE('',*,*,#1778,.T.);
#2439=ORIENTED_EDGE('',*,*,#1779,.T.);
#2440=ORIENTED_EDGE('',*,*,#1780,.T.);
#2441=ORIENTED_EDGE('',*,*,#1781,.T.);
#2442=ORIENTED_EDGE('',*,*,#1782,.F.);
#2443=ORIENTED_EDGE('',*,*,#1783,.T.);
#2444=ORIENTED_EDGE('',*,*,#1758,.F.);
#2445=ORIENTED_EDGE('',*,*,#1784,.T.);
#2446=ORIENTED_EDGE('',*,*,#1785,.F.);
#2447=ORIENTED_EDGE('',*,*,#1786,.T.);
#2448=ORIENTED_EDGE('',*,*,#1782,.T.);
#2449=ORIENTED_EDGE('',*,*,#1711,.F.);
#2450=ORIENTED_EDGE('',*,*,#1787,.T.);
#2451=ORIENTED_EDGE('',*,*,#1785,.T.);
#2452=ORIENTED_EDGE('',*,*,#1788,.F.);
#2453=ORIENTED_EDGE('',*,*,#1756,.T.);
#2454=ORIENTED_EDGE('',*,*,#1789,.F.);
#2455=ORIENTED_EDGE('',*,*,#1790,.T.);
#2456=ORIENTED_EDGE('',*,*,#1763,.T.);
#2457=ORIENTED_EDGE('',*,*,#1791,.T.);
#2458=ORIENTED_EDGE('',*,*,#1792,.T.);
#2459=ORIENTED_EDGE('',*,*,#1793,.T.);
#2460=ORIENTED_EDGE('',*,*,#1794,.T.);
#2461=ORIENTED_EDGE('',*,*,#1790,.F.);
#2462=ORIENTED_EDGE('',*,*,#1795,.F.);
#2463=ORIENTED_EDGE('',*,*,#1766,.F.);
#2464=ORIENTED_EDGE('',*,*,#1764,.F.);
#2465=ORIENTED_EDGE('',*,*,#1794,.F.);
#2466=ORIENTED_EDGE('',*,*,#1796,.T.);
#2467=ORIENTED_EDGE('',*,*,#1767,.F.);
#2468=ORIENTED_EDGE('',*,*,#1795,.T.);
#2469=ORIENTED_EDGE('',*,*,#1738,.F.);
#2470=ORIENTED_EDGE('',*,*,#1743,.F.);
#2471=ORIENTED_EDGE('',*,*,#1771,.T.);
#2472=ORIENTED_EDGE('',*,*,#1797,.F.);
#2473=ORIENTED_EDGE('',*,*,#1699,.T.);
#2474=ORIENTED_EDGE('',*,*,#1798,.T.);
#2475=ORIENTED_EDGE('',*,*,#1799,.F.);
#2476=ORIENTED_EDGE('',*,*,#1800,.F.);
#2477=ORIENTED_EDGE('',*,*,#1801,.F.);
#2478=ORIENTED_EDGE('',*,*,#1802,.F.);
#2479=ORIENTED_EDGE('',*,*,#1803,.F.);
#2480=ORIENTED_EDGE('',*,*,#1804,.F.);
#2481=ORIENTED_EDGE('',*,*,#1805,.T.);
#2482=ORIENTED_EDGE('',*,*,#1806,.T.);
#2483=ORIENTED_EDGE('',*,*,#1807,.T.);
#2484=ORIENTED_EDGE('',*,*,#1776,.F.);
#2485=ORIENTED_EDGE('',*,*,#1733,.F.);
#2486=ORIENTED_EDGE('',*,*,#1713,.T.);
#2487=ORIENTED_EDGE('',*,*,#1716,.T.);
#2488=ORIENTED_EDGE('',*,*,#1772,.T.);
#2489=ORIENTED_EDGE('',*,*,#1807,.F.);
#2490=ORIENTED_EDGE('',*,*,#1808,.F.);
#2491=ORIENTED_EDGE('',*,*,#1751,.F.);
#2492=ORIENTED_EDGE('',*,*,#1809,.T.);
#2493=ORIENTED_EDGE('',*,*,#1769,.T.);
#2494=ORIENTED_EDGE('',*,*,#1810,.T.);
#2495=ORIENTED_EDGE('',*,*,#1811,.T.);
#2496=ORIENTED_EDGE('',*,*,#1809,.F.);
#2497=ORIENTED_EDGE('',*,*,#1812,.F.);
#2498=ORIENTED_EDGE('',*,*,#1760,.F.);
#2499=ORIENTED_EDGE('',*,*,#1813,.F.);
#2500=ORIENTED_EDGE('',*,*,#1709,.F.);
#2501=ORIENTED_EDGE('',*,*,#1700,.F.);
#2502=ORIENTED_EDGE('',*,*,#1797,.T.);
#2503=ORIENTED_EDGE('',*,*,#1770,.T.);
#2504=ORIENTED_EDGE('',*,*,#1768,.T.);
#2505=ORIENTED_EDGE('',*,*,#1796,.F.);
#2506=ORIENTED_EDGE('',*,*,#1793,.F.);
#2507=ORIENTED_EDGE('',*,*,#1814,.T.);
#2508=ORIENTED_EDGE('',*,*,#1815,.F.);
#2509=ORIENTED_EDGE('',*,*,#1810,.F.);
#2510=ORIENTED_EDGE('',*,*,#1792,.F.);
#2511=ORIENTED_EDGE('',*,*,#1816,.T.);
#2512=ORIENTED_EDGE('',*,*,#1817,.F.);
#2513=ORIENTED_EDGE('',*,*,#1814,.F.);
#2514=ORIENTED_EDGE('',*,*,#1803,.T.);
#2515=ORIENTED_EDGE('',*,*,#1818,.F.);
#2516=ORIENTED_EDGE('',*,*,#1778,.F.);
#2517=ORIENTED_EDGE('',*,*,#1819,.T.);
#2518=ORIENTED_EDGE('',*,*,#1802,.T.);
#2519=ORIENTED_EDGE('',*,*,#1820,.F.);
#2520=ORIENTED_EDGE('',*,*,#1779,.F.);
#2521=ORIENTED_EDGE('',*,*,#1818,.T.);
#2522=ORIENTED_EDGE('',*,*,#1801,.T.);
#2523=ORIENTED_EDGE('',*,*,#1821,.F.);
#2524=ORIENTED_EDGE('',*,*,#1780,.F.);
#2525=ORIENTED_EDGE('',*,*,#1820,.T.);
#2526=ORIENTED_EDGE('',*,*,#1698,.F.);
#2527=ORIENTED_EDGE('',*,*,#1725,.T.);
#2528=ORIENTED_EDGE('',*,*,#1822,.F.);
#2529=ORIENTED_EDGE('',*,*,#1798,.F.);
#2530=ORIENTED_EDGE('',*,*,#1823,.F.);
#2531=ORIENTED_EDGE('',*,*,#1824,.T.);
#2532=ORIENTED_EDGE('',*,*,#1825,.F.);
#2533=ORIENTED_EDGE('',*,*,#1826,.F.);
#2534=ORIENTED_EDGE('',*,*,#1823,.T.);
#2535=ORIENTED_EDGE('',*,*,#1827,.F.);
#2536=ORIENTED_EDGE('',*,*,#1828,.F.);
#2537=ORIENTED_EDGE('',*,*,#1829,.T.);
#2538=ORIENTED_EDGE('',*,*,#1830,.T.);
#2539=ORIENTED_EDGE('',*,*,#1828,.T.);
#2540=ORIENTED_EDGE('',*,*,#1831,.F.);
#2541=ORIENTED_EDGE('',*,*,#1832,.F.);
#2542=ORIENTED_EDGE('',*,*,#1833,.T.);
#2543=ORIENTED_EDGE('',*,*,#1832,.T.);
#2544=ORIENTED_EDGE('',*,*,#1834,.F.);
#2545=ORIENTED_EDGE('',*,*,#1835,.F.);
#2546=ORIENTED_EDGE('',*,*,#1836,.F.);
#2547=ORIENTED_EDGE('',*,*,#1754,.T.);
#2548=ORIENTED_EDGE('',*,*,#1837,.T.);
#2549=ORIENTED_EDGE('',*,*,#1804,.T.);
#2550=ORIENTED_EDGE('',*,*,#1819,.F.);
#2551=ORIENTED_EDGE('',*,*,#1777,.T.);
#2552=ORIENTED_EDGE('',*,*,#1821,.T.);
#2553=ORIENTED_EDGE('',*,*,#1800,.T.);
#2554=ORIENTED_EDGE('',*,*,#1838,.T.);
#2555=ORIENTED_EDGE('',*,*,#1805,.F.);
#2556=ORIENTED_EDGE('',*,*,#1837,.F.);
#2557=ORIENTED_EDGE('',*,*,#1753,.F.);
#2558=ORIENTED_EDGE('',*,*,#1806,.F.);
#2559=ORIENTED_EDGE('',*,*,#1838,.F.);
#2560=ORIENTED_EDGE('',*,*,#1752,.T.);
#2561=ORIENTED_EDGE('',*,*,#1808,.T.);
#2562=ORIENTED_EDGE('',*,*,#1839,.T.);
#2563=ORIENTED_EDGE('',*,*,#1835,.T.);
#2564=ORIENTED_EDGE('',*,*,#1840,.F.);
#2565=ORIENTED_EDGE('',*,*,#1748,.T.);
#2566=ORIENTED_EDGE('',*,*,#1791,.F.);
#2567=ORIENTED_EDGE('',*,*,#1762,.F.);
#2568=ORIENTED_EDGE('',*,*,#1841,.F.);
#2569=ORIENTED_EDGE('',*,*,#1816,.F.);
#2570=ORIENTED_EDGE('',*,*,#1841,.T.);
#2571=ORIENTED_EDGE('',*,*,#1761,.F.);
#2572=ORIENTED_EDGE('',*,*,#1812,.T.);
#2573=ORIENTED_EDGE('',*,*,#1811,.F.);
#2574=ORIENTED_EDGE('',*,*,#1815,.T.);
#2575=ORIENTED_EDGE('',*,*,#1817,.T.);
#2576=ORIENTED_EDGE('',*,*,#1710,.F.);
#2577=ORIENTED_EDGE('',*,*,#1813,.T.);
#2578=ORIENTED_EDGE('',*,*,#1759,.F.);
#2579=ORIENTED_EDGE('',*,*,#1783,.F.);
#2580=ORIENTED_EDGE('',*,*,#1786,.F.);
#2581=ORIENTED_EDGE('',*,*,#1787,.F.);
#2582=ORIENTED_EDGE('',*,*,#1781,.F.);
#2583=ORIENTED_EDGE('',*,*,#1757,.F.);
#2584=ORIENTED_EDGE('',*,*,#1788,.T.);
#2585=ORIENTED_EDGE('',*,*,#1784,.F.);
#2586=ORIENTED_EDGE('',*,*,#1829,.F.);
#2587=ORIENTED_EDGE('',*,*,#1830,.F.);
#2588=ORIENTED_EDGE('',*,*,#1833,.F.);
#2589=ORIENTED_EDGE('',*,*,#1839,.F.);
#2590=ORIENTED_EDGE('',*,*,#1747,.T.);
#2591=ORIENTED_EDGE('',*,*,#1775,.F.);
#2592=ORIENTED_EDGE('',*,*,#1842,.F.);
#2593=ORIENTED_EDGE('',*,*,#1824,.F.);
#2594=ORIENTED_EDGE('',*,*,#1843,.T.);
#2595=ORIENTED_EDGE('',*,*,#1825,.T.);
#2596=ORIENTED_EDGE('',*,*,#1842,.T.);
#2597=ORIENTED_EDGE('',*,*,#1774,.T.);
#2598=ORIENTED_EDGE('',*,*,#1834,.T.);
#2599=ORIENTED_EDGE('',*,*,#1831,.T.);
#2600=ORIENTED_EDGE('',*,*,#1827,.T.);
#2601=ORIENTED_EDGE('',*,*,#1826,.T.);
#2602=ORIENTED_EDGE('',*,*,#1843,.F.);
#2603=ORIENTED_EDGE('',*,*,#1773,.F.);
#2604=ORIENTED_EDGE('',*,*,#1749,.F.);
#2605=ORIENTED_EDGE('',*,*,#1840,.T.);
#2606=ORIENTED_EDGE('',*,*,#1729,.F.);
#2607=ORIENTED_EDGE('',*,*,#1707,.T.);
#2608=ORIENTED_EDGE('',*,*,#1844,.F.);
#2609=ORIENTED_EDGE('',*,*,#1727,.F.);
#2610=ORIENTED_EDGE('',*,*,#1703,.F.);
#2611=ORIENTED_EDGE('',*,*,#1712,.T.);
#2612=ORIENTED_EDGE('',*,*,#1789,.T.);
#2613=ORIENTED_EDGE('',*,*,#1755,.T.);
#2614=ORIENTED_EDGE('',*,*,#1836,.T.);
#2615=ORIENTED_EDGE('',*,*,#1799,.T.);
#2616=ORIENTED_EDGE('',*,*,#1822,.T.);
#2617=ORIENTED_EDGE('',*,*,#1724,.T.);
#2618=ORIENTED_EDGE('',*,*,#1721,.F.);
#2619=ORIENTED_EDGE('',*,*,#1728,.T.);
#2620=ORIENTED_EDGE('',*,*,#1844,.T.);
#2621=ORIENTED_EDGE('',*,*,#1706,.T.);
#2622=ORIENTED_EDGE('',*,*,#1723,.T.);
#2623=ORIENTED_EDGE('',*,*,#1845,.F.);
#2624=ORIENTED_EDGE('',*,*,#1846,.F.);
#2625=ORIENTED_EDGE('',*,*,#1847,.T.);
#2626=ORIENTED_EDGE('',*,*,#1848,.T.);
#2627=ORIENTED_EDGE('',*,*,#1849,.T.);
#2628=ORIENTED_EDGE('',*,*,#1850,.T.);
#2629=ORIENTED_EDGE('',*,*,#1851,.T.);
#2630=ORIENTED_EDGE('',*,*,#1852,.F.);
#2631=ORIENTED_EDGE('',*,*,#1853,.T.);
#2632=ORIENTED_EDGE('',*,*,#1854,.F.);
#2633=ORIENTED_EDGE('',*,*,#1848,.F.);
#2634=ORIENTED_EDGE('',*,*,#1855,.T.);
#2635=ORIENTED_EDGE('',*,*,#1856,.T.);
#2636=ORIENTED_EDGE('',*,*,#1857,.T.);
#2637=ORIENTED_EDGE('',*,*,#1858,.T.);
#2638=ORIENTED_EDGE('',*,*,#1856,.F.);
#2639=ORIENTED_EDGE('',*,*,#1859,.T.);
#2640=ORIENTED_EDGE('',*,*,#1860,.F.);
#2641=ORIENTED_EDGE('',*,*,#1861,.F.);
#2642=ORIENTED_EDGE('',*,*,#1862,.T.);
#2643=ORIENTED_EDGE('',*,*,#1863,.T.);
#2644=ORIENTED_EDGE('',*,*,#1864,.F.);
#2645=ORIENTED_EDGE('',*,*,#1865,.T.);
#2646=ORIENTED_EDGE('',*,*,#1866,.T.);
#2647=ORIENTED_EDGE('',*,*,#1867,.F.);
#2648=ORIENTED_EDGE('',*,*,#1868,.T.);
#2649=ORIENTED_EDGE('',*,*,#1869,.T.);
#2650=ORIENTED_EDGE('',*,*,#1864,.T.);
#2651=ORIENTED_EDGE('',*,*,#1870,.T.);
#2652=ORIENTED_EDGE('',*,*,#1870,.F.);
#2653=ORIENTED_EDGE('',*,*,#1863,.F.);
#2654=ORIENTED_EDGE('',*,*,#1862,.F.);
#2655=ORIENTED_EDGE('',*,*,#1871,.T.);
#2656=ORIENTED_EDGE('',*,*,#1872,.F.);
#2657=ORIENTED_EDGE('',*,*,#1857,.F.);
#2658=ORIENTED_EDGE('',*,*,#1873,.F.);
#2659=ORIENTED_EDGE('',*,*,#1874,.F.);
#2660=ORIENTED_EDGE('',*,*,#1875,.F.);
#2661=ORIENTED_EDGE('',*,*,#1876,.F.);
#2662=ORIENTED_EDGE('',*,*,#1877,.T.);
#2663=ORIENTED_EDGE('',*,*,#1878,.T.);
#2664=ORIENTED_EDGE('',*,*,#1879,.F.);
#2665=ORIENTED_EDGE('',*,*,#1880,.F.);
#2666=ORIENTED_EDGE('',*,*,#1881,.F.);
#2667=ORIENTED_EDGE('',*,*,#1882,.T.);
#2668=ORIENTED_EDGE('',*,*,#1883,.T.);
#2669=ORIENTED_EDGE('',*,*,#1884,.F.);
#2670=ORIENTED_EDGE('',*,*,#1885,.T.);
#2671=ORIENTED_EDGE('',*,*,#1886,.F.);
#2672=ORIENTED_EDGE('',*,*,#1887,.T.);
#2673=ORIENTED_EDGE('',*,*,#1888,.F.);
#2674=ORIENTED_EDGE('',*,*,#1889,.F.);
#2675=ORIENTED_EDGE('',*,*,#1890,.F.);
#2676=ORIENTED_EDGE('',*,*,#1886,.T.);
#2677=ORIENTED_EDGE('',*,*,#1891,.F.);
#2678=ORIENTED_EDGE('',*,*,#1874,.T.);
#2679=ORIENTED_EDGE('',*,*,#1892,.F.);
#2680=ORIENTED_EDGE('',*,*,#1888,.T.);
#2681=ORIENTED_EDGE('',*,*,#1893,.F.);
#2682=ORIENTED_EDGE('',*,*,#1880,.T.);
#2683=ORIENTED_EDGE('',*,*,#1894,.F.);
#2684=ORIENTED_EDGE('',*,*,#1893,.T.);
#2685=ORIENTED_EDGE('',*,*,#1887,.F.);
#2686=ORIENTED_EDGE('',*,*,#1895,.F.);
#2687=ORIENTED_EDGE('',*,*,#1896,.T.);
#2688=ORIENTED_EDGE('',*,*,#1897,.F.);
#2689=ORIENTED_EDGE('',*,*,#1881,.T.);
#2690=ORIENTED_EDGE('',*,*,#1898,.T.);
#2691=ORIENTED_EDGE('',*,*,#1899,.F.);
#2692=ORIENTED_EDGE('',*,*,#1899,.T.);
#2693=ORIENTED_EDGE('',*,*,#1900,.T.);
#2694=ORIENTED_EDGE('',*,*,#1869,.F.);
#2695=ORIENTED_EDGE('',*,*,#1901,.T.);
#2696=ORIENTED_EDGE('',*,*,#1900,.F.);
#2697=ORIENTED_EDGE('',*,*,#1898,.F.);
#2698=ORIENTED_EDGE('',*,*,#1901,.F.);
#2699=ORIENTED_EDGE('',*,*,#1868,.F.);
#2700=ORIENTED_EDGE('',*,*,#1902,.T.);
#2701=ORIENTED_EDGE('',*,*,#1860,.T.);
#2702=ORIENTED_EDGE('',*,*,#1866,.F.);
#2703=ORIENTED_EDGE('',*,*,#1865,.F.);
#2704=ORIENTED_EDGE('',*,*,#1903,.F.);
#2705=ORIENTED_EDGE('',*,*,#1904,.T.);
#2706=ORIENTED_EDGE('',*,*,#1905,.F.);
#2707=ORIENTED_EDGE('',*,*,#1906,.F.);
#2708=ORIENTED_EDGE('',*,*,#1907,.T.);
#2709=ORIENTED_EDGE('',*,*,#1903,.T.);
#2710=ORIENTED_EDGE('',*,*,#1908,.T.);
#2711=ORIENTED_EDGE('',*,*,#1909,.T.);
#2712=ORIENTED_EDGE('',*,*,#1895,.T.);
#2713=ORIENTED_EDGE('',*,*,#1910,.F.);
#2714=ORIENTED_EDGE('',*,*,#1911,.F.);
#2715=ORIENTED_EDGE('',*,*,#1912,.T.);
#2716=ORIENTED_EDGE('',*,*,#1913,.F.);
#2717=ORIENTED_EDGE('',*,*,#1914,.F.);
#2718=ORIENTED_EDGE('',*,*,#1915,.F.);
#2719=ORIENTED_EDGE('',*,*,#1916,.T.);
#2720=ORIENTED_EDGE('',*,*,#1853,.F.);
#2721=ORIENTED_EDGE('',*,*,#1849,.F.);
#2722=ORIENTED_EDGE('',*,*,#1854,.T.);
#2723=ORIENTED_EDGE('',*,*,#1916,.F.);
#2724=ORIENTED_EDGE('',*,*,#1917,.F.);
#2725=ORIENTED_EDGE('',*,*,#1907,.F.);
#2726=ORIENTED_EDGE('',*,*,#1918,.F.);
#2727=ORIENTED_EDGE('',*,*,#1919,.T.);
#2728=ORIENTED_EDGE('',*,*,#1904,.F.);
#2729=ORIENTED_EDGE('',*,*,#1912,.F.);
#2730=ORIENTED_EDGE('',*,*,#1920,.F.);
#2731=ORIENTED_EDGE('',*,*,#1921,.T.);
#2732=ORIENTED_EDGE('',*,*,#1918,.T.);
#2733=ORIENTED_EDGE('',*,*,#1858,.F.);
#2734=ORIENTED_EDGE('',*,*,#1872,.T.);
#2735=ORIENTED_EDGE('',*,*,#1922,.T.);
#2736=ORIENTED_EDGE('',*,*,#1923,.F.);
#2737=ORIENTED_EDGE('',*,*,#1924,.F.);
#2738=ORIENTED_EDGE('',*,*,#1920,.T.);
#2739=ORIENTED_EDGE('',*,*,#1911,.T.);
#2740=ORIENTED_EDGE('',*,*,#1925,.F.);
#2741=ORIENTED_EDGE('',*,*,#1845,.T.);
#2742=ORIENTED_EDGE('',*,*,#1926,.F.);
#2743=ORIENTED_EDGE('',*,*,#1913,.T.);
#2744=ORIENTED_EDGE('',*,*,#1852,.T.);
#2745=ORIENTED_EDGE('',*,*,#1924,.T.);
#2746=ORIENTED_EDGE('',*,*,#1927,.T.);
#2747=ORIENTED_EDGE('',*,*,#1905,.T.);
#2748=ORIENTED_EDGE('',*,*,#1919,.F.);
#2749=ORIENTED_EDGE('',*,*,#1921,.F.);
#2750=ORIENTED_EDGE('',*,*,#1850,.F.);
#2751=ORIENTED_EDGE('',*,*,#1917,.T.);
#2752=ORIENTED_EDGE('',*,*,#1915,.T.);
#2753=ORIENTED_EDGE('',*,*,#1928,.T.);
#2754=ORIENTED_EDGE('',*,*,#1851,.F.);
#2755=ORIENTED_EDGE('',*,*,#1928,.F.);
#2756=ORIENTED_EDGE('',*,*,#1914,.T.);
#2757=ORIENTED_EDGE('',*,*,#1926,.T.);
#2758=ORIENTED_EDGE('',*,*,#1929,.T.);
#2759=ORIENTED_EDGE('',*,*,#1908,.F.);
#2760=ORIENTED_EDGE('',*,*,#1906,.T.);
#2761=ORIENTED_EDGE('',*,*,#1927,.F.);
#2762=ORIENTED_EDGE('',*,*,#1923,.T.);
#2763=ORIENTED_EDGE('',*,*,#1930,.F.);
#2764=ORIENTED_EDGE('',*,*,#1902,.F.);
#2765=ORIENTED_EDGE('',*,*,#1867,.T.);
#2766=ORIENTED_EDGE('',*,*,#1882,.F.);
#2767=ORIENTED_EDGE('',*,*,#1897,.T.);
#2768=ORIENTED_EDGE('',*,*,#1931,.T.);
#2769=ORIENTED_EDGE('',*,*,#1930,.T.);
#2770=ORIENTED_EDGE('',*,*,#1922,.F.);
#2771=ORIENTED_EDGE('',*,*,#1871,.F.);
#2772=ORIENTED_EDGE('',*,*,#1861,.T.);
#2773=ORIENTED_EDGE('',*,*,#1931,.F.);
#2774=ORIENTED_EDGE('',*,*,#1896,.F.);
#2775=ORIENTED_EDGE('',*,*,#1909,.F.);
#2776=ORIENTED_EDGE('',*,*,#1929,.F.);
#2777=ORIENTED_EDGE('',*,*,#1892,.T.);
#2778=ORIENTED_EDGE('',*,*,#1873,.T.);
#2779=ORIENTED_EDGE('',*,*,#1859,.F.);
#2780=ORIENTED_EDGE('',*,*,#1855,.F.);
#2781=ORIENTED_EDGE('',*,*,#1847,.F.);
#2782=ORIENTED_EDGE('',*,*,#1883,.F.);
#2783=ORIENTED_EDGE('',*,*,#1891,.T.);
#2784=ORIENTED_EDGE('',*,*,#1885,.F.);
#2785=ORIENTED_EDGE('',*,*,#1932,.F.);
#2786=ORIENTED_EDGE('',*,*,#1933,.F.);
#2787=ORIENTED_EDGE('',*,*,#1934,.F.);
#2788=ORIENTED_EDGE('',*,*,#1875,.T.);
#2789=ORIENTED_EDGE('',*,*,#1935,.T.);
#2790=ORIENTED_EDGE('',*,*,#1936,.T.);
#2791=ORIENTED_EDGE('',*,*,#1937,.T.);
#2792=ORIENTED_EDGE('',*,*,#1878,.F.);
#2793=ORIENTED_EDGE('',*,*,#1884,.T.);
#2794=ORIENTED_EDGE('',*,*,#1846,.T.);
#2795=ORIENTED_EDGE('',*,*,#1925,.T.);
#2796=ORIENTED_EDGE('',*,*,#1910,.T.);
#2797=ORIENTED_EDGE('',*,*,#1890,.T.);
#2798=ORIENTED_EDGE('',*,*,#1938,.T.);
#2799=ORIENTED_EDGE('',*,*,#1939,.T.);
#2800=ORIENTED_EDGE('',*,*,#1940,.T.);
#2801=ORIENTED_EDGE('',*,*,#1894,.T.);
#2802=ORIENTED_EDGE('',*,*,#1879,.T.);
#2803=ORIENTED_EDGE('',*,*,#1937,.F.);
#2804=ORIENTED_EDGE('',*,*,#1941,.F.);
#2805=ORIENTED_EDGE('',*,*,#1942,.F.);
#2806=ORIENTED_EDGE('',*,*,#1889,.T.);
#2807=ORIENTED_EDGE('',*,*,#1932,.T.);
#2808=ORIENTED_EDGE('',*,*,#1940,.F.);
#2809=ORIENTED_EDGE('',*,*,#1943,.F.);
#2810=ORIENTED_EDGE('',*,*,#1944,.T.);
#2811=ORIENTED_EDGE('',*,*,#1933,.T.);
#2812=ORIENTED_EDGE('',*,*,#1944,.F.);
#2813=ORIENTED_EDGE('',*,*,#1945,.F.);
#2814=ORIENTED_EDGE('',*,*,#1946,.F.);
#2815=ORIENTED_EDGE('',*,*,#1938,.F.);
#2816=ORIENTED_EDGE('',*,*,#1942,.T.);
#2817=ORIENTED_EDGE('',*,*,#1947,.T.);
#2818=ORIENTED_EDGE('',*,*,#1948,.T.);
#2819=ORIENTED_EDGE('',*,*,#1941,.T.);
#2820=ORIENTED_EDGE('',*,*,#1936,.F.);
#2821=ORIENTED_EDGE('',*,*,#1949,.F.);
#2822=ORIENTED_EDGE('',*,*,#1947,.F.);
#2823=ORIENTED_EDGE('',*,*,#1950,.T.);
#2824=ORIENTED_EDGE('',*,*,#1876,.T.);
#2825=ORIENTED_EDGE('',*,*,#1934,.T.);
#2826=ORIENTED_EDGE('',*,*,#1946,.T.);
#2827=ORIENTED_EDGE('',*,*,#1949,.T.);
#2828=ORIENTED_EDGE('',*,*,#1935,.F.);
#2829=ORIENTED_EDGE('',*,*,#1877,.F.);
#2830=ORIENTED_EDGE('',*,*,#1950,.F.);
#2831=ORIENTED_EDGE('',*,*,#1945,.T.);
#2832=ORIENTED_EDGE('',*,*,#1943,.T.);
#2833=ORIENTED_EDGE('',*,*,#1939,.F.);
#2834=ORIENTED_EDGE('',*,*,#1948,.F.);
#2835=PLANE('',#3141);
#2836=PLANE('',#3142);
#2837=PLANE('',#3143);
#2838=PLANE('',#3144);
#2839=PLANE('',#3145);
#2840=PLANE('',#3146);
#2841=PLANE('',#3147);
#2842=PLANE('',#3148);
#2843=PLANE('',#3149);
#2844=PLANE('',#3150);
#2845=PLANE('',#3151);
#2846=PLANE('',#3158);
#2847=PLANE('',#3159);
#2848=PLANE('',#3160);
#2849=PLANE('',#3161);
#2850=PLANE('',#3162);
#2851=PLANE('',#3163);
#2852=PLANE('',#3164);
#2853=PLANE('',#3165);
#2854=PLANE('',#3166);
#2855=PLANE('',#3167);
#2856=PLANE('',#3168);
#2857=PLANE('',#3169);
#2858=PLANE('',#3170);
#2859=PLANE('',#3173);
#2860=PLANE('',#3174);
#2861=PLANE('',#3175);
#2862=PLANE('',#3176);
#2863=PLANE('',#3177);
#2864=PLANE('',#3178);
#2865=PLANE('',#3179);
#2866=PLANE('',#3180);
#2867=PLANE('',#3182);
#2868=PLANE('',#3184);
#2869=PLANE('',#3185);
#2870=PLANE('',#3187);
#2871=PLANE('',#3188);
#2872=PLANE('',#3189);
#2873=PLANE('',#3190);
#2874=PLANE('',#3192);
#2875=PLANE('',#3193);
#2876=PLANE('',#3195);
#2877=PLANE('',#3202);
#2878=PLANE('',#3204);
#2879=PLANE('',#3220);
#2880=PLANE('',#3223);
#2881=PLANE('',#3224);
#2882=PLANE('',#3225);
#2883=PLANE('',#3226);
#2884=PLANE('',#3227);
#2885=PLANE('',#3228);
#2886=PLANE('',#3229);
#2887=PLANE('',#3230);
#2888=PLANE('',#3231);
#2889=PLANE('',#3232);
#2890=PLANE('',#3233);
#2891=PLANE('',#3234);
#2892=PLANE('',#3235);
#2893=PLANE('',#3236);
#2894=PLANE('',#3237);
#2895=PLANE('',#3238);
#2896=PLANE('',#3239);
#2897=PLANE('',#3241);
#2898=PLANE('',#3244);
#2899=PLANE('',#3253);
#2900=PLANE('',#3254);
#2901=PLANE('',#3257);
#2902=PLANE('',#3258);
#2903=PLANE('',#3259);
#2904=PLANE('',#3260);
#2905=PLANE('',#3261);
#2906=PLANE('',#3262);
#2907=PLANE('',#3263);
#2908=PLANE('',#3264);
#2909=PLANE('',#3265);
#2910=PLANE('',#3266);
#2911=PLANE('',#3267);
#2912=PLANE('',#3268);
#2913=PLANE('',#3269);
#2914=PLANE('',#3270);
#2915=PLANE('',#3271);
#2916=PLANE('',#3272);
#2917=PLANE('',#3273);
#2918=PLANE('',#3274);
#2919=PLANE('',#3275);
#2920=PLANE('',#3276);
#2921=PLANE('',#3277);
#2922=PLANE('',#3278);
#2923=PLANE('',#3279);
#2924=PLANE('',#3280);
#2925=PLANE('',#3283);
#2926=PLANE('',#3284);
#2927=PLANE('',#3285);
#2928=PLANE('',#3286);
#2929=PLANE('',#3287);
#2930=PLANE('',#3289);
#2931=PLANE('',#3290);
#2932=PLANE('',#3291);
#2933=PLANE('',#3292);
#2934=PLANE('',#3293);
#2935=PLANE('',#3294);
#2936=PLANE('',#3295);
#2937=PLANE('',#3296);
#2938=PLANE('',#3297);
#2939=PLANE('',#3298);
#2940=PLANE('',#3299);
#2941=PLANE('',#3300);
#2942=PLANE('',#3301);
#2943=PLANE('',#3302);
#2944=PLANE('',#3303);
#2945=PLANE('',#3306);
#2946=PLANE('',#3307);
#2947=PLANE('',#3308);
#2948=PLANE('',#3309);
#2949=PLANE('',#3310);
#2950=PLANE('',#3311);
#2951=PLANE('',#3318);
#2952=PLANE('',#3319);
#2953=PLANE('',#3320);
#2954=PLANE('',#3321);
#2955=PLANE('',#3322);
#2956=PLANE('',#3323);
#2957=PLANE('',#3324);
#2958=PLANE('',#3325);
#2959=PLANE('',#3326);
#2960=PLANE('',#3327);
#2961=PLANE('',#3328);
#2962=PLANE('',#3329);
#2963=PLANE('',#3330);
#2964=PLANE('',#3331);
#2965=PLANE('',#3332);
#2966=PLANE('',#3333);
#2967=PLANE('',#3334);
#2968=PLANE('',#3335);
#2969=PLANE('',#3336);
#2970=PLANE('',#3337);
#2971=PLANE('',#3338);
#2972=PLANE('',#3339);
#2973=PLANE('',#3340);
#2974=PLANE('',#3341);
#2975=ADVANCED_FACE('',(#115),#2835,.T.);
#2976=ADVANCED_FACE('',(#116),#2836,.T.);
#2977=ADVANCED_FACE('',(#117),#2837,.F.);
#2978=ADVANCED_FACE('',(#118),#2838,.T.);
#2979=ADVANCED_FACE('',(#119),#2839,.F.);
#2980=ADVANCED_FACE('',(#120),#2840,.F.);
#2981=ADVANCED_FACE('',(#121),#2841,.T.);
#2982=ADVANCED_FACE('',(#122),#2842,.F.);
#2983=ADVANCED_FACE('',(#123),#2843,.F.);
#2984=ADVANCED_FACE('',(#124),#2844,.F.);
#2985=ADVANCED_FACE('',(#125,#102),#2845,.T.);
#2986=ADVANCED_FACE('',(#126),#91,.F.);
#2987=ADVANCED_FACE('',(#127),#92,.F.);
#2988=ADVANCED_FACE('',(#128,#103),#2846,.F.);
#2989=ADVANCED_FACE('',(#129),#2847,.F.);
#2990=ADVANCED_FACE('',(#130),#2848,.F.);
#2991=ADVANCED_FACE('',(#131),#2849,.F.);
#2992=ADVANCED_FACE('',(#132),#2850,.F.);
#2993=ADVANCED_FACE('',(#133),#2851,.F.);
#2994=ADVANCED_FACE('',(#134),#2852,.F.);
#2995=ADVANCED_FACE('',(#135,#104),#2853,.F.);
#2996=ADVANCED_FACE('',(#136,#105),#2854,.T.);
#2997=ADVANCED_FACE('',(#137),#2855,.F.);
#2998=ADVANCED_FACE('',(#138),#2856,.F.);
#2999=ADVANCED_FACE('',(#139),#2857,.T.);
#3000=ADVANCED_FACE('',(#140),#2858,.T.);
#3001=ADVANCED_FACE('',(#141),#2859,.F.);
#3002=ADVANCED_FACE('',(#142),#2860,.F.);
#3003=ADVANCED_FACE('',(#143),#2861,.T.);
#3004=ADVANCED_FACE('',(#144),#2862,.T.);
#3005=ADVANCED_FACE('',(#145),#2863,.T.);
#3006=ADVANCED_FACE('',(#146),#2864,.T.);
#3007=ADVANCED_FACE('',(#147),#2865,.T.);
#3008=ADVANCED_FACE('',(#148),#2866,.F.);
#3009=ADVANCED_FACE('',(#149),#2867,.T.);
#3010=ADVANCED_FACE('',(#150),#2868,.T.);
#3011=ADVANCED_FACE('',(#151),#2869,.T.);
#3012=ADVANCED_FACE('',(#152),#2870,.F.);
#3013=ADVANCED_FACE('',(#153),#2871,.F.);
#3014=ADVANCED_FACE('',(#154),#2872,.F.);
#3015=ADVANCED_FACE('',(#155),#2873,.T.);
#3016=ADVANCED_FACE('',(#156,#106),#2874,.T.);
#3017=ADVANCED_FACE('',(#157),#2875,.F.);
#3018=ADVANCED_FACE('',(#158),#2876,.T.);
#3019=ADVANCED_FACE('',(#159),#93,.F.);
#3020=ADVANCED_FACE('',(#160),#34,.F.);
#3021=ADVANCED_FACE('',(#161,#107),#2877,.T.);
#3022=ADVANCED_FACE('',(#162,#108),#2878,.T.);
#3023=ADVANCED_FACE('',(#163),#31,.F.);
#3024=ADVANCED_FACE('',(#164,#109),#32,.F.);
#3025=ADVANCED_FACE('',(#165),#94,.F.);
#3026=ADVANCED_FACE('',(#166),#95,.F.);
#3027=ADVANCED_FACE('',(#167),#30,.F.);
#3028=ADVANCED_FACE('',(#168,#110),#2879,.T.);
#3029=ADVANCED_FACE('',(#169),#96,.T.);
#3030=ADVANCED_FACE('',(#170),#2880,.T.);
#3031=ADVANCED_FACE('',(#171),#2881,.T.);
#3032=ADVANCED_FACE('',(#172),#2882,.F.);
#3033=ADVANCED_FACE('',(#173),#2883,.F.);
#3034=ADVANCED_FACE('',(#174),#2884,.T.);
#3035=ADVANCED_FACE('',(#175),#2885,.F.);
#3036=ADVANCED_FACE('',(#176),#2886,.T.);
#3037=ADVANCED_FACE('',(#177),#2887,.F.);
#3038=ADVANCED_FACE('',(#178),#2888,.F.);
#3039=ADVANCED_FACE('',(#179),#2889,.F.);
#3040=ADVANCED_FACE('',(#180),#2890,.T.);
#3041=ADVANCED_FACE('',(#181),#2891,.F.);
#3042=ADVANCED_FACE('',(#182),#2892,.T.);
#3043=ADVANCED_FACE('',(#183),#2893,.T.);
#3044=ADVANCED_FACE('',(#184),#2894,.F.);
#3045=ADVANCED_FACE('',(#185),#2895,.F.);
#3046=ADVANCED_FACE('',(#186),#2896,.T.);
#3047=ADVANCED_FACE('',(#187),#2897,.T.);
#3048=ADVANCED_FACE('',(#188),#2898,.F.);
#3049=ADVANCED_FACE('',(#189),#97,.F.);
#3050=ADVANCED_FACE('',(#190),#98,.F.);
#3051=ADVANCED_FACE('',(#191),#99,.T.);
#3052=ADVANCED_FACE('',(#192),#2899,.T.);
#3053=ADVANCED_FACE('',(#193),#2900,.T.);
#3054=ADVANCED_FACE('',(#194),#100,.F.);
#3055=ADVANCED_FACE('',(#195),#2901,.T.);
#3056=ADVANCED_FACE('',(#196),#2902,.T.);
#3057=ADVANCED_FACE('',(#197),#2903,.T.);
#3058=ADVANCED_FACE('',(#198),#2904,.F.);
#3059=ADVANCED_FACE('',(#199,#111,#112),#2905,.T.);
#3060=ADVANCED_FACE('',(#200),#2906,.F.);
#3061=ADVANCED_FACE('',(#201),#2907,.F.);
#3062=ADVANCED_FACE('',(#202),#2908,.F.);
#3063=ADVANCED_FACE('',(#203),#2909,.F.);
#3064=ADVANCED_FACE('',(#204),#2910,.T.);
#3065=ADVANCED_FACE('',(#205),#2911,.T.);
#3066=ADVANCED_FACE('',(#206),#2912,.T.);
#3067=ADVANCED_FACE('',(#207),#2913,.F.);
#3068=ADVANCED_FACE('',(#208),#2914,.T.);
#3069=ADVANCED_FACE('',(#209),#2915,.T.);
#3070=ADVANCED_FACE('',(#210,#113,#114),#2916,.T.);
#3071=ADVANCED_FACE('',(#211),#2917,.F.);
#3072=ADVANCED_FACE('',(#212),#2918,.F.);
#3073=ADVANCED_FACE('',(#213),#2919,.F.);
#3074=ADVANCED_FACE('',(#214),#2920,.T.);
#3075=ADVANCED_FACE('',(#215),#2921,.T.);
#3076=ADVANCED_FACE('',(#216),#2922,.T.);
#3077=ADVANCED_FACE('',(#217),#2923,.T.);
#3078=ADVANCED_FACE('',(#218),#2924,.T.);
#3079=ADVANCED_FACE('',(#219),#101,.T.);
#3080=ADVANCED_FACE('',(#220),#2925,.T.);
#3081=ADVANCED_FACE('',(#221),#2926,.T.);
#3082=ADVANCED_FACE('',(#222),#2927,.T.);
#3083=ADVANCED_FACE('',(#223),#2928,.T.);
#3084=ADVANCED_FACE('',(#224),#2929,.T.);
#3085=ADVANCED_FACE('',(#225),#2930,.T.);
#3086=ADVANCED_FACE('',(#226),#2931,.T.);
#3087=ADVANCED_FACE('',(#227),#2932,.F.);
#3088=ADVANCED_FACE('',(#228),#2933,.T.);
#3089=ADVANCED_FACE('',(#229),#2934,.T.);
#3090=ADVANCED_FACE('',(#230),#2935,.F.);
#3091=ADVANCED_FACE('',(#231),#2936,.F.);
#3092=ADVANCED_FACE('',(#232),#2937,.T.);
#3093=ADVANCED_FACE('',(#233),#2938,.F.);
#3094=ADVANCED_FACE('',(#234),#2939,.T.);
#3095=ADVANCED_FACE('',(#235),#2940,.T.);
#3096=ADVANCED_FACE('',(#236),#2941,.T.);
#3097=ADVANCED_FACE('',(#237),#35,.T.);
#3098=ADVANCED_FACE('',(#238),#2942,.T.);
#3099=ADVANCED_FACE('',(#239),#2943,.T.);
#3100=ADVANCED_FACE('',(#240),#2944,.T.);
#3101=ADVANCED_FACE('',(#241),#14,.T.);
#3102=ADVANCED_FACE('',(#242),#15,.T.);
#3103=ADVANCED_FACE('',(#243),#2945,.T.);
#3104=ADVANCED_FACE('',(#244),#2946,.F.);
#3105=ADVANCED_FACE('',(#245),#2947,.F.);
#3106=ADVANCED_FACE('',(#246),#2948,.T.);
#3107=ADVANCED_FACE('',(#247),#2949,.T.);
#3108=ADVANCED_FACE('',(#248),#2950,.T.);
#3109=ADVANCED_FACE('',(#249),#33,.T.);
#3110=ADVANCED_FACE('',(#250),#13,.F.);
#3111=ADVANCED_FACE('',(#251),#2951,.T.);
#3112=ADVANCED_FACE('',(#252),#2952,.T.);
#3113=ADVANCED_FACE('',(#253),#2953,.T.);
#3114=ADVANCED_FACE('',(#254),#2954,.T.);
#3115=ADVANCED_FACE('',(#255),#2955,.T.);
#3116=ADVANCED_FACE('',(#256),#2956,.T.);
#3117=ADVANCED_FACE('',(#257),#2957,.F.);
#3118=ADVANCED_FACE('',(#258),#2958,.T.);
#3119=ADVANCED_FACE('',(#259),#2959,.T.);
#3120=ADVANCED_FACE('',(#260),#2960,.T.);
#3121=ADVANCED_FACE('',(#261),#2961,.T.);
#3122=ADVANCED_FACE('',(#262),#2962,.F.);
#3123=ADVANCED_FACE('',(#263),#2963,.F.);
#3124=ADVANCED_FACE('',(#264),#2964,.T.);
#3125=ADVANCED_FACE('',(#265),#2965,.F.);
#3126=ADVANCED_FACE('',(#266),#2966,.F.);
#3127=ADVANCED_FACE('',(#267),#2967,.T.);
#3128=ADVANCED_FACE('',(#268),#2968,.F.);
#3129=ADVANCED_FACE('',(#269),#2969,.T.);
#3130=ADVANCED_FACE('',(#270),#2970,.T.);
#3131=ADVANCED_FACE('',(#271),#2971,.T.);
#3132=ADVANCED_FACE('',(#272),#2972,.T.);
#3133=ADVANCED_FACE('',(#273),#2973,.T.);
#3134=ADVANCED_FACE('',(#274),#2974,.F.);
#3135=CLOSED_SHELL('',(#2975,#2976,#2977,#2978,#2979,#2980,#2981,#2982,
#2983,#2984,#2985,#2986,#2987,#2988,#2989,#2990,#2991,#2992,#2993,#2994,
#2995,#2996,#2997,#2998,#2999,#3000,#3001,#3002,#3003,#3004,#3005,#3006,
#3007,#3008,#3009,#3010,#3011,#3012,#3013,#3014,#3015,#3016,#3017,#3018,
#3019));
#3136=CLOSED_SHELL('',(#3020,#3021,#3022,#3023,#3024,#3025,#3026,#3027,
#3028,#3029));
#3137=CLOSED_SHELL('',(#3030,#3031,#3032,#3033,#3034,#3035,#3036,#3037,
#3038,#3039,#3040,#3041,#3042,#3043,#3044,#3045));
#3138=CLOSED_SHELL('',(#3046,#3047,#3048,#3049,#3050,#3051,#3052,#3053,
#3054,#3055,#3056,#3057,#3058,#3059,#3060,#3061,#3062,#3063,#3064,#3065,
#3066,#3067,#3068,#3069,#3070,#3071,#3072,#3073,#3074,#3075,#3076,#3077,
#3078,#3079,#3080,#3081,#3082,#3083,#3084,#3085,#3086,#3087,#3088,#3089,
#3090,#3091,#3092,#3093,#3094,#3095,#3096,#3097));
#3139=CLOSED_SHELL('',(#3098,#3099,#3100,#3101,#3102,#3103,#3104,#3105,
#3106,#3107,#3108,#3109,#3110,#3111,#3112,#3113,#3114,#3115,#3116,#3117,
#3118,#3119,#3120,#3121,#3122,#3123,#3124,#3125,#3126,#3127,#3128,#3129,
#3130,#3131,#3132,#3133,#3134));
#3140=AXIS2_PLACEMENT_3D('',#4129,#3342,#3343);
#3141=AXIS2_PLACEMENT_3D('',#4130,#3344,#3345);
#3142=AXIS2_PLACEMENT_3D('',#4143,#3352,#3353);
#3143=AXIS2_PLACEMENT_3D('',#4154,#3359,#3360);
#3144=AXIS2_PLACEMENT_3D('',#4160,#3364,#3365);
#3145=AXIS2_PLACEMENT_3D('',#4172,#3372,#3373);
#3146=AXIS2_PLACEMENT_3D('',#4180,#3378,#3379);
#3147=AXIS2_PLACEMENT_3D('',#4188,#3384,#3385);
#3148=AXIS2_PLACEMENT_3D('',#4192,#3388,#3389);
#3149=AXIS2_PLACEMENT_3D('',#4198,#3393,#3394);
#3150=AXIS2_PLACEMENT_3D('',#4204,#3398,#3399);
#3151=AXIS2_PLACEMENT_3D('',#4207,#3402,#3403);
#3152=AXIS2_PLACEMENT_3D('',#4218,#3410,#3411);
#3153=AXIS2_PLACEMENT_3D('',#4220,#3412,#3413);
#3154=AXIS2_PLACEMENT_3D('',#4223,#3415,#3416);
#3155=AXIS2_PLACEMENT_3D('',#4224,#3417,#3418);
#3156=AXIS2_PLACEMENT_3D('',#4226,#3419,#3420);
#3157=AXIS2_PLACEMENT_3D('',#4229,#3422,#3423);
#3158=AXIS2_PLACEMENT_3D('',#4230,#3424,#3425);
#3159=AXIS2_PLACEMENT_3D('',#4242,#3432,#3433);
#3160=AXIS2_PLACEMENT_3D('',#4248,#3437,#3438);
#3161=AXIS2_PLACEMENT_3D('',#4252,#3441,#3442);
#3162=AXIS2_PLACEMENT_3D('',#4254,#3444,#3445);
#3163=AXIS2_PLACEMENT_3D('',#4258,#3448,#3449);
#3164=AXIS2_PLACEMENT_3D('',#4262,#3452,#3453);
#3165=AXIS2_PLACEMENT_3D('',#4264,#3455,#3456);
#3166=AXIS2_PLACEMENT_3D('',#4265,#3457,#3458);
#3167=AXIS2_PLACEMENT_3D('',#4266,#3459,#3460);
#3168=AXIS2_PLACEMENT_3D('',#4272,#3464,#3465);
#3169=AXIS2_PLACEMENT_3D('',#4288,#3474,#3475);
#3170=AXIS2_PLACEMENT_3D('',#4297,#3480,#3481);
#3171=AXIS2_PLACEMENT_3D('',#4306,#3486,#3487);
#3172=AXIS2_PLACEMENT_3D('',#4310,#3489,#3490);
#3173=AXIS2_PLACEMENT_3D('',#4315,#3494,#3495);
#3174=AXIS2_PLACEMENT_3D('',#4322,#3500,#3501);
#3175=AXIS2_PLACEMENT_3D('',#4324,#3503,#3504);
#3176=AXIS2_PLACEMENT_3D('',#4330,#3508,#3509);
#3177=AXIS2_PLACEMENT_3D('',#4338,#3514,#3515);
#3178=AXIS2_PLACEMENT_3D('',#4342,#3518,#3519);
#3179=AXIS2_PLACEMENT_3D('',#4346,#3522,#3523);
#3180=AXIS2_PLACEMENT_3D('',#4350,#3526,#3527);
#3181=AXIS2_PLACEMENT_3D('',#4354,#3529,#3530);
#3182=AXIS2_PLACEMENT_3D('',#4356,#3532,#3533);
#3183=AXIS2_PLACEMENT_3D('',#4362,#3537,#3538);
#3184=AXIS2_PLACEMENT_3D('',#4363,#3539,#3540);
#3185=AXIS2_PLACEMENT_3D('',#4365,#3542,#3543);
#3186=AXIS2_PLACEMENT_3D('',#4368,#3545,#3546);
#3187=AXIS2_PLACEMENT_3D('',#4369,#3547,#3548);
#3188=AXIS2_PLACEMENT_3D('',#4371,#3550,#3551);
#3189=AXIS2_PLACEMENT_3D('',#4372,#3552,#3553);
#3190=AXIS2_PLACEMENT_3D('',#4373,#3554,#3555);
#3191=AXIS2_PLACEMENT_3D('',#4374,#3556,#3557);
#3192=AXIS2_PLACEMENT_3D('',#4375,#3558,#3559);
#3193=AXIS2_PLACEMENT_3D('',#4376,#3560,#3561);
#3194=AXIS2_PLACEMENT_3D('',#4377,#3562,#3563);
#3195=AXIS2_PLACEMENT_3D('',#4378,#3564,#3565);
#3196=AXIS2_PLACEMENT_3D('',#4379,#3566,#3567);
#3197=AXIS2_PLACEMENT_3D('',#4380,#3568,#3569);
#3198=AXIS2_PLACEMENT_3D('',#4428,#3570,#3571);
#3199=AXIS2_PLACEMENT_3D('',#4430,#3572,#3573);
#3200=AXIS2_PLACEMENT_3D('',#4431,#3574,#3575);
#3201=AXIS2_PLACEMENT_3D('',#4432,#3576,#3577);
#3202=AXIS2_PLACEMENT_3D('',#4433,#3578,#3579);
#3203=AXIS2_PLACEMENT_3D('',#4435,#3580,#3581);
#3204=AXIS2_PLACEMENT_3D('',#4436,#3582,#3583);
#3205=AXIS2_PLACEMENT_3D('',#4438,#3584,#3585);
#3206=AXIS2_PLACEMENT_3D('',#4440,#3586,#3587);
#3207=AXIS2_PLACEMENT_3D('',#4441,#3588,#3589);
#3208=AXIS2_PLACEMENT_3D('',#4444,#3590,#3591);
#3209=AXIS2_PLACEMENT_3D('',#4445,#3592,#3593);
#3210=AXIS2_PLACEMENT_3D('',#4446,#3594,#3595);
#3211=AXIS2_PLACEMENT_3D('',#4447,#3596,#3597);
#3212=AXIS2_PLACEMENT_3D('',#4449,#3598,#3599);
#3213=AXIS2_PLACEMENT_3D('',#4451,#3600,#3601);
#3214=AXIS2_PLACEMENT_3D('',#4452,#3602,#3603);
#3215=AXIS2_PLACEMENT_3D('',#4455,#3604,#3605);
#3216=AXIS2_PLACEMENT_3D('',#4456,#3606,#3607);
#3217=AXIS2_PLACEMENT_3D('',#4458,#3609,#3610);
#3218=AXIS2_PLACEMENT_3D('',#4460,#3611,#3612);
#3219=AXIS2_PLACEMENT_3D('',#4462,#3614,#3615);
#3220=AXIS2_PLACEMENT_3D('',#4464,#3617,#3618);
#3221=AXIS2_PLACEMENT_3D('',#4466,#3619,#3620);
#3222=AXIS2_PLACEMENT_3D('',#4467,#3621,#3622);
#3223=AXIS2_PLACEMENT_3D('',#4469,#3624,#3625);
#3224=AXIS2_PLACEMENT_3D('',#4484,#3633,#3634);
#3225=AXIS2_PLACEMENT_3D('',#4490,#3638,#3639);
#3226=AXIS2_PLACEMENT_3D('',#4504,#3647,#3648);
#3227=AXIS2_PLACEMENT_3D('',#4508,#3651,#3652);
#3228=AXIS2_PLACEMENT_3D('',#4520,#3659,#3660);
#3229=AXIS2_PLACEMENT_3D('',#4526,#3664,#3665);
#3230=AXIS2_PLACEMENT_3D('',#4530,#3668,#3669);
#3231=AXIS2_PLACEMENT_3D('',#4536,#3673,#3674);
#3232=AXIS2_PLACEMENT_3D('',#4542,#3678,#3679);
#3233=AXIS2_PLACEMENT_3D('',#4544,#3681,#3682);
#3234=AXIS2_PLACEMENT_3D('',#4546,#3684,#3685);
#3235=AXIS2_PLACEMENT_3D('',#4548,#3687,#3688);
#3236=AXIS2_PLACEMENT_3D('',#4550,#3690,#3691);
#3237=AXIS2_PLACEMENT_3D('',#4552,#3693,#3694);
#3238=AXIS2_PLACEMENT_3D('',#4554,#3696,#3697);
#3239=AXIS2_PLACEMENT_3D('',#4555,#3698,#3699);
#3240=AXIS2_PLACEMENT_3D('',#4564,#3703,#3704);
#3241=AXIS2_PLACEMENT_3D('',#4570,#3708,#3709);
#3242=AXIS2_PLACEMENT_3D('',#4576,#3712,#3713);
#3243=AXIS2_PLACEMENT_3D('',#4592,#3716,#3717);
#3244=AXIS2_PLACEMENT_3D('',#4593,#3718,#3719);
#3245=AXIS2_PLACEMENT_3D('',#4601,#3724,#3725);
#3246=AXIS2_PLACEMENT_3D('',#4603,#3726,#3727);
#3247=AXIS2_PLACEMENT_3D('',#4606,#3729,#3730);
#3248=AXIS2_PLACEMENT_3D('',#4607,#3731,#3732);
#3249=AXIS2_PLACEMENT_3D('',#4609,#3733,#3734);
#3250=AXIS2_PLACEMENT_3D('',#4612,#3736,#3737);
#3251=AXIS2_PLACEMENT_3D('',#4613,#3738,#3739);
#3252=AXIS2_PLACEMENT_3D('',#4616,#3740,#3741);
#3253=AXIS2_PLACEMENT_3D('',#4619,#3744,#3745);
#3254=AXIS2_PLACEMENT_3D('',#4634,#3747,#3748);
#3255=AXIS2_PLACEMENT_3D('',#4639,#3751,#3752);
#3256=AXIS2_PLACEMENT_3D('',#4656,#3754,#3755);
#3257=AXIS2_PLACEMENT_3D('',#4658,#3757,#3758);
#3258=AXIS2_PLACEMENT_3D('',#4671,#3765,#3766);
#3259=AXIS2_PLACEMENT_3D('',#4677,#3770,#3771);
#3260=AXIS2_PLACEMENT_3D('',#4687,#3777,#3778);
#3261=AXIS2_PLACEMENT_3D('',#4690,#3781,#3782);
#3262=AXIS2_PLACEMENT_3D('',#4730,#3803,#3804);
#3263=AXIS2_PLACEMENT_3D('',#4742,#3811,#3812);
#3264=AXIS2_PLACEMENT_3D('',#4751,#3818,#3819);
#3265=AXIS2_PLACEMENT_3D('',#4752,#3820,#3821);
#3266=AXIS2_PLACEMENT_3D('',#4761,#3826,#3827);
#3267=AXIS2_PLACEMENT_3D('',#4767,#3831,#3832);
#3268=AXIS2_PLACEMENT_3D('',#4773,#3836,#3837);
#3269=AXIS2_PLACEMENT_3D('',#4777,#3841,#3842);
#3270=AXIS2_PLACEMENT_3D('',#4787,#3848,#3849);
#3271=AXIS2_PLACEMENT_3D('',#4789,#3851,#3852);
#3272=AXIS2_PLACEMENT_3D('',#4791,#3854,#3855);
#3273=AXIS2_PLACEMENT_3D('',#4812,#3867,#3868);
#3274=AXIS2_PLACEMENT_3D('',#4814,#3870,#3871);
#3275=AXIS2_PLACEMENT_3D('',#4820,#3875,#3876);
#3276=AXIS2_PLACEMENT_3D('',#4823,#3879,#3880);
#3277=AXIS2_PLACEMENT_3D('',#4827,#3883,#3884);
#3278=AXIS2_PLACEMENT_3D('',#4831,#3887,#3888);
#3279=AXIS2_PLACEMENT_3D('',#4834,#3891,#3892);
#3280=AXIS2_PLACEMENT_3D('',#4836,#3894,#3895);
#3281=AXIS2_PLACEMENT_3D('',#4838,#3897,#3898);
#3282=AXIS2_PLACEMENT_3D('',#4839,#3899,#3900);
#3283=AXIS2_PLACEMENT_3D('',#4840,#3901,#3902);
#3284=AXIS2_PLACEMENT_3D('',#4849,#3907,#3908);
#3285=AXIS2_PLACEMENT_3D('',#4855,#3912,#3913);
#3286=AXIS2_PLACEMENT_3D('',#4861,#3917,#3918);
#3287=AXIS2_PLACEMENT_3D('',#4867,#3922,#3923);
#3288=AXIS2_PLACEMENT_3D('',#4868,#3924,#3925);
#3289=AXIS2_PLACEMENT_3D('',#4870,#3927,#3928);
#3290=AXIS2_PLACEMENT_3D('',#4872,#3930,#3931);
#3291=AXIS2_PLACEMENT_3D('',#4873,#3932,#3933);
#3292=AXIS2_PLACEMENT_3D('',#4876,#3936,#3937);
#3293=AXIS2_PLACEMENT_3D('',#4878,#3939,#3940);
#3294=AXIS2_PLACEMENT_3D('',#4879,#3941,#3942);
#3295=AXIS2_PLACEMENT_3D('',#4880,#3943,#3944);
#3296=AXIS2_PLACEMENT_3D('',#4881,#3945,#3946);
#3297=AXIS2_PLACEMENT_3D('',#4883,#3948,#3949);
#3298=AXIS2_PLACEMENT_3D('',#4885,#3951,#3952);
#3299=AXIS2_PLACEMENT_3D('',#4886,#3953,#3954);
#3300=AXIS2_PLACEMENT_3D('',#4897,#3955,#3956);
#3301=AXIS2_PLACEMENT_3D('',#4913,#3957,#3958);
#3302=AXIS2_PLACEMENT_3D('',#4928,#3966,#3967);
#3303=AXIS2_PLACEMENT_3D('',#4938,#3973,#3974);
#3304=AXIS2_PLACEMENT_3D('',#5010,#3978,#3979);
#3305=AXIS2_PLACEMENT_3D('',#5055,#3980,#3981);
#3306=AXIS2_PLACEMENT_3D('',#5210,#3982,#3983);
#3307=AXIS2_PLACEMENT_3D('',#5233,#3996,#3997);
#3308=AXIS2_PLACEMENT_3D('',#5241,#4002,#4003);
#3309=AXIS2_PLACEMENT_3D('',#5250,#4008,#4009);
#3310=AXIS2_PLACEMENT_3D('',#5253,#4012,#4013);
#3311=AXIS2_PLACEMENT_3D('',#5256,#4016,#4017);
#3312=AXIS2_PLACEMENT_3D('',#5262,#4021,#4022);
#3313=AXIS2_PLACEMENT_3D('',#5265,#4023,#4024);
#3314=AXIS2_PLACEMENT_3D('',#5267,#4025,#4026);
#3315=AXIS2_PLACEMENT_3D('',#5268,#4027,#4028);
#3316=AXIS2_PLACEMENT_3D('',#5269,#4029,#4030);
#3317=AXIS2_PLACEMENT_3D('',#5270,#4031,#4032);
#3318=AXIS2_PLACEMENT_3D('',#5306,#4033,#4034);
#3319=AXIS2_PLACEMENT_3D('',#5315,#4039,#4040);
#3320=AXIS2_PLACEMENT_3D('',#5326,#4047,#4048);
#3321=AXIS2_PLACEMENT_3D('',#5334,#4053,#4054);
#3322=AXIS2_PLACEMENT_3D('',#5336,#4056,#4057);
#3323=AXIS2_PLACEMENT_3D('',#5340,#4060,#4061);
#3324=AXIS2_PLACEMENT_3D('',#5344,#4064,#4065);
#3325=AXIS2_PLACEMENT_3D('',#5352,#4071,#4072);
#3326=AXIS2_PLACEMENT_3D('',#5354,#4074,#4075);
#3327=AXIS2_PLACEMENT_3D('',#5356,#4077,#4078);
#3328=AXIS2_PLACEMENT_3D('',#5357,#4079,#4080);
#3329=AXIS2_PLACEMENT_3D('',#5361,#4083,#4084);
#3330=AXIS2_PLACEMENT_3D('',#5363,#4086,#4087);
#3331=AXIS2_PLACEMENT_3D('',#5364,#4088,#4089);
#3332=AXIS2_PLACEMENT_3D('',#5365,#4090,#4091);
#3333=AXIS2_PLACEMENT_3D('',#5371,#4095,#4096);
#3334=AXIS2_PLACEMENT_3D('',#5377,#4100,#4101);
#3335=AXIS2_PLACEMENT_3D('',#5383,#4105,#4106);
#3336=AXIS2_PLACEMENT_3D('',#5387,#4109,#4110);
#3337=AXIS2_PLACEMENT_3D('',#5391,#4113,#4114);
#3338=AXIS2_PLACEMENT_3D('',#5395,#4117,#4118);
#3339=AXIS2_PLACEMENT_3D('',#5399,#4121,#4122);
#3340=AXIS2_PLACEMENT_3D('',#5401,#4124,#4125);
#3341=AXIS2_PLACEMENT_3D('',#5403,#4127,#4128);
#3342=DIRECTION('axis',(0.,0.,1.));
#3343=DIRECTION('refdir',(1.,0.,0.));
#3344=DIRECTION('center_axis',(0.0871557427476579,0.996194698091746,1.14951492712501E-15));
#3345=DIRECTION('ref_axis',(0.,-1.15390588740028E-15,1.));
#3346=DIRECTION('',(0.904065228847661,-0.0790954586121398,-0.420011869374619));
#3347=DIRECTION('',(2.33838006742649E-15,9.49324140485476E-16,-1.));
#3348=DIRECTION('',(0.724656882582584,-0.0633992621720118,-0.686187245641986));
#3349=DIRECTION('',(1.00186827273098E-16,1.14514067577925E-15,-1.));
#3350=DIRECTION('',(-0.996194698091746,0.0871557427476579,-1.26957301934007E-30));
#3351=DIRECTION('',(-2.44929359829502E-16,-1.13247734505054E-15,1.));
#3352=DIRECTION('center_axis',(-0.710139589178695,-0.704060909212487,0.));
#3353=DIRECTION('ref_axis',(-0.704060909212487,0.710139589178695,0.));
#3354=DIRECTION('',(0.643651770798158,-0.649208893872554,0.405265604345065));
#3355=DIRECTION('',(-0.585809226001578,0.59086695149027,-0.554710551880912));
#3356=DIRECTION('',(0.,0.,1.));
#3357=DIRECTION('',(0.585809226001578,-0.59086695149027,-0.554710551880912));
#3358=DIRECTION('',(-2.4492935982947E-16,0.,1.));
#3359=DIRECTION('center_axis',(0.687570470214149,0.,-0.72611765471547));
#3360=DIRECTION('ref_axis',(-0.72611765471547,0.,-0.687570470214149));
#3361=DIRECTION('',(0.,-1.,0.));
#3362=DIRECTION('',(-0.724656882582584,0.0633992621720134,-0.686187245641986));
#3363=DIRECTION('',(0.0868604404185939,0.992819377025442,0.0822493069460253));
#3364=DIRECTION('center_axis',(0.0871557427476579,0.996194698091746,1.14951492712501E-15));
#3365=DIRECTION('ref_axis',(0.,-1.15390588740028E-15,1.));
#3366=DIRECTION('',(-0.843921118089724,0.0738335307429739,-0.531362170445184));
#3367=DIRECTION('',(2.33838006742649E-15,9.49324140485476E-16,-1.));
#3368=DIRECTION('',(-0.904065228847661,0.0790954586121407,-0.420011869374619));
#3369=DIRECTION('',(-2.44929359829502E-16,-1.13247734505054E-15,1.));
#3370=DIRECTION('',(0.996194698091746,-0.0871557427476579,2.81872516441128E-15));
#3371=DIRECTION('',(1.00186827273098E-16,1.14514067577925E-15,-1.));
#3372=DIRECTION('center_axis',(-0.421331882564569,0.,0.906906524805394));
#3373=DIRECTION('ref_axis',(-0.906906524805394,9.88809294187709E-32,-0.421331882564569));
#3374=DIRECTION('',(-3.45345581731632E-15,-1.,-1.60441126076987E-15));
#3375=DIRECTION('',(-0.906906524805394,-3.70451599484363E-31,-0.421331882564569));
#3376=DIRECTION('',(-2.83390261540956E-14,-1.,-1.31657838078889E-14));
#3377=DIRECTION('',(0.838746164694714,0.380349047147267,0.389665848572946));
#3378=DIRECTION('center_axis',(0.412993583598834,-0.910733934750536,1.01154254044541E-16));
#3379=DIRECTION('ref_axis',(0.910733934750536,0.412993583598834,2.23065479613424E-16));
#3380=DIRECTION('',(-0.790056495580039,-0.358269578968212,-0.497447125409051));
#3381=DIRECTION('',(0.910733934750536,0.412993583598834,7.35263594055515E-16));
#3382=DIRECTION('',(-2.44929359829471E-16,-2.78904447747368E-31,1.));
#3383=DIRECTION('',(0.910733934750536,0.412993583598834,7.23588406775012E-16));
#3384=DIRECTION('center_axis',(-0.532816450319816,0.,0.8462308374602));
#3385=DIRECTION('ref_axis',(0.8462308374602,0.,0.532816450319816));
#3386=DIRECTION('',(0.8462308374602,0.,0.532816450319816));
#3387=DIRECTION('',(2.59305984301805E-15,1.,1.63268091856641E-15));
#3388=DIRECTION('center_axis',(2.90920709964058E-15,9.11145053647766E-16,
-1.));
#3389=DIRECTION('ref_axis',(0.996194698091746,-0.087155742747659,2.81872516441128E-15));
#3390=DIRECTION('',(-2.83390261540956E-14,-1.,-9.11145053647848E-16));
#3391=DIRECTION('',(0.996194698091746,-0.087155742747659,2.81872516441128E-15));
#3392=DIRECTION('',(0.0871557427476558,0.996194698091746,1.16123197721235E-15));
#3393=DIRECTION('center_axis',(-1.01208035476276E-16,-1.15681313895355E-15,
1.));
#3394=DIRECTION('ref_axis',(-0.996194698091746,0.087155742747659,0.));
#3395=DIRECTION('',(2.83390261540956E-14,1.,1.15681313895355E-15));
#3396=DIRECTION('',(-0.0871557427476558,-0.996194698091746,-1.16123197721236E-15));
#3397=DIRECTION('',(-0.996194698091746,0.087155742747659,0.));
#3398=DIRECTION('center_axis',(0.687570470214149,0.,0.72611765471547));
#3399=DIRECTION('ref_axis',(0.72611765471547,-1.12060564751041E-16,-0.687570470214149));
#3400=DIRECTION('',(0.,1.,0.));
#3401=DIRECTION('',(-0.0868604404185939,-0.992819377025442,0.0822493069460253));
#3402=DIRECTION('center_axis',(0.087155742747659,0.996194698091745,0.));
#3403=DIRECTION('ref_axis',(0.996194698091746,-0.087155742747659,0.));
#3404=DIRECTION('',(0.,0.,1.));
#3405=DIRECTION('',(0.,0.,1.));
#3406=DIRECTION('',(0.996194698091746,-0.087155742747659,3.19906338456819E-15));
#3407=DIRECTION('',(0.,0.,1.));
#3408=DIRECTION('',(-0.996194698091746,0.087155742747659,3.19906338456819E-15));
#3409=DIRECTION('',(0.,0.,-1.));
#3410=DIRECTION('center_axis',(0.996194698091746,-0.0871557427476558,0.));
#3411=DIRECTION('ref_axis',(-0.0871557427476558,-0.996194698091746,0.));
#3412=DIRECTION('center_axis',(0.996194698091746,-0.0871557427476558,0.));
#3413=DIRECTION('ref_axis',(-0.0871557427476558,-0.996194698091746,0.));
#3414=DIRECTION('',(0.996194698091746,-0.0871557427476558,0.));
#3415=DIRECTION('center_axis',(-1.,2.83390261540956E-14,-2.4492935982947E-16));
#3416=DIRECTION('ref_axis',(-2.83412062025435E-14,-1.,0.));
#3417=DIRECTION('center_axis',(0.996194698091746,-0.0871557427476558,0.));
#3418=DIRECTION('ref_axis',(-0.0871557427476558,-0.996194698091746,0.));
#3419=DIRECTION('center_axis',(0.996194698091746,-0.0871557427476558,0.));
#3420=DIRECTION('ref_axis',(-0.0871557427476558,-0.996194698091746,0.));
#3421=DIRECTION('',(0.996194698091746,-0.0871557427476558,0.));
#3422=DIRECTION('center_axis',(-0.996194698091746,0.0871557427476558,0.));
#3423=DIRECTION('ref_axis',(-0.0871557427476558,-0.996194698091746,0.));
#3424=DIRECTION('center_axis',(-0.996194698091746,0.0871557427476558,0.));
#3425=DIRECTION('ref_axis',(-0.0871557427476558,-0.996194698091746,0.));
#3426=DIRECTION('',(0.0616284167162176,0.704416026402759,0.707106781186547));
#3427=DIRECTION('',(0.0871557427476558,0.996194698091746,1.84900258306112E-16));
#3428=DIRECTION('',(0.0435778713738278,0.498097349045872,0.866025403784439));
#3429=DIRECTION('',(-0.0435778713738279,-0.498097349045874,0.866025403784438));
#3430=DIRECTION('',(-0.0871557427476558,-0.996194698091746,-3.69800516612224E-16));
#3431=DIRECTION('',(0.0616284167162176,0.704416026402759,-0.707106781186548));
#3432=DIRECTION('center_axis',(-0.0754790873051713,-0.862729915662821,0.5));
#3433=DIRECTION('ref_axis',(-0.0435778713738278,-0.498097349045872,-0.866025403784439));
#3434=DIRECTION('',(0.996194698091746,-0.0871557427476558,0.));
#3435=DIRECTION('',(-0.0435778713738278,-0.498097349045872,-0.866025403784439));
#3436=DIRECTION('',(0.996194698091746,-0.0871557427476558,0.));
#3437=DIRECTION('center_axis',(-1.61151193469026E-17,-1.84196657000343E-16,
1.));
#3438=DIRECTION('ref_axis',(-0.0871557427476558,-0.996194698091746,-1.84900258306112E-16));
#3439=DIRECTION('',(0.996194698091746,-0.0871557427476558,0.));
#3440=DIRECTION('',(-0.0871557427476558,-0.996194698091746,-1.84900258306112E-16));
#3441=DIRECTION('center_axis',(-0.0616284167162177,-0.704416026402759,0.707106781186548));
#3442=DIRECTION('ref_axis',(-0.0616284167162176,-0.704416026402759,-0.707106781186548));
#3443=DIRECTION('',(-0.0616284167162176,-0.704416026402759,-0.707106781186547));
#3444=DIRECTION('center_axis',(-0.0616284167162177,-0.704416026402759,-0.707106781186548));
#3445=DIRECTION('ref_axis',(0.0616284167162176,0.704416026402759,-0.707106781186548));
#3446=DIRECTION('',(0.996194698091746,-0.0871557427476558,0.));
#3447=DIRECTION('',(0.0616284167162176,0.704416026402759,-0.707106781186548));
#3448=DIRECTION('center_axis',(3.22302386938052E-17,3.68393314000686E-16,
-1.));
#3449=DIRECTION('ref_axis',(0.0871557427476558,0.996194698091746,3.69800516612224E-16));
#3450=DIRECTION('',(0.996194698091746,-0.0871557427476558,0.));
#3451=DIRECTION('',(0.0871557427476558,0.996194698091746,3.69800516612224E-16));
#3452=DIRECTION('center_axis',(-0.0754790873051713,-0.862729915662821,-0.500000000000001));
#3453=DIRECTION('ref_axis',(0.0435778713738279,0.498097349045874,-0.866025403784438));
#3454=DIRECTION('',(0.0435778713738279,0.498097349045874,-0.866025403784438));
#3455=DIRECTION('center_axis',(0.996194698091746,-0.0871557427476558,0.));
#3456=DIRECTION('ref_axis',(0.,0.,-1.));
#3457=DIRECTION('center_axis',(-0.996194698091746,0.0871557427476558,0.));
#3458=DIRECTION('ref_axis',(0.0871557427476558,0.996194698091746,0.));
#3459=DIRECTION('center_axis',(1.,0.,2.4492935982947E-16));
#3460=DIRECTION('ref_axis',(-2.4492935982947E-16,0.,1.));
#3461=DIRECTION('',(2.33838006742649E-15,9.49324140485476E-16,-1.));
#3462=DIRECTION('',(0.,1.,0.));
#3463=DIRECTION('',(-2.4492935982947E-16,0.,1.));
#3464=DIRECTION('center_axis',(0.412993583598834,-0.910733934750536,1.01154254044541E-16));
#3465=DIRECTION('ref_axis',(0.910733934750536,0.412993583598834,2.23065479613424E-16));
#3466=DIRECTION('',(-0.838746164694714,-0.380349047147267,0.389665848572946));
#3467=DIRECTION('',(-0.910733934750536,-0.412993583598834,-7.23588406775012E-16));
#3468=DIRECTION('',(-0.673337609782605,-0.305340672863105,0.673337609782607));
#3469=DIRECTION('',(-0.673337609782607,-0.305340672863105,-0.673337609782605));
#3470=DIRECTION('',(-0.910733934750536,-0.412993583598834,-7.23588406775012E-16));
#3471=DIRECTION('',(-2.44929359829471E-16,-2.78904447747368E-31,1.));
#3472=DIRECTION('',(-0.910733934750536,-0.412993583598834,-7.35263594055515E-16));
#3473=DIRECTION('',(0.79005649558004,0.358269578968211,-0.49744712540905));
#3474=DIRECTION('center_axis',(0.707109315403697,0.,0.707104246960316));
#3475=DIRECTION('ref_axis',(0.,-1.,0.));
#3476=DIRECTION('',(0.707104246960316,0.,-0.707109315403697));
#3477=DIRECTION('',(0.,-1.,0.));
#3478=DIRECTION('',(0.707104246960316,3.94430452607973E-31,-0.707109315403697));
#3479=DIRECTION('',(1.63266921577786E-15,-1.,-1.63268091856641E-15));
#3480=DIRECTION('center_axis',(-2.78904447747368E-31,1.,2.78904447747368E-31));
#3481=DIRECTION('ref_axis',(0.707106781186547,-2.84638750565978E-46,0.707106781186548));
#3482=DIRECTION('',(0.707104246960316,0.,0.707109315403697));
#3483=DIRECTION('',(-1.,-2.78904447747368E-31,-6.69535286834808E-17));
#3484=DIRECTION('',(1.,2.78904447747368E-31,6.69535286834807E-17));
#3485=DIRECTION('',(-0.707106781180962,0.,-0.707106781192133));
#3486=DIRECTION('center_axis',(-2.78904447747368E-31,1.,-2.78904447747368E-31));
#3487=DIRECTION('ref_axis',(1.79618742147397E-14,-2.78904447747363E-31,
-1.));
#3488=DIRECTION('',(2.63379714963569E-16,-9.13236513015232E-17,-1.));
#3489=DIRECTION('center_axis',(-2.78904447747368E-31,1.,-2.78904447747368E-31));
#3490=DIRECTION('ref_axis',(1.79618742147397E-14,-2.78904447747363E-31,
-1.));
#3491=DIRECTION('',(0.707106781180962,0.,-0.707106781192133));
#3492=DIRECTION('',(-1.,-2.78904447747368E-31,-6.69535286834807E-17));
#3493=DIRECTION('',(1.,2.78904447747368E-31,6.69535286834808E-17));
#3494=DIRECTION('center_axis',(0.,1.,0.));
#3495=DIRECTION('ref_axis',(1.,0.,1.22464679914735E-16));
#3496=DIRECTION('',(1.,0.,6.69535286834808E-17));
#3497=DIRECTION('',(-0.8462308374602,0.,0.532816450319816));
#3498=DIRECTION('',(-1.,0.,-6.69535286834808E-17));
#3499=DIRECTION('',(-0.707104246960316,0.,-0.707109315403697));
#3500=DIRECTION('center_axis',(0.532816450319816,0.,0.8462308374602));
#3501=DIRECTION('ref_axis',(0.8462308374602,0.,-0.532816450319816));
#3502=DIRECTION('',(2.59305984301805E-15,-1.,-1.63268091856641E-15));
#3503=DIRECTION('center_axis',(6.69535286834807E-17,1.60441126076987E-15,
-1.));
#3504=DIRECTION('ref_axis',(-1.,2.13715971869434E-15,-6.69535286834773E-17));
#3505=DIRECTION('',(0.457919960527711,0.888993425032097,1.45697041908381E-15));
#3506=DIRECTION('',(-0.122791346616526,0.992432509139085,1.58404857926907E-15));
#3507=DIRECTION('',(1.,2.78904447747368E-31,6.69535286834807E-17));
#3508=DIRECTION('center_axis',(-6.69535286834807E-17,-1.60441126076987E-15,
1.));
#3509=DIRECTION('ref_axis',(1.,-2.13715971869434E-15,6.69535286834773E-17));
#3510=DIRECTION('',(2.09807626408368E-15,1.,1.60441126076987E-15));
#3511=DIRECTION('',(-1.,-2.78904447747368E-31,-6.69535286834807E-17));
#3512=DIRECTION('',(0.122791346616523,-0.992432509139086,-1.58404857926908E-15));
#3513=DIRECTION('',(-0.457919960527713,-0.888993425032096,-1.4569704190838E-15));
#3514=DIRECTION('center_axis',(-0.707106781186547,3.49073871477669E-16,
0.707106781186548));
#3515=DIRECTION('ref_axis',(0.707106781186548,-2.65073313529465E-15,0.707106781186547));
#3516=DIRECTION('',(-0.707106781186548,-5.03591635616731E-46,-0.707106781186547));
#3517=DIRECTION('',(2.09807626408368E-15,1.,1.60441126076987E-15));
#3518=DIRECTION('center_axis',(0.707106781186549,-2.61805403608254E-15,
0.707106781186546));
#3519=DIRECTION('ref_axis',(0.707106781186546,-3.71667123840342E-16,-0.707106781186549));
#3520=DIRECTION('',(-0.707106781186546,-3.94430452610506E-31,0.707106781186549));
#3521=DIRECTION('',(2.09807626408368E-15,1.,1.60441126076987E-15));
#3522=DIRECTION('center_axis',(-6.69535286834807E-17,-1.60441126076987E-15,
1.));
#3523=DIRECTION('ref_axis',(1.,-2.13715971869434E-15,6.69535286834773E-17));
#3524=DIRECTION('',(-1.,-2.78904447747368E-31,-6.69535286834807E-17));
#3525=DIRECTION('',(-3.45345581731632E-15,1.,1.60441126076987E-15));
#3526=DIRECTION('center_axis',(0.704416026408323,0.0871557427476583,-0.704416026397194));
#3527=DIRECTION('ref_axis',(-0.0616284167162195,0.996194698091746,0.0616284167162194));
#3528=DIRECTION('',(-0.707106781186547,3.86894852299386E-47,-0.707106781186548));
#3529=DIRECTION('center_axis',(-0.704416026408323,-0.0871557427476583,0.704416026397194));
#3530=DIRECTION('ref_axis',(-0.0616284167167063,0.996194698091746,0.0616284167157326));
#3531=DIRECTION('',(0.707106781180962,-3.11562250630559E-42,0.707106781192133));
#3532=DIRECTION('center_axis',(-2.78904447747368E-31,1.,2.78904447747368E-31));
#3533=DIRECTION('ref_axis',(0.707106781186547,-2.84638750565978E-46,0.707106781186548));
#3534=DIRECTION('',(-0.906906524805394,-3.70451599484363E-31,0.421331882564569));
#3535=DIRECTION('',(-2.4492935982947E-16,-2.78904447747368E-31,1.));
#3536=DIRECTION('',(-0.707106781186547,3.86894852299386E-47,0.707106781186548));
#3537=DIRECTION('center_axis',(-2.78904447747368E-31,1.,2.78904447747368E-31));
#3538=DIRECTION('ref_axis',(1.74720154950809E-14,-2.78904447747363E-31,
1.));
#3539=DIRECTION('center_axis',(0.421331882564569,0.,0.906906524805394));
#3540=DIRECTION('ref_axis',(-0.906906524805394,9.88809294187709E-32,0.421331882564569));
#3541=DIRECTION('',(-2.83390261540956E-14,-1.,1.31657838078889E-14));
#3542=DIRECTION('center_axis',(-0.704416026408323,-0.0871557427476583,-0.704416026397195));
#3543=DIRECTION('ref_axis',(-0.0616284167162195,0.996194698091746,-0.0616284167162194));
#3544=DIRECTION('',(0.707106781180962,-3.11562250630559E-42,-0.707106781192133));
#3545=DIRECTION('center_axis',(0.704416026408323,0.0871557427476583,0.704416026397195));
#3546=DIRECTION('ref_axis',(-0.0616284167167062,0.996194698091746,-0.0616284167157326));
#3547=DIRECTION('center_axis',(-6.69535286834808E-17,-1.63268091856641E-15,
1.));
#3548=DIRECTION('ref_axis',(1.,-2.13715971869434E-15,6.69535286834773E-17));
#3549=DIRECTION('',(1.63266921577786E-15,1.,1.63268091856641E-15));
#3550=DIRECTION('center_axis',(6.69535286834808E-17,1.63268091856641E-15,
-1.));
#3551=DIRECTION('ref_axis',(-1.,2.13715971869434E-15,-6.69535286834773E-17));
#3552=DIRECTION('center_axis',(-0.707109315403697,0.,0.707104246960316));
#3553=DIRECTION('ref_axis',(0.,-1.,0.));
#3554=DIRECTION('center_axis',(-0.664407481190142,0.34223588048463,0.664407481179645));
#3555=DIRECTION('ref_axis',(0.707106781180962,1.66533453693773E-16,0.707106781192134));
#3556=DIRECTION('center_axis',(0.664407481190142,-0.34223588048463,-0.664407481179645));
#3557=DIRECTION('ref_axis',(-0.241997311857943,-0.939614070833824,0.241997311854119));
#3558=DIRECTION('center_axis',(1.,-2.83390261540956E-14,2.4492935982947E-16));
#3559=DIRECTION('ref_axis',(-2.83390261540956E-14,-1.,-6.94105953411326E-30));
#3560=DIRECTION('center_axis',(0.664407481190142,-0.34223588048463,0.664407481179646));
#3561=DIRECTION('ref_axis',(0.707106781180962,-8.32667268468868E-17,-0.707106781192133));
#3562=DIRECTION('center_axis',(-0.664407481190142,0.34223588048463,-0.664407481179646));
#3563=DIRECTION('ref_axis',(-0.241997311857942,-0.939614070833824,-0.241997311854119));
#3564=DIRECTION('center_axis',(-2.23678434505718E-32,-1.,9.13236513015232E-17));
#3565=DIRECTION('ref_axis',(2.63379714963569E-16,-9.13236513015232E-17,
-1.));
#3566=DIRECTION('center_axis',(-2.78904447747368E-31,1.,-2.78904447747368E-31));
#3567=DIRECTION('ref_axis',(1.79618742147397E-14,-2.78904447747363E-31,
-1.));
#3568=DIRECTION('center_axis',(-1.09651885542244E-50,1.,-2.68569661299562E-66));
#3569=DIRECTION('ref_axis',(1.,1.09651885542244E-50,8.11607045721586E-15));
#3570=DIRECTION('center_axis',(0.619236168967267,0.247212279177765,0.745273544456314));
#3571=DIRECTION('ref_axis',(0.752042622994366,-0.459650107992896,-0.472391438768606));
#3572=DIRECTION('center_axis',(0.160534847528463,-0.968956023391555,0.188023369457729));
#3573=DIRECTION('ref_axis',(-0.768618975677647,-0.00321150384697061,0.639698801367711));
#3574=DIRECTION('center_axis',(-0.619236168967267,-0.247212279177763,-0.745273544456314));
#3575=DIRECTION('ref_axis',(0.752042622994366,-0.459650107992895,-0.472391438768606));
#3576=DIRECTION('center_axis',(0.619236168967267,0.247212279177765,0.745273544456314));
#3577=DIRECTION('ref_axis',(0.752042622994366,-0.459650107992896,-0.472391438768606));
#3578=DIRECTION('center_axis',(-0.619236168967267,-0.247212279177763,-0.745273544456314));
#3579=DIRECTION('ref_axis',(-0.768618975677648,-0.00321150384697001,0.63969880136771));
#3580=DIRECTION('center_axis',(0.619236168967267,0.247212279177762,0.745273544456315));
#3581=DIRECTION('ref_axis',(0.16053484752846,-0.968956023391556,0.188023369457727));
#3582=DIRECTION('center_axis',(0.619236168967267,0.247212279177762,0.745273544456315));
#3583=DIRECTION('ref_axis',(0.768618975677648,0.0032115038469699,-0.63969880136771));
#3584=DIRECTION('center_axis',(-0.619236168967267,-0.247212279177762,-0.745273544456315));
#3585=DIRECTION('ref_axis',(0.752042622994366,-0.459650107992894,-0.472391438768607));
#3586=DIRECTION('center_axis',(-0.619236168967267,-0.247212279177762,-0.745273544456315));
#3587=DIRECTION('ref_axis',(0.225784100951542,0.852999336017243,-0.47054614280817));
#3588=DIRECTION('center_axis',(-0.0801804055149697,-0.281031248923838,0.956343316858419));
#3589=DIRECTION('ref_axis',(0.967632160660991,-0.252267846191103,0.00699538652571818));
#3590=DIRECTION('center_axis',(0.619238523043532,0.247212289125933,0.745271585184878));
#3591=DIRECTION('ref_axis',(0.430039030020268,0.687363388754588,-0.585318720407127));
#3592=DIRECTION('center_axis',(0.239288746551101,0.925949442953777,0.292161812815421));
#3593=DIRECTION('ref_axis',(-0.967632160660991,0.252267846191103,-0.00699538652571945));
#3594=DIRECTION('center_axis',(0.619238523043532,0.247212289125933,0.745271585184878));
#3595=DIRECTION('ref_axis',(0.430039030020268,0.687363388754588,-0.585318720407127));
#3596=DIRECTION('center_axis',(-0.0801804055149704,-0.281031248923838,0.956343316858419));
#3597=DIRECTION('ref_axis',(0.967632160660991,-0.252267846191103,0.00699538652571918));
#3598=DIRECTION('center_axis',(0.239288746551102,0.925949442953777,0.292161812815421));
#3599=DIRECTION('ref_axis',(-0.967632160660991,0.252267846191103,-0.00699538652571804));
#3600=DIRECTION('center_axis',(0.619236168967267,0.247212279177765,0.745273544456314));
#3601=DIRECTION('ref_axis',(0.768618975677647,0.00321150384696909,-0.63969880136771));
#3602=DIRECTION('center_axis',(0.619141368925975,0.247211876565974,0.745352435676707));
#3603=DIRECTION('ref_axis',(-0.430094374894156,-0.687385489017181,0.585252097965497));
#3604=DIRECTION('center_axis',(-0.619240390512673,-0.247212297120538,-0.745270030868074));
#3605=DIRECTION('ref_axis',(-0.145896542580343,-0.89639136704657,0.418565067758268));
#3606=DIRECTION('center_axis',(-0.619240390512673,-0.247212297120538,-0.745270030868074));
#3607=DIRECTION('ref_axis',(-0.145896542580343,-0.89639136704657,0.418565067758268));
#3608=DIRECTION('',(0.619141368925975,0.247211876565974,0.745352435676707));
#3609=DIRECTION('center_axis',(-0.619236168967267,-0.247212279177765,-0.745273544456314));
#3610=DIRECTION('ref_axis',(0.768618975677647,0.00321150384697057,-0.639698801367711));
#3611=DIRECTION('center_axis',(-0.619236168967267,-0.247212279177765,-0.745273544456314));
#3612=DIRECTION('ref_axis',(0.768618975677647,0.00321150384697057,-0.639698801367711));
#3613=DIRECTION('',(-0.619236168967267,-0.247212279177765,-0.745273544456314));
#3614=DIRECTION('center_axis',(-0.619236168967267,-0.247212279177762,-0.745273544456315));
#3615=DIRECTION('ref_axis',(0.16053484752846,-0.968956023391556,0.188023369457727));
#3616=DIRECTION('',(-0.497382823200915,0.631854448361363,-0.59444956326895));
#3617=DIRECTION('center_axis',(0.619236168967267,0.247212279177765,0.745273544456314));
#3618=DIRECTION('ref_axis',(0.768618975677647,0.00321150384697025,-0.63969880136771));
#3619=DIRECTION('center_axis',(-0.619236168967267,-0.247212279177765,-0.745273544456314));
#3620=DIRECTION('ref_axis',(0.752042622994366,-0.459650107992896,-0.472391438768605));
#3621=DIRECTION('center_axis',(-0.619236168967267,-0.247212279177765,-0.745273544456314));
#3622=DIRECTION('ref_axis',(-0.160534847528463,0.968956023391555,-0.188023369457729));
#3623=DIRECTION('',(0.619236168967267,0.247212279177765,0.745273544456314));
#3624=DIRECTION('center_axis',(0.707106781192133,0.,-0.707106781180962));
#3625=DIRECTION('ref_axis',(-0.707106781180962,0.,-0.707106781192133));
#3626=DIRECTION('',(0.707106781180962,0.,0.707106781192133));
#3627=DIRECTION('',(0.,-1.,0.));
#3628=DIRECTION('',(0.569489589040256,0.592758986384241,0.569489589049253));
#3629=DIRECTION('',(-0.707106781180962,2.1014898458638E-15,-0.707106781192133));
#3630=DIRECTION('',(0.,-1.,0.));
#3631=DIRECTION('',(0.707106781180962,6.77994470783714E-16,0.707106781192133));
#3632=DIRECTION('',(0.,1.,0.));
#3633=DIRECTION('center_axis',(0.704416026408323,0.0871557427476583,-0.704416026397194));
#3634=DIRECTION('ref_axis',(-0.0616284167162195,0.996194698091746,0.0616284167162194));
#3635=DIRECTION('',(3.0075205919852E-17,-0.992432509138849,-0.122791346618435));
#3636=DIRECTION('',(-0.707106781180962,-5.47169487947584E-19,-0.707106781192133));
#3637=DIRECTION('',(0.122791346616524,-0.992432509139085,1.50376029596919E-17));
#3638=DIRECTION('center_axis',(0.721119264745126,-0.692810945362044,0.));
#3639=DIRECTION('ref_axis',(0.692810945362044,0.721119264745126,0.));
#3640=DIRECTION('',(0.692810945362044,0.721119264745126,8.48448706651879E-17));
#3641=DIRECTION('',(0.682459623159831,0.710344986559178,-0.17221748699474));
#3642=DIRECTION('',(0.,0.,1.));
#3643=DIRECTION('',(0.68245962315983,0.710344986559178,0.172217486994741));
#3644=DIRECTION('',(0.692810945362044,0.721119264745126,-1.0171738274852E-15));
#3645=DIRECTION('',(-0.569489589040255,-0.592758986384241,0.569489589049254));
#3646=DIRECTION('',(4.86741417508304E-16,5.06629716900859E-16,1.));
#3647=DIRECTION('center_axis',(-1.22464679914735E-16,0.,1.));
#3648=DIRECTION('ref_axis',(-1.,0.,-1.22464679914735E-16));
#3649=DIRECTION('',(-1.,-5.6119301271929E-18,-1.22464679914735E-16));
#3650=DIRECTION('',(0.,1.,0.));
#3651=DIRECTION('center_axis',(0.707106781192134,0.,0.707106781180961));
#3652=DIRECTION('ref_axis',(0.707106781180961,0.,-0.707106781192134));
#3653=DIRECTION('',(0.,1.,0.));
#3654=DIRECTION('',(0.707106781180961,0.,-0.707106781192134));
#3655=DIRECTION('',(0.,1.,0.));
#3656=DIRECTION('',(-0.707106781180961,-1.4630407001318E-15,0.707106781192134));
#3657=DIRECTION('',(0.,1.,0.));
#3658=DIRECTION('',(0.707106781180961,-2.8179724626119E-15,-0.707106781192134));
#3659=DIRECTION('center_axis',(-0.704416026408324,-0.0871557427476583,-0.704416026397193));
#3660=DIRECTION('ref_axis',(-0.0616284167162196,0.996194698091746,-0.0616284167162193));
#3661=DIRECTION('',(-0.122791346616524,0.992432509139085,1.80280269611968E-16));
#3662=DIRECTION('',(0.707106781180961,7.38929820895609E-18,-0.707106781192134));
#3663=DIRECTION('',(2.14741825298849E-16,-0.992432509138849,0.122791346618435));
#3664=DIRECTION('center_axis',(1.46818383037186E-15,0.,1.));
#3665=DIRECTION('ref_axis',(1.,0.,-1.46818383037186E-15));
#3666=DIRECTION('',(0.,-1.,0.));
#3667=DIRECTION('',(1.,5.61193012719291E-18,-1.46818383037186E-15));
#3668=DIRECTION('center_axis',(0.244677966985723,0.,-0.969604399985754));
#3669=DIRECTION('ref_axis',(-0.969604399985754,0.,-0.244677966985723));
#3670=DIRECTION('',(0.0871346709746895,0.995953846624602,0.0219882811467957));
#3671=DIRECTION('',(1.53185589652482E-33,-1.,-6.25427632518762E-18));
#3672=DIRECTION('',(0.969604399985754,4.25757185069135E-18,0.244677966985723));
#3673=DIRECTION('center_axis',(0.244677966985722,0.,0.969604399985754));
#3674=DIRECTION('ref_axis',(0.969604399985754,0.,-0.244677966985722));
#3675=DIRECTION('',(0.969604399985754,6.62513243678634E-18,-0.244677966985723));
#3676=DIRECTION('',(1.53185589652482E-33,1.,-6.25427632518762E-18));
#3677=DIRECTION('',(0.0871346709746895,0.995953846624602,-0.0219882811467956));
#3678=DIRECTION('center_axis',(-3.47858515814227E-15,-1.,5.0662971690086E-16));
#3679=DIRECTION('ref_axis',(-1.22464679914735E-16,5.06629716900861E-16,
1.));
#3680=DIRECTION('',(2.23010976604419E-15,-5.06629716900868E-16,-1.));
#3681=DIRECTION('center_axis',(-0.996194698091746,0.0871557427476581,0.));
#3682=DIRECTION('ref_axis',(0.0871557427476581,0.996194698091746,0.));
#3683=DIRECTION('',(2.4492935982947E-16,0.,-1.));
#3684=DIRECTION('center_axis',(-1.,0.,-2.23010976604419E-15));
#3685=DIRECTION('ref_axis',(2.23010976604419E-15,1.586289935733E-48,-1.));
#3686=DIRECTION('',(2.23010976604419E-15,5.55111512312584E-16,-1.));
#3687=DIRECTION('center_axis',(-1.51394048812522E-15,1.,5.5511151231258E-16));
#3688=DIRECTION('ref_axis',(0.,-5.5511151231258E-16,1.));
#3689=DIRECTION('',(1.65749494632417E-14,-5.55111512312555E-16,1.));
#3690=DIRECTION('center_axis',(1.,5.6119301271927E-18,-1.65749494632417E-14));
#3691=DIRECTION('ref_axis',(-1.65749494632417E-14,4.83811561633804E-18,
-1.));
#3692=DIRECTION('',(-1.65749494632417E-14,4.83811561633804E-18,-1.));
#3693=DIRECTION('center_axis',(-5.6119301271929E-18,1.,4.83811561633814E-18));
#3694=DIRECTION('ref_axis',(-1.,-5.6119301271929E-18,-2.17173784213842E-16));
#3695=DIRECTION('',(2.4492935982947E-16,4.83811561633814E-18,-1.));
#3696=DIRECTION('center_axis',(1.,0.,2.4492935982947E-16));
#3697=DIRECTION('ref_axis',(0.,-1.,0.));
#3698=DIRECTION('center_axis',(1.86960534387323E-15,-1.,5.9829853654726E-16));
#3699=DIRECTION('ref_axis',(0.684547105928689,1.71597379035232E-15,0.728968627421412));
#3700=DIRECTION('',(0.884443305760687,-7.55330247716175E-16,0.466647660333906));
#3701=DIRECTION('',(0.443069844310633,2.91998831139337E-16,-0.896487095870628));
#3702=DIRECTION('',(-0.896487095870628,7.65615857780643E-16,-0.443069844310632));
#3703=DIRECTION('center_axis',(1.93912826488087E-15,-1.,5.68474431169704E-16));
#3704=DIRECTION('ref_axis',(0.175554857239308,9.00069210092318E-16,0.984469650166873));
#3705=DIRECTION('',(2.88657986402541E-15,5.68474431169706E-16,1.));
#3706=DIRECTION('',(1.,7.65283334528971E-16,6.10622663543836E-16));
#3707=DIRECTION('',(-4.9960036108132E-15,-5.98298536547269E-16,-1.));
#3708=DIRECTION('center_axis',(0.466647660333905,3.01187253474149E-15,-0.884443305760687));
#3709=DIRECTION('ref_axis',(0.884443305760687,0.,0.466647660333905));
#3710=DIRECTION('',(1.70050188433274E-29,1.,3.40538790346891E-15));
#3711=DIRECTION('',(0.884443305760687,0.,0.466647660333906));
#3712=DIRECTION('center_axis',(-0.466647660333905,-3.01187253474149E-15,
0.884443305760687));
#3713=DIRECTION('ref_axis',(0.884443305760687,-1.58262315590041E-13,0.466647660333905));
#3714=DIRECTION('',(1.44237992062906E-15,-1.,-2.64436318781994E-15));
#3715=DIRECTION('',(1.44237992062906E-15,-1.,-2.64436318781994E-15));
#3716=DIRECTION('center_axis',(0.466647660333905,3.01187253474149E-15,-0.884443305760687));
#3717=DIRECTION('ref_axis',(0.884443305760687,8.32375432626442E-16,0.466647660333905));
#3718=DIRECTION('center_axis',(-1.,-8.31141862284357E-33,4.9960036108132E-15));
#3719=DIRECTION('ref_axis',(4.98212582300539E-15,-9.10216481986598E-33,
1.));
#3720=DIRECTION('',(8.31141862284353E-33,-1.,-9.10216481986602E-33));
#3721=DIRECTION('',(-7.16093850883226E-15,-1.77635683940027E-14,-1.));
#3722=DIRECTION('',(-8.31141862284415E-33,1.,-1.88113061485387E-31));
#3723=DIRECTION('',(-4.9960036108132E-15,-5.98298536547269E-16,-1.));
#3724=DIRECTION('center_axis',(1.,0.,0.));
#3725=DIRECTION('ref_axis',(0.,-1.,0.));
#3726=DIRECTION('center_axis',(1.,4.6044499911109E-15,6.10622663543836E-16));
#3727=DIRECTION('ref_axis',(0.,-1.,0.));
#3728=DIRECTION('',(1.,0.,0.));
#3729=DIRECTION('center_axis',(-1.,1.54765686577836E-16,-6.10622663543836E-16));
#3730=DIRECTION('ref_axis',(0.,-1.,0.));
#3731=DIRECTION('center_axis',(1.,0.,0.));
#3732=DIRECTION('ref_axis',(0.,-1.,0.));
#3733=DIRECTION('center_axis',(1.,4.6044499911109E-15,6.10622663543836E-16));
#3734=DIRECTION('ref_axis',(0.,-1.,0.));
#3735=DIRECTION('',(1.,0.,0.));
#3736=DIRECTION('center_axis',(-1.,1.54765686577836E-16,-6.10622663543836E-16));
#3737=DIRECTION('ref_axis',(0.,-1.,0.));
#3738=DIRECTION('center_axis',(-0.443069844310632,-3.12151416027183E-15,
0.896487095870628));
#3739=DIRECTION('ref_axis',(0.633912104736354,0.707106781186548,0.313297691451318));
#3740=DIRECTION('center_axis',(0.443069844310632,3.00971252154579E-15,-0.896487095870628));
#3741=DIRECTION('ref_axis',(0.633912104736354,0.707106781186548,0.313297691451318));
#3742=DIRECTION('',(0.443069844310632,3.12151416027183E-15,-0.896487095870628));
#3743=DIRECTION('',(-0.443069844310632,-3.12151416027183E-15,0.896487095870628));
#3744=DIRECTION('center_axis',(0.896487095870628,1.21437400258703E-16,0.443069844310632));
#3745=DIRECTION('ref_axis',(-0.443069844310632,0.,0.896487095870628));
#3746=DIRECTION('',(1.44237992062906E-15,-1.,-2.64436318781994E-15));
#3747=DIRECTION('center_axis',(-0.443069844310632,-3.00971252154579E-15,
0.896487095870628));
#3748=DIRECTION('ref_axis',(-0.896487095870628,-8.26662159890688E-17,-0.443069844310632));
#3749=DIRECTION('',(0.896487095870628,8.26662159890688E-17,0.443069844310632));
#3750=DIRECTION('',(-1.74973536461282E-15,1.,-1.36704309056247E-15));
#3751=DIRECTION('center_axis',(-0.443069844310632,-3.00971252154579E-15,
0.896487095870628));
#3752=DIRECTION('ref_axis',(0.633912104736355,0.707106781186548,0.313297691451316));
#3753=DIRECTION('',(1.44237992062906E-15,-1.,-2.64436318781994E-15));
#3754=DIRECTION('center_axis',(0.443069844310633,2.91998831139337E-16,-0.896487095870628));
#3755=DIRECTION('ref_axis',(0.633912104736355,0.707106781186548,0.313297691451316));
#3756=DIRECTION('',(-0.443069844310633,-2.91998831139337E-16,0.896487095870628));
#3757=DIRECTION('center_axis',(-1.99840144432528E-15,-4.44089209850063E-15,
1.));
#3758=DIRECTION('ref_axis',(-1.56617499749669E-15,1.,4.44089209850063E-15));
#3759=DIRECTION('',(-1.,0.,-1.99840144432528E-15));
#3760=DIRECTION('',(-3.7681029150286E-16,-1.,-4.44089209850063E-15));
#3761=DIRECTION('',(-1.,-3.47858515814227E-15,-1.99840144432528E-15));
#3762=DIRECTION('',(4.6044499911109E-15,-1.,-4.44089209850062E-15));
#3763=DIRECTION('',(-1.,-8.31141862284348E-33,-4.81520606880503E-15));
#3764=DIRECTION('',(-1.54765686577836E-16,-1.,-7.45228673252373E-31));
#3765=DIRECTION('center_axis',(3.47858515814227E-15,-1.,-5.06629716900861E-16));
#3766=DIRECTION('ref_axis',(-4.9960036108132E-16,-5.06629716900863E-16,
1.));
#3767=DIRECTION('',(6.10622663543836E-16,5.06629716900861E-16,-1.));
#3768=DIRECTION('',(-1.,-3.47858515814224E-15,-7.67509180840558E-14));
#3769=DIRECTION('',(6.10622663543836E-16,5.06629716900862E-16,-1.));
#3770=DIRECTION('center_axis',(7.67509180840558E-14,0.,-1.));
#3771=DIRECTION('ref_axis',(-1.,3.00306446246546E-33,-7.67509180840558E-14));
#3772=DIRECTION('',(0.,1.,0.));
#3773=DIRECTION('',(1.,-5.72728090885354E-49,7.65564956113244E-14));
#3774=DIRECTION('',(1.54765686577836E-16,1.,1.18483186052797E-29));
#3775=DIRECTION('',(1.,8.31141862284283E-33,7.65564956113244E-14));
#3776=DIRECTION('',(0.,1.,0.));
#3777=DIRECTION('center_axis',(0.,1.,0.));
#3778=DIRECTION('ref_axis',(0.,0.,1.));
#3779=DIRECTION('',(6.10622663543836E-16,0.,-1.));
#3780=DIRECTION('',(-6.10622663543836E-16,0.,1.));
#3781=DIRECTION('center_axis',(1.,-1.54765686577836E-16,6.10622663543836E-16));
#3782=DIRECTION('ref_axis',(-1.54765686577836E-16,-1.,3.83647582012248E-17));
#3783=DIRECTION('',(-6.10622663543836E-16,-9.10216481986602E-33,1.));
#3784=DIRECTION('',(-1.54765686577836E-16,-1.,-3.0553582190185E-31));
#3785=DIRECTION('',(-6.10622663543836E-16,-4.46905617208269E-16,1.));
#3786=DIRECTION('',(-1.54765686577836E-16,-1.,-3.0553582190185E-31));
#3787=DIRECTION('',(-3.33066907387547E-16,-9.10216481986602E-33,1.));
#3788=DIRECTION('',(1.54765686577836E-16,1.,-1.69490053577549E-16));
#3789=DIRECTION('',(6.10622663543836E-16,9.10216481986602E-33,-1.));
#3790=DIRECTION('',(1.54765686577836E-16,1.,3.0553582190185E-31));
#3791=DIRECTION('',(6.10622663543836E-16,9.10216481986602E-33,-1.));
#3792=DIRECTION('',(-4.32986979603811E-15,-5.68474431169707E-16,-1.));
#3793=DIRECTION('',(-8.31141862284353E-33,1.,9.10216481986602E-33));
#3794=DIRECTION('',(-6.10622663543836E-16,5.75527126765713E-30,1.));
#3795=DIRECTION('',(-6.83521545281239E-17,-1.,-3.95547031781573E-17));
#3796=DIRECTION('',(-6.10622663543836E-16,-2.08989768228047E-17,1.));
#3797=DIRECTION('',(-6.83521545281239E-17,-1.,-3.95547031781573E-17));
#3798=DIRECTION('',(6.10622663543836E-16,2.18705444269767E-17,-1.));
#3799=DIRECTION('',(-6.83521545281239E-17,-1.,-3.95547031781573E-17));
#3800=DIRECTION('',(-6.10622663543836E-16,-4.46905617208269E-16,1.));
#3801=DIRECTION('',(-1.54765686577836E-16,-1.,-4.27101199337326E-30));
#3802=DIRECTION('',(-6.10622663543836E-16,-9.10216481986602E-33,1.));
#3803=DIRECTION('center_axis',(-8.31141862284353E-33,1.,9.10216481986602E-33));
#3804=DIRECTION('ref_axis',(0.684547105928689,-9.4563503087185E-34,0.728968627421412));
#3805=DIRECTION('',(1.,-1.05466829624519E-32,2.75966339038935E-14));
#3806=DIRECTION('',(-6.10622663543836E-16,-9.10216481986602E-33,1.));
#3807=DIRECTION('',(-1.,-8.31141862284352E-33,-6.10622663543836E-16));
#3808=DIRECTION('',(-4.9960036108132E-15,9.10216481986598E-33,-1.));
#3809=DIRECTION('',(1.,8.31141862284352E-33,6.10622663543836E-16));
#3810=DIRECTION('',(-6.10622663543836E-16,5.57382822832737E-15,1.));
#3811=DIRECTION('center_axis',(-8.31141862284353E-33,1.,9.10216481986602E-33));
#3812=DIRECTION('ref_axis',(0.684547105928689,-9.4563503087185E-34,0.728968627421412));
#3813=DIRECTION('',(-0.977692694729978,-6.21419038821966E-33,-0.210040459606321));
#3814=DIRECTION('',(1.,8.31141862284352E-33,6.10622663543836E-16));
#3815=DIRECTION('',(-4.32986979603811E-15,-8.76697540576389E-30,-1.));
#3816=DIRECTION('',(-1.,-8.31141862284352E-33,-6.10622663543836E-16));
#3817=DIRECTION('',(6.10622663543836E-16,7.97963070040878E-31,-1.));
#3818=DIRECTION('center_axis',(1.,-3.76810291502867E-16,6.10622663543836E-16));
#3819=DIRECTION('ref_axis',(3.76810291502867E-16,1.,1.49459327653538E-17));
#3820=DIRECTION('center_axis',(1.,-3.76810291502867E-16,6.10622663543836E-16));
#3821=DIRECTION('ref_axis',(3.76810291502867E-16,1.,1.49459327653538E-17));
#3822=DIRECTION('',(-6.10622663543836E-16,-9.10216481986602E-33,1.));
#3823=DIRECTION('',(-3.76810291502867E-16,-1.,-1.31626385671627E-30));
#3824=DIRECTION('',(-6.10622663543836E-16,3.8532828779064E-31,1.));
#3825=DIRECTION('',(3.76810291502867E-16,1.,-3.95908241323432E-32));
#3826=DIRECTION('center_axis',(-1.11022302462516E-16,2.08989768228045E-17,
-1.));
#3827=DIRECTION('ref_axis',(-1.,-1.8991469089787E-15,1.94289029309402E-16));
#3828=DIRECTION('',(1.,-8.54017711250059E-16,-1.11022302462516E-16));
#3829=DIRECTION('',(-8.31141862284353E-33,1.,9.10216481986602E-33));
#3830=DIRECTION('',(-1.,-1.8991469089787E-15,-6.10622663543836E-16));
#3831=DIRECTION('center_axis',(-1.,-2.28772496759751E-15,1.49880108324396E-15));
#3832=DIRECTION('ref_axis',(1.51267887105178E-15,1.35276303076655E-15,1.));
#3833=DIRECTION('',(-1.49880108324396E-15,-3.95378602736889E-30,-1.));
#3834=DIRECTION('',(-2.3758530687865E-15,1.,-2.32734250727022E-17));
#3835=DIRECTION('',(2.22044604925031E-15,1.35276303076655E-15,1.));
#3836=DIRECTION('center_axis',(-1.11022302462516E-16,2.08989768228041E-17,
-1.));
#3837=DIRECTION('ref_axis',(-1.,-2.50976957252254E-15,1.94289029309402E-16));
#3838=DIRECTION('',(-1.,-1.26161707343753E-15,4.99600361081321E-15));
#3839=DIRECTION('',(1.,-8.54017711250059E-16,0.));
#3840=DIRECTION('',(-1.,-1.86960534387323E-15,1.11022302462516E-16));
#3841=DIRECTION('center_axis',(-8.09277540916912E-16,-1.,-4.46905617208269E-16));
#3842=DIRECTION('ref_axis',(-1.,8.09277540916912E-16,-4.9960036108132E-16));
#3843=DIRECTION('',(-1.,8.09277540916924E-16,-2.75966339038935E-14));
#3844=DIRECTION('',(1.,-1.54765686577836E-16,6.10622663543836E-16));
#3845=DIRECTION('',(6.10622663543836E-16,-3.50639696563646E-17,-1.));
#3846=DIRECTION('',(1.,-1.54765686577836E-16,6.10622663543836E-16));
#3847=DIRECTION('',(-2.22044604925031E-16,9.10216481986602E-33,-1.));
#3848=DIRECTION('center_axis',(2.75966339038935E-14,0.,-1.));
#3849=DIRECTION('ref_axis',(-1.,1.05466829624519E-32,-2.75966339038935E-14));
#3850=DIRECTION('',(0.788010753606722,0.615661475325659,2.17464442796159E-14));
#3851=DIRECTION('center_axis',(0.615661475325659,-0.788010753606722,6.36304670137568E-16));
#3852=DIRECTION('ref_axis',(-0.788010753606722,-0.615661475325659,-1.90969701243809E-15));
#3853=DIRECTION('',(-0.788010753606722,-0.615661475325659,-5.08040443848828E-16));
#3854=DIRECTION('center_axis',(-1.,-4.6044499911109E-15,-6.10622663543836E-16));
#3855=DIRECTION('ref_axis',(-4.9960036108132E-16,-9.10216481986602E-33,
1.));
#3856=DIRECTION('',(4.6044499911109E-15,-1.,-1.61106103478026E-15));
#3857=DIRECTION('',(-1.74973536461282E-15,1.,-1.36704309056247E-15));
#3858=DIRECTION('',(2.88657986402541E-15,5.68474431169706E-16,1.));
#3859=DIRECTION('',(-6.10622663543836E-16,6.27954199448612E-17,1.));
#3860=DIRECTION('',(-4.60444999111089E-15,1.,-1.28553068574885E-29));
#3861=DIRECTION('',(-6.10622663543836E-16,-9.10216481986602E-33,1.));
#3862=DIRECTION('',(4.60444999111089E-15,-1.,1.28553068574885E-29));
#3863=DIRECTION('',(-6.10622663543836E-16,6.27954199448612E-17,1.));
#3864=DIRECTION('',(4.6044499911109E-15,-1.,4.20444060961688E-15));
#3865=DIRECTION('',(6.10622663543836E-16,9.10216481986602E-33,-1.));
#3866=DIRECTION('',(8.31141862284353E-33,-1.,-9.10216481986602E-33));
#3867=DIRECTION('center_axis',(-0.210040459606321,-1.06448542381338E-32,
0.977692694729978));
#3868=DIRECTION('ref_axis',(-0.977692694729978,-6.21419038821966E-33,-0.210040459606321));
#3869=DIRECTION('',(-0.977692694729978,-6.21419038821966E-33,-0.210040459606321));
#3870=DIRECTION('center_axis',(-1.,-8.31141862284357E-33,4.9960036108132E-15));
#3871=DIRECTION('ref_axis',(4.98212582300539E-15,-9.10216481986598E-33,
1.));
#3872=DIRECTION('',(8.31141862284353E-33,-1.,-9.10216481986602E-33));
#3873=DIRECTION('',(3.17206578464329E-15,1.,-1.72422454998307E-29));
#3874=DIRECTION('',(4.99600361081321E-15,2.22044604925045E-15,1.));
#3875=DIRECTION('center_axis',(6.10622663543836E-16,2.08989768228047E-17,
-1.));
#3876=DIRECTION('ref_axis',(-0.788010753606722,-0.615661475325658,-4.5252929261757E-16));
#3877=DIRECTION('',(1.,-1.54765686577836E-16,6.10622663543836E-16));
#3878=DIRECTION('',(-1.,-1.78812460651619E-15,-6.10622663543836E-16));
#3879=DIRECTION('center_axis',(6.10622663543836E-16,2.18705444269767E-17,
-1.));
#3880=DIRECTION('ref_axis',(-1.,1.54765686577836E-16,-4.9960036108132E-16));
#3881=DIRECTION('',(6.83521545281239E-17,1.,3.95547031781573E-17));
#3882=DIRECTION('',(-1.,1.54765686577836E-16,-6.10622663543836E-16));
#3883=DIRECTION('center_axis',(-1.,1.54765686577836E-16,-6.10622663543836E-16));
#3884=DIRECTION('ref_axis',(-4.9960036108132E-16,3.50639696563646E-17,1.));
#3885=DIRECTION('',(6.83521545281239E-17,1.,3.95547031781573E-17));
#3886=DIRECTION('',(-6.10622663543836E-16,3.50639696563646E-17,1.));
#3887=DIRECTION('center_axis',(-1.99840144432528E-15,-6.14874593071988E-32,
1.));
#3888=DIRECTION('ref_axis',(-2.89825015130131E-17,1.,1.26831167935283E-33));
#3889=DIRECTION('',(-1.,-3.47858515814227E-15,-1.99840144432528E-15));
#3890=DIRECTION('',(-1.,-3.47858515814227E-15,-1.99840144432528E-15));
#3891=DIRECTION('center_axis',(-3.47858515814228E-15,1.,-2.3501228775798E-30));
#3892=DIRECTION('ref_axis',(4.9960036108132E-16,-1.88113061485387E-31,-1.));
#3893=DIRECTION('',(-1.,-3.47858515814227E-15,-1.99840144432528E-15));
#3894=DIRECTION('center_axis',(1.99840144432528E-15,-1.27279680616427E-30,
-1.));
#3895=DIRECTION('ref_axis',(-6.93889390390724E-16,-1.,-3.08148791101959E-32));
#3896=DIRECTION('',(-1.,-3.47858515814227E-15,-1.99840144432528E-15));
#3897=DIRECTION('center_axis',(-1.74973536461282E-15,1.,-1.36704309056247E-15));
#3898=DIRECTION('ref_axis',(0.175554857239308,1.65298697527025E-15,0.984469650166873));
#3899=DIRECTION('center_axis',(-1.93912826488087E-15,1.,-5.68474431169704E-16));
#3900=DIRECTION('ref_axis',(0.175554857239308,9.00069210092318E-16,0.984469650166873));
#3901=DIRECTION('center_axis',(-1.51394048812522E-15,1.,5.5511151231258E-16));
#3902=DIRECTION('ref_axis',(-4.9960036108132E-16,-5.55111512312581E-16,
1.));
#3903=DIRECTION('',(6.10622663543836E-16,5.55111512312577E-16,-1.));
#3904=DIRECTION('',(1.,1.51394048812522E-15,6.10622663543836E-16));
#3905=DIRECTION('',(4.32986979603811E-15,-5.55111512312571E-16,1.));
#3906=DIRECTION('',(1.,1.51394048812522E-15,6.10622663543836E-16));
#3907=DIRECTION('center_axis',(1.,6.52152856009367E-14,6.10622663543836E-16));
#3908=DIRECTION('ref_axis',(6.52152856009367E-14,-1.,2.44557321003513E-14));
#3909=DIRECTION('',(6.52152856009368E-14,-1.,2.44557321003513E-14));
#3910=DIRECTION('',(6.10622663543836E-16,9.10216481986602E-33,-1.));
#3911=DIRECTION('',(6.52152856009368E-14,-1.,2.44557321003513E-14));
#3912=DIRECTION('center_axis',(-8.31141862284353E-33,1.,9.10216481986602E-33));
#3913=DIRECTION('ref_axis',(1.,8.31141862284352E-33,4.9960036108132E-16));
#3914=DIRECTION('',(1.,8.31141862284352E-33,6.10622663543836E-16));
#3915=DIRECTION('',(1.,8.31141862284352E-33,6.10622663543836E-16));
#3916=DIRECTION('',(6.10622663543836E-16,9.10216481986602E-33,-1.));
#3917=DIRECTION('center_axis',(-1.,1.75525377264987E-15,-6.10622663543836E-16));
#3918=DIRECTION('ref_axis',(1.75525377264987E-15,1.,-7.19591017475837E-31));
#3919=DIRECTION('',(1.75525377264986E-15,1.,-8.92154340492935E-31));
#3920=DIRECTION('',(1.75525377264986E-15,1.,-8.92154340492935E-31));
#3921=DIRECTION('',(6.10622663543836E-16,9.10216481986602E-33,-1.));
#3922=DIRECTION('center_axis',(-8.31141862284353E-33,1.,9.10216481986602E-33));
#3923=DIRECTION('ref_axis',(-0.615661475325659,-1.22896240105442E-32,0.788010753606722));
#3924=DIRECTION('center_axis',(8.31141862284353E-33,-1.,-9.10216481986602E-33));
#3925=DIRECTION('ref_axis',(0.788010753606725,9.45635030871911E-34,0.615661475325655));
#3926=DIRECTION('',(-1.,-8.31141862284357E-33,4.99600361081321E-15));
#3927=DIRECTION('center_axis',(6.10622663543836E-16,2.08989768228047E-17,
-1.));
#3928=DIRECTION('ref_axis',(-0.788010753606722,-0.615661475325658,-4.5252929261757E-16));
#3929=DIRECTION('',(-1.,-8.31141862284352E-33,-6.10622663543836E-16));
#3930=DIRECTION('center_axis',(-8.31141862284353E-33,1.,9.10216481986602E-33));
#3931=DIRECTION('ref_axis',(-0.988228381446553,-6.82107747621504E-33,-0.152985836284039));
#3932=DIRECTION('center_axis',(-8.09277540916912E-16,-1.,-4.46905617208269E-16));
#3933=DIRECTION('ref_axis',(-1.,8.09277540916912E-16,-4.9960036108132E-16));
#3934=DIRECTION('',(1.,-2.25180274554079E-15,1.27675647831893E-15));
#3935=DIRECTION('',(1.,-2.25180274554079E-15,1.27675647831893E-15));
#3936=DIRECTION('center_axis',(6.10622663543836E-16,2.18705444269767E-17,
-1.));
#3937=DIRECTION('ref_axis',(-1.,1.54765686577836E-16,-4.9960036108132E-16));
#3938=DIRECTION('',(-1.,1.54765686577836E-16,-6.10622663543836E-16));
#3939=DIRECTION('center_axis',(6.83521545281239E-17,1.,3.95547031781573E-17));
#3940=DIRECTION('ref_axis',(1.,-6.83521545281239E-17,4.9960036108132E-16));
#3941=DIRECTION('center_axis',(-1.8659739229642E-15,1.,-6.32968659115535E-16));
#3942=DIRECTION('ref_axis',(0.75011106963046,9.81098010606118E-16,-0.661311865323652));
#3943=DIRECTION('center_axis',(-7.65283334528971E-16,1.,-1.80768545343656E-15));
#3944=DIRECTION('ref_axis',(0.788010753606722,1.71597379035232E-15,0.615661475325659));
#3945=DIRECTION('center_axis',(-6.10622663543836E-16,-9.10216481986602E-33,
1.));
#3946=DIRECTION('ref_axis',(1.,8.31141862284352E-33,4.9960036108132E-16));
#3947=DIRECTION('',(1.87985045111995E-29,-1.,4.15690405825201E-15));
#3948=DIRECTION('center_axis',(-1.,-8.31141862284357E-33,4.32986979603811E-15));
#3949=DIRECTION('ref_axis',(4.35762537165374E-15,-9.10216481986598E-33,
1.));
#3950=DIRECTION('',(-4.22827749857888E-30,1.,-1.38563468608399E-15));
#3951=DIRECTION('center_axis',(6.10622663543836E-16,9.10216481986602E-33,
-1.));
#3952=DIRECTION('ref_axis',(-1.,-8.31141862284352E-33,-4.9960036108132E-16));
#3953=DIRECTION('center_axis',(-0.896487095870628,-1.21437400258702E-16,
-0.443069844310633));
#3954=DIRECTION('ref_axis',(0.443069844310633,0.,-0.896487095870628));
#3955=DIRECTION('center_axis',(-1.45715798890373E-15,1.,2.76177025681311E-15));
#3956=DIRECTION('ref_axis',(-1.,-1.45715798890373E-15,0.));
#3957=DIRECTION('center_axis',(0.155406431452488,-0.968955897773983,0.192284448752928));
#3958=DIRECTION('ref_axis',(-0.769598267228934,0.00327872593488387,0.638519973872758));
#3959=DIRECTION('',(-0.619331090265701,-0.24721187656597,-0.745194799173364));
#3960=DIRECTION('',(0.769595895060187,-0.00327967281076371,-0.638522828137541));
#3961=DIRECTION('',(-0.619195719964071,-0.24721244958887,-0.745307094523088));
#3962=DIRECTION('',(0.769595895060185,-0.00327967281080768,-0.638522828137543));
#3963=DIRECTION('',(0.61919571996407,0.247212449588869,0.745307094523088));
#3964=DIRECTION('',(0.981418137387328,0.129264343155966,-0.141806802360267));
#3965=DIRECTION('',(0.769595895060197,-0.00327967281080291,-0.638522828137529));
#3966=DIRECTION('center_axis',(-0.619331090265712,-0.247211876565975,-0.745194799173353));
#3967=DIRECTION('ref_axis',(-0.769575662645696,0.00315356473481985,0.638547848240758));
#3968=DIRECTION('',(-0.155406431452524,0.968955897773982,-0.192284448752905));
#3969=DIRECTION('',(-0.769595895060185,0.00327967281080749,0.638522828137543));
#3970=DIRECTION('',(0.155406431452489,-0.968955897773982,0.19228444875293));
#3971=DIRECTION('',(-0.155406431452523,0.968955897773982,-0.192284448752906));
#3972=DIRECTION('',(0.76959589506018,-0.00327967281075969,-0.63852282813755));
#3973=DIRECTION('center_axis',(-0.155406431452528,0.968955897773981,-0.192284448752907));
#3974=DIRECTION('ref_axis',(-0.883429022795133,-0.223422391807035,-0.411868421370782));
#3975=DIRECTION('',(0.769595895060187,-0.00327967281076371,-0.638522828137541));
#3976=DIRECTION('',(-0.619331090265702,-0.247211876565975,-0.745194799173361));
#3977=DIRECTION('',(0.61919571996407,0.247212449588878,0.745307094523086));
#3978=DIRECTION('center_axis',(0.619331090265685,0.247211876565954,0.745194799173382));
#3979=DIRECTION('ref_axis',(-0.0940244526833744,0.965658381329387,-0.242205063666925));
#3980=DIRECTION('center_axis',(0.769447488528197,-0.00235653730986918,-0.638705729682737));
#3981=DIRECTION('ref_axis',(0.281678367140627,-0.896243452032811,0.342644089651784));
#3982=DIRECTION('center_axis',(0.619331090265701,0.247211876565976,0.745194799173362));
#3983=DIRECTION('ref_axis',(0.155406431452525,-0.968955897773982,0.192284448752906));
#3984=DIRECTION('',(0.769595895060186,-0.00327967281076313,-0.638522828137542));
#3985=DIRECTION('',(0.155406431452525,-0.968955897773982,0.192284448752906));
#3986=DIRECTION('',(-0.155406431452524,0.968955897773982,-0.192284448752906));
#3987=DIRECTION('',(0.769595895060186,-0.00327967281076185,-0.638522828137543));
#3988=DIRECTION('',(0.155406431452525,-0.968955897773982,0.192284448752906));
#3989=DIRECTION('',(0.769595895060187,-0.00327967281076371,-0.638522828137541));
#3990=DIRECTION('',(0.155406431452525,-0.968955897773982,0.192284448752905));
#3991=DIRECTION('',(0.769595895060186,-0.00327967281076313,-0.638522828137542));
#3992=DIRECTION('',(0.155406431452525,-0.968955897773982,0.192284448752906));
#3993=DIRECTION('',(-0.769595895060186,0.00327967281076197,0.638522828137542));
#3994=DIRECTION('',(-0.155406431452524,0.968955897773982,-0.192284448752906));
#3995=DIRECTION('',(0.769595895060186,-0.00327967281076313,-0.638522828137542));
#3996=DIRECTION('center_axis',(0.547616189437608,-0.510889643034683,0.66265245921654));
#3997=DIRECTION('ref_axis',(-0.328387982990167,-0.859640050478192,-0.391382570181021));
#3998=DIRECTION('',(-0.328292205917179,-0.859640451969583,-0.391462029923162));
#3999=DIRECTION('',(0.769595895060186,-0.00327967281075764,-0.638522828137543));
#4000=DIRECTION('',(0.328387982990166,0.859640050478192,0.391382570181021));
#4001=DIRECTION('',(-0.769595895057042,0.00327967281898919,0.63852282814129));
#4002=DIRECTION('center_axis',(0.328044272206456,0.85996048029634,0.390966658170522));
#4003=DIRECTION('ref_axis',(0.547822155246629,-0.51035009167702,0.662897933430325));
#4004=DIRECTION('',(0.547726436524693,-0.510349679837771,0.662977341257939));
#4005=DIRECTION('',(0.769595895065415,-0.00327967281564648,-0.638522828131215));
#4006=DIRECTION('',(0.547822155246629,-0.510350091677021,0.662897933430325));
#4007=DIRECTION('',(-0.769595895060189,0.00327967281077837,0.638522828137539));
#4008=DIRECTION('center_axis',(-0.155406431447323,0.968955897773959,-0.192284448757224));
#4009=DIRECTION('ref_axis',(-0.769704814486037,0.00323619179391853,0.638391749335538));
#4010=DIRECTION('',(-0.619331090265708,-0.247211876565978,-0.745194799173355));
#4011=DIRECTION('',(0.619195719964069,0.247212449588878,0.745307094523086));
#4012=DIRECTION('center_axis',(0.155406431447323,-0.968955897773959,0.192284448757224));
#4013=DIRECTION('ref_axis',(0.769704814491695,-0.00323619179165953,-0.638391749328727));
#4014=DIRECTION('',(-0.619195719964069,-0.247212449588878,-0.745307094523087));
#4015=DIRECTION('',(0.619331090265709,0.247211876565977,0.745194799173355));
#4016=DIRECTION('center_axis',(-0.769704814484988,0.00323619178736817,0.638391749336836));
#4017=DIRECTION('ref_axis',(0.619195102069206,0.247216302118149,0.745306330001654));
#4018=DIRECTION('',(0.61919571996407,0.247212449588875,0.745307094523087));
#4019=DIRECTION('',(-0.155406431452526,0.968955897773982,-0.192284448752905));
#4020=DIRECTION('',(-0.619195719964071,-0.247212449588873,-0.745307094523087));
#4021=DIRECTION('center_axis',(0.93896484689753,-0.299556724188709,0.169147229607902));
#4022=DIRECTION('ref_axis',(-0.243120725894118,-0.229963906052494,0.942342249160992));
#4023=DIRECTION('center_axis',(0.619236168967268,0.247212279177763,0.745273544456313));
#4024=DIRECTION('ref_axis',(0.155436361390374,-0.968956023391556,0.192259622102366));
#4025=DIRECTION('center_axis',(0.243387199604695,0.925949442953777,0.288756472069761));
#4026=DIRECTION('ref_axis',(0.243120725894118,0.229963906052494,-0.942342249160992));
#4027=DIRECTION('center_axis',(0.619236168967268,0.247212279177763,0.745273544456313));
#4028=DIRECTION('ref_axis',(0.155436361390374,-0.968956023391556,0.192259622102366));
#4029=DIRECTION('center_axis',(-0.619236168967268,-0.247212279177763,-0.745273544456313));
#4030=DIRECTION('ref_axis',(0.769666229349101,-0.00321150384697095,-0.638438392989157));
#4031=DIRECTION('center_axis',(0.155436361390371,-0.968956023391556,0.192259622102368));
#4032=DIRECTION('ref_axis',(-0.769666229349101,0.00321150384697084,0.638438392989157));
#4033=DIRECTION('center_axis',(-0.769704814484987,0.00323619178736634,0.638391749336837));
#4034=DIRECTION('ref_axis',(0.61919571996407,0.247212449588874,0.745307094523087));
#4035=DIRECTION('',(-0.61919571996407,-0.247212449588875,-0.745307094523087));
#4036=DIRECTION('',(-0.155406431452524,0.968955897773982,-0.192284448752904));
#4037=DIRECTION('',(0.61919571996407,0.247212449588874,0.745307094523087));
#4038=DIRECTION('',(-0.155406431452524,0.968955897773982,-0.192284448752904));
#4039=DIRECTION('center_axis',(-0.155406431452524,0.968955897773982,-0.192284448752905));
#4040=DIRECTION('ref_axis',(-0.883429022795134,-0.223422391807032,-0.411868421370783));
#4041=DIRECTION('',(-0.981418137387322,-0.129264343156002,0.141806802360281));
#4042=DIRECTION('',(-0.769595895060178,0.00327967281076707,0.638522828137552));
#4043=DIRECTION('',(0.619331090265711,0.247211876565975,0.745194799173353));
#4044=DIRECTION('',(-0.769595895060187,0.0032796728107638,0.638522828137541));
#4045=DIRECTION('',(0.619331090265702,0.247211876565976,0.745194799173361));
#4046=DIRECTION('',(-0.769595895060194,0.00327967281076127,0.638522828137533));
#4047=DIRECTION('center_axis',(0.155406431452489,-0.968955897773983,0.19228444875293));
#4048=DIRECTION('ref_axis',(0.76970481448503,-0.00323619178739503,-0.638391749336786));
#4049=DIRECTION('',(-0.619331090265696,-0.247211876565972,-0.745194799173367));
#4050=DIRECTION('',(0.769595895060197,-0.00327967281080204,-0.638522828137529));
#4051=DIRECTION('',(0.981418137387328,0.129264343155967,-0.141806802360267));
#4052=DIRECTION('',(-0.619195719964071,-0.247212449588867,-0.745307094523089));
#4053=DIRECTION('center_axis',(-0.769704814484995,0.00323619178740864,0.638391749336827));
#4054=DIRECTION('ref_axis',(-0.619195719964071,-0.247212449588867,-0.745307094523089));
#4055=DIRECTION('',(0.155406431452489,-0.968955897773982,0.19228444875293));
#4056=DIRECTION('center_axis',(0.112549014524306,0.210749134654129,0.97103940268773));
#4057=DIRECTION('ref_axis',(-0.981418137387322,-0.129264343156002,0.141806802360281));
#4058=DIRECTION('',(0.155406431452527,-0.968955897773982,0.192284448752905));
#4059=DIRECTION('',(-0.981418137387322,-0.129264343156002,0.141806802360282));
#4060=DIRECTION('center_axis',(0.619331090265693,0.247211876565976,0.745194799173369));
#4061=DIRECTION('ref_axis',(-0.769595895060193,0.00327967281075977,0.638522828137534));
#4062=DIRECTION('',(0.155406431452527,-0.968955897773982,0.192284448752905));
#4063=DIRECTION('',(-0.769595895060193,0.00327967281075986,0.638522828137534));
#4064=DIRECTION('center_axis',(-0.769595895060186,0.00327967281076402,0.638522828137542));
#4065=DIRECTION('ref_axis',(-0.155406431452525,0.968955897773982,-0.192284448752906));
#4066=DIRECTION('',(-0.619331090265702,-0.247211876565975,-0.745194799173361));
#4067=DIRECTION('',(0.155406431452527,-0.968955897773982,0.192284448752905));
#4068=DIRECTION('',(-0.619331090265694,-0.247211876565974,-0.745194799173368));
#4069=DIRECTION('',(0.155406431452524,-0.968955897773982,0.192284448752905));
#4070=DIRECTION('',(-0.155406431452482,0.968955897773986,-0.192284448752916));
#4071=DIRECTION('center_axis',(-0.155406431452524,0.968955897773982,-0.192284448752904));
#4072=DIRECTION('ref_axis',(-0.769704814484987,0.00323619178736703,0.638391749336838));
#4073=DIRECTION('',(-0.769595895060178,0.0032796728107661,0.638522828137552));
#4074=DIRECTION('center_axis',(0.112549014524299,0.210749134654133,0.97103940268773));
#4075=DIRECTION('ref_axis',(0.981418137387328,0.129264343155967,-0.141806802360268));
#4076=DIRECTION('',(-0.155406431452482,0.968955897773986,-0.192284448752916));
#4077=DIRECTION('center_axis',(0.6193310902657,0.247211876565957,0.745194799173369));
#4078=DIRECTION('ref_axis',(0.769595895060197,-0.00327967281080206,-0.638522828137529));
#4079=DIRECTION('center_axis',(-0.619331090265712,-0.247211876565975,-0.745194799173353));
#4080=DIRECTION('ref_axis',(-0.769575662645696,0.00315356473481985,0.638547848240758));
#4081=DIRECTION('',(-0.155506591801519,0.968956316411732,-0.192201344407586));
#4082=DIRECTION('',(0.769595895060178,-0.00327967281076691,-0.638522828137552));
#4083=DIRECTION('center_axis',(-0.155406431452523,0.968955897773982,-0.192284448752904));
#4084=DIRECTION('ref_axis',(-0.883429022795134,-0.22342239180703,-0.411868421370783));
#4085=DIRECTION('',(-0.619331090265712,-0.247211876565974,-0.745194799173353));
#4086=DIRECTION('center_axis',(0.769575662645695,-0.00315356473481992,-0.638547848240758));
#4087=DIRECTION('ref_axis',(-0.155506591801519,0.968956316411732,-0.192201344407586));
#4088=DIRECTION('center_axis',(-0.769704814484988,0.00323619178736817,0.638391749336836));
#4089=DIRECTION('ref_axis',(0.619195102069206,0.247216302118149,0.745306330001654));
#4090=DIRECTION('center_axis',(-0.76959589506018,0.00327967281076633,0.638522828137549));
#4091=DIRECTION('ref_axis',(0.619331090265709,0.247211876565976,0.745194799173355));
#4092=DIRECTION('',(0.619331090265711,0.24721187656597,0.745194799173355));
#4093=DIRECTION('',(0.155406430914334,-0.968955897771689,0.192284449199433));
#4094=DIRECTION('',(-0.61933109026571,-0.247211876565979,-0.745194799173353));
#4095=DIRECTION('center_axis',(-0.155406431452523,0.968955897773982,-0.192284448752904));
#4096=DIRECTION('ref_axis',(-0.883429022795134,-0.22342239180703,-0.411868421370783));
#4097=DIRECTION('',(-0.619331090265702,-0.247211876565974,-0.745194799173361));
#4098=DIRECTION('',(0.769595895060178,-0.00327967281076691,-0.638522828137552));
#4099=DIRECTION('',(0.619331090265713,0.247211876565973,0.745194799173353));
#4100=DIRECTION('center_axis',(-0.619331090265702,-0.247211876565974,-0.745194799173362));
#4101=DIRECTION('ref_axis',(-0.155406431452524,0.968955897773982,-0.192284448752904));
#4102=DIRECTION('',(-0.769595895060187,0.0032796728107638,0.638522828137541));
#4103=DIRECTION('',(-0.155406431452524,0.968955897773982,-0.192284448752905));
#4104=DIRECTION('',(0.769595895060187,-0.00327967281076371,-0.638522828137541));
#4105=DIRECTION('center_axis',(-0.76959589506018,0.00327967281076633,0.638522828137549));
#4106=DIRECTION('ref_axis',(0.619331090265709,0.247211876565976,0.745194799173355));
#4107=DIRECTION('',(0.155406431452525,-0.968955897773982,0.192284448752904));
#4108=DIRECTION('',(-0.619331090265712,-0.247211876565975,-0.745194799173353));
#4109=DIRECTION('center_axis',(0.155406431452488,-0.968955897773983,0.192284448752928));
#4110=DIRECTION('ref_axis',(-0.769598267228934,0.00327872593488387,0.638519973872758));
#4111=DIRECTION('',(0.619331090265703,0.24721187656597,0.745194799173362));
#4112=DIRECTION('',(0.769595895060185,-0.00327967281080768,-0.638522828137543));
#4113=DIRECTION('center_axis',(-0.619331090265712,-0.247211876565975,-0.745194799173353));
#4114=DIRECTION('ref_axis',(-0.769575662645696,0.00315356473481985,0.638547848240758));
#4115=DIRECTION('',(0.155406431452524,-0.968955897773982,0.192284448752905));
#4116=DIRECTION('',(-0.769595895060178,0.00327967281076577,0.638522828137552));
#4117=DIRECTION('center_axis',(-0.155406431452524,0.968955897773982,-0.192284448752905));
#4118=DIRECTION('ref_axis',(-0.883429022795134,-0.223422391807032,-0.411868421370783));
#4119=DIRECTION('',(-0.769595895060178,0.00327967281076707,0.638522828137552));
#4120=DIRECTION('',(0.619331090265702,0.247211876565975,0.745194799173361));
#4121=DIRECTION('center_axis',(-0.619331090265712,-0.247211876565975,-0.745194799173353));
#4122=DIRECTION('ref_axis',(-0.769575662645696,0.00315356473481985,0.638547848240758));
#4123=DIRECTION('',(0.155406431452524,-0.968955897773982,0.192284448752905));
#4124=DIRECTION('center_axis',(-0.155406431452528,0.968955897773981,-0.192284448752907));
#4125=DIRECTION('ref_axis',(-0.883429022795133,-0.223422391807035,-0.411868421370782));
#4126=DIRECTION('',(0.619331090265702,0.247211876565974,0.745194799173361));
#4127=DIRECTION('center_axis',(0.769595895060186,-0.00327967281076388,-0.638522828137542));
#4128=DIRECTION('ref_axis',(0.155406431452525,-0.968955897773982,0.192284448752906));
#4129=CARTESIAN_POINT('',(0.,0.,0.));
#4130=CARTESIAN_POINT('Origin',(-1.41998108784044,3.51809327456777,-2.49777423751941E-15));
#4131=CARTESIAN_POINT('',(-1.08551952694736,3.48883167960444,-3.06078722842588));
#4132=CARTESIAN_POINT('',(-0.0814911904421635,3.40099058230144,-3.52724009605596));
#4133=CARTESIAN_POINT('',(-0.406628702040762,3.42943642865335,-3.37618726303814));
#4134=CARTESIAN_POINT('',(-1.08551952694736,3.48883167960444,-4.003));
#4135=CARTESIAN_POINT('',(-1.08551952694737,3.48883167960444,-0.0192689701601037));
#4136=CARTESIAN_POINT('',(-2.76832972304323,3.63605849462866,-2.40952463096467));
#4137=CARTESIAN_POINT('',(-2.9962212752134,3.65599642195688,-2.19373108749976));
#4138=CARTESIAN_POINT('',(-2.76832972304323,3.63605849462866,-2.3));
#4139=CARTESIAN_POINT('',(-2.76832972304323,3.63605849462866,-4.86123115050649E-16));
#4140=CARTESIAN_POINT('',(-0.0814911904421625,3.40099058230144,-2.3));
#4141=CARTESIAN_POINT('',(-0.745806770239045,3.45911066453732,-2.3));
#4142=CARTESIAN_POINT('',(-0.0814911904421634,3.40099058230144,1.5727310298399));
#4143=CARTESIAN_POINT('Origin',(-1.08551952694736,0.5,0.));
#4144=CARTESIAN_POINT('',(-1.32761990457822,0.744190609734449,3.77375193061942));
#4145=CARTESIAN_POINT('',(-1.08551952694736,0.5,3.92618677241451));
#4146=CARTESIAN_POINT('',(-2.37278003120405,1.79837437883222,3.11568266153446));
#4147=CARTESIAN_POINT('',(-2.88399462084618,2.31400266314739,2.3));
#4148=CARTESIAN_POINT('',(-1.73591607689047,1.15601190569784,3.3871308515694));
#4149=CARTESIAN_POINT('',(-2.88399462084618,2.31400266314739,-2.3));
#4150=CARTESIAN_POINT('',(-2.88399462084618,2.31400266314739,0.));
#4151=CARTESIAN_POINT('',(-1.08551952694736,0.5,-4.003));
#4152=CARTESIAN_POINT('',(-2.32120843538436,1.74635752717992,-2.83290972840984));
#4153=CARTESIAN_POINT('',(-1.08551952694736,0.5,-2.03261833583812));
#4154=CARTESIAN_POINT('Origin',(-1.08551952694736,0.5,4.003));
#4155=CARTESIAN_POINT('',(-1.32761990457822,3.51001271808248,3.77375193061942));
#4156=CARTESIAN_POINT('',(-1.32761990457822,0.25,3.77375193061942));
#4157=CARTESIAN_POINT('',(-2.76832972304323,3.63605849462866,2.40952463096467));
#4158=CARTESIAN_POINT('',(-2.1005981834091,3.57763955463196,3.04180851182274));
#4159=CARTESIAN_POINT('',(-2.95755948528466,1.47315241496998,2.23034045088323));
#4160=CARTESIAN_POINT('Origin',(-1.41998108784044,3.51809327456777,-2.49777423751941E-15));
#4161=CARTESIAN_POINT('',(-1.08551952694736,3.48883167960444,3.92618677241451));
#4162=CARTESIAN_POINT('',(-3.48936013260377,3.69914048152266,2.41264488532778));
#4163=CARTESIAN_POINT('',(-1.08551952694737,3.48883167960443,2.98371134778546));
#4164=CARTESIAN_POINT('',(-1.08551952694737,3.48883167960444,-0.0192689701601037));
#4165=CARTESIAN_POINT('',(-0.0814911904421635,3.40099058230144,3.45016421541555));
#4166=CARTESIAN_POINT('',(-0.391995147531457,3.42815615852669,3.30590985930949));
#4167=CARTESIAN_POINT('',(-0.0814911904421636,3.40099058230144,2.3));
#4168=CARTESIAN_POINT('',(-0.0814911904421634,3.40099058230144,1.5727310298399));
#4169=CARTESIAN_POINT('',(-2.76832972304323,3.63605849462866,2.29999999999999));
#4170=CARTESIAN_POINT('',(-2.09415540544184,3.57707588459821,2.29999999999999));
#4171=CARTESIAN_POINT('',(-2.76832972304323,3.63605849462866,-4.86123115050649E-16));
#4172=CARTESIAN_POINT('Origin',(1.83629667131104,5.,4.34113274199589));
#4173=CARTESIAN_POINT('',(1.11162129985647,4.48517652754465,4.00446205967981));
#4174=CARTESIAN_POINT('',(1.11162129985645,1.5,4.0044620596798));
#4175=CARTESIAN_POINT('',(1.11162129985646,1.94273787750685,4.0044620596798));
#4176=CARTESIAN_POINT('',(-0.0814911904422189,1.5,3.45016421541552));
#4177=CARTESIAN_POINT('',(0.27897428776628,1.5,3.61762976382551));
#4178=CARTESIAN_POINT('',(-0.0814911904421489,3.91599999999999,3.45016421541555));
#4179=CARTESIAN_POINT('',(-0.0887925919847887,3.94082079852579,3.44677212022914));
#4180=CARTESIAN_POINT('Origin',(-1.08551952694736,3.48883167960444,-0.0385379403202057));
#4181=CARTESIAN_POINT('',(0.627021065234897,4.26542322762616,5.00446205967981));
#4182=CARTESIAN_POINT('',(-3.68370943490496,2.31062175460406,2.29027578603446));
#4183=CARTESIAN_POINT('',(2.2469106248999,5.,5.00446205967981));
#4184=CARTESIAN_POINT('',(-0.10925879885762,3.93153991879071,5.00446205967981));
#4185=CARTESIAN_POINT('',(2.2469106248999,5.,4.00446205967981));
#4186=CARTESIAN_POINT('',(2.2469106248999,5.,-0.0369109510236684));
#4187=CARTESIAN_POINT('',(1.01410396547692,4.44095501360772,4.00446205967981));
#4188=CARTESIAN_POINT('Origin',(-4.12652754423116,0.,2.01146205967976));
#4189=CARTESIAN_POINT('',(0.627021065234911,0.5,5.0044620596798));
#4190=CARTESIAN_POINT('',(-1.63234330497595,0.5,3.58188744950857));
#4191=CARTESIAN_POINT('',(0.627021065234908,-0.557262122493159,5.0044620596798));
#4192=CARTESIAN_POINT('Origin',(-2.57894952122938,5.80068410646849,2.29999999999999));
#4193=CARTESIAN_POINT('',(-0.0814911904421489,5.58218481489623,2.3));
#4194=CARTESIAN_POINT('',(-0.0814911904421378,4.31634205323421,2.3));
#4195=CARTESIAN_POINT('',(-2.57894952122938,5.80068410646849,2.29999999999999));
#4196=CARTESIAN_POINT('',(-2.57894952122938,5.8006841064685,2.29999999999999));
#4197=CARTESIAN_POINT('',(-2.73147207103778,4.05734338480794,2.29999999999999));
#4198=CARTESIAN_POINT('Origin',(0.117747749176201,5.5647536663467,-2.3));
#4199=CARTESIAN_POINT('',(-0.0814911904421489,5.58218481489623,-2.3));
#4200=CARTESIAN_POINT('',(-0.08149119044214,4.19837683317336,-2.3));
#4201=CARTESIAN_POINT('',(-2.57894952122938,5.80068410646849,-2.3));
#4202=CARTESIAN_POINT('',(-2.73147207103778,4.05734338480794,-2.3));
#4203=CARTESIAN_POINT('',(-1.23060088602659,5.6827188864076,-2.3));
#4204=CARTESIAN_POINT('Origin',(-2.88399462084618,0.5,-2.3));
#4205=CARTESIAN_POINT('',(-1.08551952694736,4.07517102661712,-4.003));
#4206=CARTESIAN_POINT('',(-2.97042729096451,1.32607272302748,-2.21815575444393));
#4207=CARTESIAN_POINT('Origin',(-2.57894952122938,5.8006841064685,0.));
#4208=CARTESIAN_POINT('',(-0.0814911904421489,5.58218481489623,0.));
#4209=CARTESIAN_POINT('',(-2.57894952122938,5.80068410646849,0.));
#4210=CARTESIAN_POINT('',(-1.78199376275598,5.73095951227037,-1.79944465005349));
#4211=CARTESIAN_POINT('',(-0.586560125045889,5.62637262097318,-1.79944465005349));
#4212=CARTESIAN_POINT('',(-2.18047164199268,5.76582180936943,-1.79944465005349));
#4213=CARTESIAN_POINT('',(-0.586560125045889,5.62637262097318,1.79944465005349));
#4214=CARTESIAN_POINT('',(-0.58656012504589,5.62637262097318,4.16333634234434E-16));
#4215=CARTESIAN_POINT('',(-1.78199376275598,5.73095951227037,1.79944465005349));
#4216=CARTESIAN_POINT('',(-2.18047164199268,5.76582180936943,1.79944465005349));
#4217=CARTESIAN_POINT('',(-1.78199376275598,5.73095951227037,4.16333634234434E-16));
#4218=CARTESIAN_POINT('Origin',(-2.68789419966395,4.55544073385381,0.));
#4219=CARTESIAN_POINT('',(-0.643211357831865,4.97884606721355,7.34788079488412E-17));
#4220=CARTESIAN_POINT('Origin',(-0.695504803480459,4.3811292483585,0.));
#4221=CARTESIAN_POINT('',(-0.0814911904421202,4.92970192049306,-7.34788079488412E-17));
#4222=CARTESIAN_POINT('',(-2.63560075401536,5.15315755270886,7.34788079488412E-17));
#4223=CARTESIAN_POINT('Origin',(-0.0814911904421373,4.32741001796705,0.));
#4224=CARTESIAN_POINT('Origin',(-2.68789419966395,4.55544073385381,0.));
#4225=CARTESIAN_POINT('',(-2.63560075401536,5.15315755270886,-7.34788079488412E-17));
#4226=CARTESIAN_POINT('Origin',(-2.68789419966395,4.55544073385381,0.));
#4227=CARTESIAN_POINT('',(-1.83864499554196,5.08343295851073,-7.34788079488412E-17));
#4228=CARTESIAN_POINT('',(-2.63560075401536,5.15315755270886,7.34788079488412E-17));
#4229=CARTESIAN_POINT('Origin',(-1.89093844119055,4.48571613965569,0.));
#4230=CARTESIAN_POINT('Origin',(-1.89093844119055,4.48571613965569,8.32667268468867E-16));
#4231=CARTESIAN_POINT('',(-1.82552323219274,5.2334153998968,1.3));
#4232=CARTESIAN_POINT('',(-1.82552323219274,5.2334153998968,1.3));
#4233=CARTESIAN_POINT('',(-1.95635365018837,3.73801687941457,1.3));
#4234=CARTESIAN_POINT('',(-1.95635365018837,3.73801687941457,1.3));
#4235=CARTESIAN_POINT('',(-2.02176885918618,2.99031761917346,-9.71445146547012E-16));
#4236=CARTESIAN_POINT('',(-2.02176885918618,2.99031761917346,-9.71445146547012E-16));
#4237=CARTESIAN_POINT('',(-1.95635365018837,3.73801687941458,-1.3));
#4238=CARTESIAN_POINT('',(-1.95635365018837,3.73801687941458,-1.3));
#4239=CARTESIAN_POINT('',(-1.82552323219274,5.2334153998968,-1.3));
#4240=CARTESIAN_POINT('',(-1.82552323219274,5.2334153998968,-1.3));
#4241=CARTESIAN_POINT('',(-1.82552323219274,5.2334153998968,-1.3));
#4242=CARTESIAN_POINT('Origin',(-1.95635365018837,3.73801687941457,1.3));
#4243=CARTESIAN_POINT('',(-0.760920012478274,3.63342998811739,1.3));
#4244=CARTESIAN_POINT('',(-1.95635365018837,3.73801687941457,1.3));
#4245=CARTESIAN_POINT('',(-0.826335221476089,2.88573072787628,-1.11022302462516E-15));
#4246=CARTESIAN_POINT('',(-0.826335221476089,2.88573072787628,-9.71445146547012E-16));
#4247=CARTESIAN_POINT('',(-2.02176885918618,2.99031761917346,-9.71445146547012E-16));
#4248=CARTESIAN_POINT('Origin',(-1.82552323219274,5.2334153998968,1.3));
#4249=CARTESIAN_POINT('',(-0.630089594482644,5.12882850859961,1.3));
#4250=CARTESIAN_POINT('',(-1.82552323219274,5.2334153998968,1.3));
#4251=CARTESIAN_POINT('',(-0.760920012478274,3.63342998811739,1.3));
#4252=CARTESIAN_POINT('Origin',(-1.78199376275598,5.73095951227037,1.79944465005349));
#4253=CARTESIAN_POINT('',(-0.630089594482644,5.12882850859961,1.3));
#4254=CARTESIAN_POINT('Origin',(-1.82552323219274,5.2334153998968,-1.3));
#4255=CARTESIAN_POINT('',(-0.630089594482644,5.12882850859961,-1.3));
#4256=CARTESIAN_POINT('',(-1.82552323219274,5.2334153998968,-1.3));
#4257=CARTESIAN_POINT('',(-0.630089594482643,5.12882850859961,-1.3));
#4258=CARTESIAN_POINT('Origin',(-1.95635365018837,3.73801687941458,-1.3));
#4259=CARTESIAN_POINT('',(-0.760920012478274,3.63342998811739,-1.3));
#4260=CARTESIAN_POINT('',(-1.95635365018837,3.73801687941458,-1.3));
#4261=CARTESIAN_POINT('',(-0.630089594482643,5.12882850859961,-1.3));
#4262=CARTESIAN_POINT('Origin',(-2.02176885918618,2.99031761917346,-1.11022302462516E-15));
#4263=CARTESIAN_POINT('',(-0.760920012478274,3.63342998811739,-1.3));
#4264=CARTESIAN_POINT('Origin',(-0.695504803480459,4.3811292483585,8.32667268468867E-16));
#4265=CARTESIAN_POINT('Origin',(-2.88399462084618,2.31400266314739,0.));
#4266=CARTESIAN_POINT('Origin',(-1.08551952694736,5.,-4.00326265305492));
#4267=CARTESIAN_POINT('',(-1.08551952694736,3.48883167960444,-4.00326265305492));
#4268=CARTESIAN_POINT('',(-1.08551952694737,3.48883167960444,-0.0192689701601037));
#4269=CARTESIAN_POINT('',(-1.08551952694736,0.5,-4.00326265305492));
#4270=CARTESIAN_POINT('',(-1.08551952694736,2.5,-4.00326265305492));
#4271=CARTESIAN_POINT('',(-1.08551952694736,0.5,-2.03261833583812));
#4272=CARTESIAN_POINT('Origin',(-1.08551952694736,3.48883167960444,-0.0385379403202057));
#4273=CARTESIAN_POINT('',(1.11162129985642,4.48517652754463,-4.0815379403202));
#4274=CARTESIAN_POINT('',(-0.0887925919847887,3.94082079852579,-3.52384800086956));
#4275=CARTESIAN_POINT('',(1.27709166468881,4.56021293098145,-4.0815379403202));
#4276=CARTESIAN_POINT('',(0.0231385741067613,3.99157860125685,-4.0815379403202));
#4277=CARTESIAN_POINT('',(1.29475181411689,4.56822133839979,-4.09919808974828));
#4278=CARTESIAN_POINT('',(-0.130529963025761,3.92189401236083,-2.67391631260562));
#4279=CARTESIAN_POINT('',(1.31241196354496,4.57622974581813,-4.0815379403202));
#4280=CARTESIAN_POINT('',(1.71851331805979,4.76038589428904,-3.67543658580538));
#4281=CARTESIAN_POINT('',(2.2469106248999,5.,-4.0815379403202));
#4282=CARTESIAN_POINT('',(0.39329101167251,4.15943287332809,-4.0815379403202));
#4283=CARTESIAN_POINT('',(2.2469106248999,5.,-5.0815379403202));
#4284=CARTESIAN_POINT('',(2.2469106248999,5.,-0.0369109510236684));
#4285=CARTESIAN_POINT('',(0.627021065234868,4.26542322762614,-5.0815379403202));
#4286=CARTESIAN_POINT('',(-1.79855037863714,3.16549117869673,-5.0815379403202));
#4287=CARTESIAN_POINT('',(-3.68370943490496,2.31062175460406,-2.36735166667488));
#4288=CARTESIAN_POINT('Origin',(2.88323878070296,6.23733027652671,5.38806830843448));
#4289=CARTESIAN_POINT('',(3.26684227983109,0.5,5.0044620596798));
#4290=CARTESIAN_POINT('',(8.30980613243576,0.5,-0.0385379403202034));
#4291=CARTESIAN_POINT('',(4.56117185765433,0.5,3.71012320424832));
#4292=CARTESIAN_POINT('',(8.30980613243576,5.,-0.0385379403202036));
#4293=CARTESIAN_POINT('',(8.30980613243576,5.,-0.0385379403202034));
#4294=CARTESIAN_POINT('',(3.26684227983108,5.,5.00446205967981));
#4295=CARTESIAN_POINT('',(4.20906343982403,5.,4.062234145952));
#4296=CARTESIAN_POINT('',(3.26684227983108,2.5614030157702,5.0044620596798));
#4297=CARTESIAN_POINT('Origin',(2.76318428663096,5.,-0.0352839617271318));
#4298=CARTESIAN_POINT('',(3.26684227983111,5.,-5.0815379403202));
#4299=CARTESIAN_POINT('',(4.64660829066414,5.,-3.70176203948023));
#4300=CARTESIAN_POINT('',(1.02292487732217,5.,-5.0815379403202));
#4301=CARTESIAN_POINT('',(2.80936345668468,5.,-4.0815379403202));
#4302=CARTESIAN_POINT('',(2.03779812508796,5.,-4.0815379403202));
#4303=CARTESIAN_POINT('',(6.31986606165519,5.,-0.571035335294231));
#4304=CARTESIAN_POINT('',(3.01588144846225,5.,-3.87501994853936));
#4305=CARTESIAN_POINT('',(6.35370164442004,5.,-0.552733401848457));
#4306=CARTESIAN_POINT('Origin',(6.05370164442004,5.,-0.038537940320214));
#4307=CARTESIAN_POINT('',(6.35370164442004,5.,0.47565752120807));
#4308=CARTESIAN_POINT('',(6.35370164442004,5.,2.9637787239222));
#4309=CARTESIAN_POINT('',(6.31986606165519,5.,0.493959454653824));
#4310=CARTESIAN_POINT('Origin',(6.05370164442004,5.,-0.038537940320214));
#4311=CARTESIAN_POINT('',(2.80936345668468,5.,4.00446205967981));
#4312=CARTESIAN_POINT('',(2.93543609198504,5.,3.87838942437745));
#4313=CARTESIAN_POINT('',(2.7862738716578,5.,4.00446205967981));
#4314=CARTESIAN_POINT('',(3.05959915836168,5.,5.00446205967981));
#4315=CARTESIAN_POINT('Origin',(4.14493780527635,0.5,-0.0619740186213225));
#4316=CARTESIAN_POINT('',(3.75047591768438,0.5,5.0044620596798));
#4317=CARTESIAN_POINT('',(0.627021065234908,0.5,-5.08153794032021));
#4318=CARTESIAN_POINT('',(-1.62177631214887,0.5,-3.66561667739118));
#4319=CARTESIAN_POINT('',(3.26684227983109,0.5,-5.08153794032021));
#4320=CARTESIAN_POINT('',(1.71380163664486,0.5,-5.08153794032021));
#4321=CARTESIAN_POINT('',(4.54945381850408,0.5,-3.79891720803257));
#4322=CARTESIAN_POINT('Origin',(-4.12652754423116,0.,-2.08853794032018));
#4323=CARTESIAN_POINT('',(0.627021065234911,-0.557262122493131,-5.08153794032021));
#4324=CARTESIAN_POINT('Origin',(2.80936345668464,-1.11452424498631,4.0044620596798));
#4325=CARTESIAN_POINT('',(2.29622418705327,4.00380530190825,4.00446205967981));
#4326=CARTESIAN_POINT('',(1.52047182626126,2.49778065209287,4.0044620596798));
#4327=CARTESIAN_POINT('',(2.60601414442002,1.5,4.0044620596798));
#4328=CARTESIAN_POINT('',(2.76268245377544,0.233764816095602,4.0044620596798));
#4329=CARTESIAN_POINT('',(1.44673838953363,1.5,4.0044620596798));
#4330=CARTESIAN_POINT('Origin',(1.31241196354495,-1.11452424498629,-4.08153794032021));
#4331=CARTESIAN_POINT('',(1.31241196354496,1.5,-4.08153794032021));
#4332=CARTESIAN_POINT('',(1.31241196354495,-1.11452424498629,-4.08153794032021));
#4333=CARTESIAN_POINT('',(2.60601414442003,1.5,-4.08153794032021));
#4334=CARTESIAN_POINT('',(0.698262642963782,1.5,-4.08153794032021));
#4335=CARTESIAN_POINT('',(2.29622418705328,4.00380530190825,-4.0815379403202));
#4336=CARTESIAN_POINT('',(2.75139714993102,0.324975660502157,-4.08153794032021));
#4337=CARTESIAN_POINT('',(1.36352343032789,2.19308528154531,-4.0815379403202));
#4338=CARTESIAN_POINT('Origin',(1.29475181411688,-1.11452424498629,-4.09919808974829));
#4339=CARTESIAN_POINT('',(1.29475181411688,1.5,-4.09919808974828));
#4340=CARTESIAN_POINT('',(2.00725722854033,1.5,-3.38669267532484));
#4341=CARTESIAN_POINT('',(1.29475181411688,-1.11452424498629,-4.09919808974829));
#4342=CARTESIAN_POINT('Origin',(1.2770916646888,-1.11452424498629,-4.08153794032021));
#4343=CARTESIAN_POINT('',(1.27709166468881,1.5,-4.08153794032021));
#4344=CARTESIAN_POINT('',(-0.0319029208877408,1.5,-2.77254335474365));
#4345=CARTESIAN_POINT('',(1.2770916646888,-1.11452424498629,-4.08153794032021));
#4346=CARTESIAN_POINT('Origin',(0.419872204656629,-1.11452424498629,-4.08153794032021));
#4347=CARTESIAN_POINT('',(1.11162129985643,1.5,-4.08153794032021));
#4348=CARTESIAN_POINT('',(0.25199276351962,1.5,-4.08153794032021));
#4349=CARTESIAN_POINT('',(1.11162129985644,1.94273787750686,-4.08153794032021));
#4350=CARTESIAN_POINT('Origin',(2.05282006670749,1.5,-4.63473201803274));
#4351=CARTESIAN_POINT('',(6.05370164330032,1.50000000018523,-0.633850440762768));
#4352=CARTESIAN_POINT('',(2.05282006670749,1.5,-4.63473201803274));
#4353=CARTESIAN_POINT('',(5.80046076199249,4.00380530190825,-0.577301365325624));
#4354=CARTESIAN_POINT('Origin',(6.05370164442004,6.31147486613928,-0.038537940320194));
#4355=CARTESIAN_POINT('',(3.2253781570805,4.00380530190825,-3.15238397027831));
#4356=CARTESIAN_POINT('Origin',(0.0841133223826107,1.5,-0.0385379403202054));
#4357=CARTESIAN_POINT('',(-0.0814911904422189,1.5,-3.52724009605594));
#4358=CARTESIAN_POINT('',(0.27897428776628,1.5,-3.69470564446592));
#4359=CARTESIAN_POINT('',(-0.0814911904422189,1.5,1.5534620596798));
#4360=CARTESIAN_POINT('',(6.05370164335351,1.50000000016499,0.556774560101729));
#4361=CARTESIAN_POINT('',(2.05282006670749,1.5,4.55765613739234));
#4362=CARTESIAN_POINT('Origin',(6.05370164442004,1.5,-0.038537940320194));
#4363=CARTESIAN_POINT('Origin',(1.83629667131104,5.,-4.41820862263629));
#4364=CARTESIAN_POINT('',(-0.0814911904421489,3.91599999999999,-3.52724009605597));
#4365=CARTESIAN_POINT('Origin',(2.05282006670749,1.5,4.55765613739234));
#4366=CARTESIAN_POINT('',(5.80046076199249,4.00380530190825,0.500225484685217));
#4367=CARTESIAN_POINT('',(3.2253781570805,4.00380530190825,3.0753080896379));
#4368=CARTESIAN_POINT('Origin',(6.05370164442004,6.31147486613928,-0.038537940320214));
#4369=CARTESIAN_POINT('Origin',(-0.717334531986625,-1.11452424498628,-5.08153794032021));
#4370=CARTESIAN_POINT('',(3.26684227983109,2.56140301577021,-5.08153794032021));
#4371=CARTESIAN_POINT('Origin',(3.35601403009241,-1.11452424498631,5.0044620596798));
#4372=CARTESIAN_POINT('Origin',(2.88323878070296,6.23733027652671,-5.4651441890749));
#4373=CARTESIAN_POINT('Origin',(3.35366297449038,4.50190265095413,-3.28066878768615));
#4374=CARTESIAN_POINT('Origin',(6.05370164442004,3.44949956090036,-0.038537940320194));
#4375=CARTESIAN_POINT('Origin',(-0.08149119044218,2.832,3.1454620596798));
#4376=CARTESIAN_POINT('Origin',(3.35366297449038,4.50190265095413,3.20359290704575));
#4377=CARTESIAN_POINT('Origin',(6.05370164442004,3.44949956090036,-0.038537940320214));
#4378=CARTESIAN_POINT('Origin',(6.35370164442004,5.,2.9637787239222));
#4379=CARTESIAN_POINT('Origin',(6.05370164442004,5.,-0.038537940320214));
#4380=CARTESIAN_POINT('Origin',(6.05370164442004,1.5,-0.038537940320194));
#4381=CARTESIAN_POINT('Ctrl Pts',(26.6342942379376,3.91507077353641,30.098957595528));
#4382=CARTESIAN_POINT('Ctrl Pts',(27.1176527115725,0.997616328620546,30.6650819620936));
#4383=CARTESIAN_POINT('Ctrl Pts',(29.4319072214815,1.00728592759823,28.7389964985603));
#4384=CARTESIAN_POINT('Ctrl Pts',(31.7461617313905,1.01695552657592,26.8129110350269));
#4385=CARTESIAN_POINT('Ctrl Pts',(31.2628032577557,3.93440997149178,26.2467866684612));
#4386=CARTESIAN_POINT('Ctrl Pts',(30.7794447841209,6.85186441640765,25.6806623018956));
#4387=CARTESIAN_POINT('Ctrl Pts',(28.4651902742119,6.84219481742996,27.606747765429));
#4388=CARTESIAN_POINT('Ctrl Pts',(26.1509357643028,6.83252521845228,29.5328332289623));
#4389=CARTESIAN_POINT('Ctrl Pts',(26.6342942379376,3.91507077353641,30.098957595528));
#4390=CARTESIAN_POINT('Ctrl Pts',(26.7160073749043,4.20271222205972,31.5115166242578));
#4391=CARTESIAN_POINT('Ctrl Pts',(27.3341962236311,0.471448774968892,32.2355584886149));
#4392=CARTESIAN_POINT('Ctrl Pts',(30.2940001976526,0.48381565914641,29.7722013319748));
#4393=CARTESIAN_POINT('Ctrl Pts',(33.2538041716741,0.496182543323929,27.3088441753346));
#4394=CARTESIAN_POINT('Ctrl Pts',(32.6356153229473,4.22744599041476,26.5848023109775));
#4395=CARTESIAN_POINT('Ctrl Pts',(32.0174264742206,7.95870943750559,25.8607604466204));
#4396=CARTESIAN_POINT('Ctrl Pts',(29.0576225001991,7.94634255332808,28.3241176032605));
#4397=CARTESIAN_POINT('Ctrl Pts',(26.0978185261776,7.93397566915056,30.7874747599007));
#4398=CARTESIAN_POINT('Ctrl Pts',(26.7160073749043,4.20271222205972,31.5115166242578));
#4399=CARTESIAN_POINT('Ctrl Pts',(27.864508182642,4.54893505581218,32.3151417192629));
#4400=CARTESIAN_POINT('Ctrl Pts',(28.423332304227,1.17598515139802,32.9696537824835));
#4401=CARTESIAN_POINT('Ctrl Pts',(31.0989060536614,1.18716444264774,30.7428530207991));
#4402=CARTESIAN_POINT('Ctrl Pts',(33.7744798030959,1.19834373389746,28.5160522591146));
#4403=CARTESIAN_POINT('Ctrl Pts',(33.2156556815109,4.57129363831162,27.861540195894));
#4404=CARTESIAN_POINT('Ctrl Pts',(32.6568315599259,7.94424354272577,27.2070281326733));
#4405=CARTESIAN_POINT('Ctrl Pts',(29.9812578104915,7.93306425147605,29.4338288943578));
#4406=CARTESIAN_POINT('Ctrl Pts',(27.305684061057,7.92188496022633,31.6606296560423));
#4407=CARTESIAN_POINT('Ctrl Pts',(27.864508182642,4.54893505581218,32.3151417192629));
#4408=CARTESIAN_POINT('Ctrl Pts',(29.0130089903797,4.89515788956463,33.118766814268));
#4409=CARTESIAN_POINT('Ctrl Pts',(29.5124683848229,1.88052152782716,33.7037490763522));
#4410=CARTESIAN_POINT('Ctrl Pts',(31.9038119096703,1.89051322614908,31.7135047096234));
#4411=CARTESIAN_POINT('Ctrl Pts',(34.2951554345177,1.900504924471,29.7232603428946));
#4412=CARTESIAN_POINT('Ctrl Pts',(33.7956960400744,4.91514128620847,29.1382780808104));
#4413=CARTESIAN_POINT('Ctrl Pts',(33.2962366456312,7.92977764794595,28.5532958187263));
#4414=CARTESIAN_POINT('Ctrl Pts',(30.9048931207838,7.91978594962403,30.5435401854551));
#4415=CARTESIAN_POINT('Ctrl Pts',(28.5135495959364,7.9097942513021,32.5337845521838));
#4416=CARTESIAN_POINT('Ctrl Pts',(29.0130089903797,4.89515788956463,33.118766814268));
#4417=CARTESIAN_POINT('Ctrl Pts',(30.3951752264363,5.04881213834103,32.7305085019993));
#4418=CARTESIAN_POINT('Ctrl Pts',(30.6841379519875,3.30469129623627,33.0689505670232));
#4419=CARTESIAN_POINT('Ctrl Pts',(32.0676521082072,3.31047200316082,31.9174927245614));
#4420=CARTESIAN_POINT('Ctrl Pts',(33.451166264427,3.31625271008537,30.7660348820995));
#4421=CARTESIAN_POINT('Ctrl Pts',(33.1622035388757,5.06037355219013,30.4275928170756));
#4422=CARTESIAN_POINT('Ctrl Pts',(32.8732408133245,6.80449439429489,30.0891507520517));
#4423=CARTESIAN_POINT('Ctrl Pts',(31.4897266571048,6.79871368737034,31.2406085945135));
#4424=CARTESIAN_POINT('Ctrl Pts',(30.1062125008851,6.7929329804458,32.3920664369754));
#4425=CARTESIAN_POINT('Ctrl Pts',(30.3951752264363,5.04881213834103,32.7305085019993));
#4426=CARTESIAN_POINT('',(30.3951752264363,5.04881213834103,32.7305085019993));
#4427=CARTESIAN_POINT('',(32.0676521082072,3.31047200316079,31.9174927245614));
#4428=CARTESIAN_POINT('Origin',(31.778689382656,5.05459284526558,31.5790506595375));
#4429=CARTESIAN_POINT('',(26.6342942379377,3.91507077353641,30.098957595528));
#4430=CARTESIAN_POINT('Origin',(29.6572480215566,4.36422697902033,29.8326246703392));
#4431=CARTESIAN_POINT('Origin',(28.9485487478467,3.9247403725141,28.1728721319946));
#4432=CARTESIAN_POINT('Origin',(31.778689382656,5.05459284526558,31.5790506595375));
#4433=CARTESIAN_POINT('Origin',(29.3356898628214,1.58803453554138,28.6263037576749));
#4434=CARTESIAN_POINT('',(28.5614076328719,6.26144620948686,27.7194405063143));
#4435=CARTESIAN_POINT('Origin',(28.9485487478466,3.92474037251413,28.1728721319946));
#4436=CARTESIAN_POINT('Origin',(30.4067327670372,2.23417961294133,29.9164406089281));
#4437=CARTESIAN_POINT('',(28.2594781171597,4.56121459489492,30.9286677665721));
#4438=CARTESIAN_POINT('Origin',(30.0535561024747,4.36588286440271,29.5027891961212));
#4439=CARTESIAN_POINT('',(28.4394562535516,4.3591387063241,30.8461566789934));
#4440=CARTESIAN_POINT('Origin',(30.0535561024747,4.36588286440271,29.5027891961212));
#4441=CARTESIAN_POINT('Origin',(30.0535561024747,4.36588286440272,29.5027891961212));
#4442=CARTESIAN_POINT('',(28.0249338565241,4.90631054822863,29.4515085780561));
#4443=CARTESIAN_POINT('',(30.087300771709,5.28180015982595,27.6133562639315));
#4444=CARTESIAN_POINT('Origin',(29.334732466167,4.07891422469983,28.6376640287361));
#4445=CARTESIAN_POINT('Origin',(30.0535561024747,4.36588286440272,29.5027891961212));
#4446=CARTESIAN_POINT('Origin',(29.334732466167,4.07891422469983,28.6376640287361));
#4447=CARTESIAN_POINT('Origin',(30.2286094261904,4.43576794188264,29.7134723211644));
#4448=CARTESIAN_POINT('',(30.0428067551902,3.78453206512172,31.929614052106));
#4449=CARTESIAN_POINT('Origin',(30.2286094261904,4.43576794188264,29.7134723211644));
#4450=CARTESIAN_POINT('',(30.8591666352268,4.96077358123148,31.8806552059565));
#4451=CARTESIAN_POINT('Origin',(31.5509237133367,4.96366393469374,31.3049262847256));
#4452=CARTESIAN_POINT('Origin',(27.0285622072053,3.15810242627377,25.8613843196502));
#4453=CARTESIAN_POINT('',(28.9707514551193,5.74143284567988,28.2086698182473));
#4454=CARTESIAN_POINT('',(30.0042638637121,5.24864503422719,27.513392403119));
#4455=CARTESIAN_POINT('Origin',(29.2516974233101,4.04575984273715,28.5377024064512));
#4456=CARTESIAN_POINT('Origin',(29.2516974233101,4.04575984273715,28.5377024064512));
#4457=CARTESIAN_POINT('',(27.78122736327,4.36102703205384,24.8371931482106));
#4458=CARTESIAN_POINT('Origin',(33.3974314148979,5.70082917196265,33.5272663361853));
#4459=CARTESIAN_POINT('',(32.7056743367881,5.69793881850037,34.1029952574162));
#4460=CARTESIAN_POINT('Origin',(33.397431414898,5.70082917196264,33.5272663361853));
#4461=CARTESIAN_POINT('',(32.7056743367881,5.69793881850038,34.1029952574162));
#4462=CARTESIAN_POINT('Origin',(29.1327166402846,3.99826412116222,28.3945249760157));
#4463=CARTESIAN_POINT('',(28.8100990444724,5.94551898530614,28.0166652879488));
#4464=CARTESIAN_POINT('Origin',(33.1084686893467,7.44495001406749,33.1888242711613));
#4465=CARTESIAN_POINT('',(33.6863941404492,3.95670832985785,33.8657084012092));
#4466=CARTESIAN_POINT('Origin',(33.3974314148979,5.70082917196268,33.5272663361852));
#4467=CARTESIAN_POINT('Origin',(32.468577161447,5.33001075319601,32.4093560195008));
#4468=CARTESIAN_POINT('',(32.7575398869983,3.58588991109121,32.7477980845247));
#4469=CARTESIAN_POINT('Origin',(6.05370164442004,6.,-0.0770759949474318));
#4470=CARTESIAN_POINT('',(2.79923969909867,5.99999999999997,-3.33153794032022));
#4471=CARTESIAN_POINT('',(6.05370164442004,6.,-0.0770759949474318));
#4472=CARTESIAN_POINT('',(6.01101594039398,6.,-0.119761698974166));
#4473=CARTESIAN_POINT('',(2.79923969909867,8.12126637310761,-3.33153794032022));
#4474=CARTESIAN_POINT('',(2.79923969909867,10.745944357147,-3.33153794032022));
#4475=CARTESIAN_POINT('',(3.70677424482636,9.06588286441312,-2.42400339457819));
#4476=CARTESIAN_POINT('',(4.08685187120294,9.46149049779935,-2.0439257681956));
#4477=CARTESIAN_POINT('',(5.28706399647303,9.06588286441312,-0.843713642906557));
#4478=CARTESIAN_POINT('',(5.67500189956304,9.06588286441312,-0.455775739810418));
#4479=CARTESIAN_POINT('',(5.28706399647303,8.16835866236361,-0.843713642906557));
#4480=CARTESIAN_POINT('',(5.28706399647303,11.7959443571471,-0.843713642906557));
#4481=CARTESIAN_POINT('',(6.05370164442004,8.16835866236362,-0.0770759949474318));
#4482=CARTESIAN_POINT('',(5.96750643779661,8.16835866236362,-0.163271201572227));
#4483=CARTESIAN_POINT('',(6.05370164442004,6.,-0.0770759949474318));
#4484=CARTESIAN_POINT('Origin',(2.05282006670749,1.5,-4.63473201803274));
#4485=CARTESIAN_POINT('',(6.05370164442005,1.5,-0.633850440320224));
#4486=CARTESIAN_POINT('',(6.05370164442004,2.3762314467222,-0.525436378543313));
#4487=CARTESIAN_POINT('',(3.35601414439944,1.5,-3.33153794032021));
#4488=CARTESIAN_POINT('',(4.38776101602391,1.5,-2.29979106867943));
#4489=CARTESIAN_POINT('',(2.68821218656969,6.89735405530427,-3.33153794032021));
#4490=CARTESIAN_POINT('Origin',(2.94702769056747,8.27509299559326,0.));
#4491=CARTESIAN_POINT('',(2.17979646188552,7.47651262786032,-3.33153794032021));
#4492=CARTESIAN_POINT('',(6.46565708795175,11.9374939159863,-3.33153794032021));
#4493=CARTESIAN_POINT('',(0.761245939721273,6.00000000000001,-2.973569208088));
#4494=CARTESIAN_POINT('',(1.99850800779246,7.28781671074537,-3.28579011740798));
#4495=CARTESIAN_POINT('',(0.761245939721273,6.00000000000001,2.89649332744758));
#4496=CARTESIAN_POINT('',(0.761245939721273,6.00000000000001,0.));
#4497=CARTESIAN_POINT('',(2.17979646188553,7.47651262786034,3.25446205967981));
#4498=CARTESIAN_POINT('',(2.23553734765518,7.53453109138424,3.26852817428108));
#4499=CARTESIAN_POINT('',(2.79923958479166,8.12126625413,3.25446205967981));
#4500=CARTESIAN_POINT('',(4.56579275101346,9.96000094630975,3.2544620596798));
#4501=CARTESIAN_POINT('',(3.70677424482637,9.06588286441313,2.34692739963076));
#4502=CARTESIAN_POINT('',(3.06680178855412,8.39976107431495,2.98689985591312));
#4503=CARTESIAN_POINT('',(3.70677424482636,9.06588286441313,-0.019268998736854));
#4504=CARTESIAN_POINT('Origin',(10.0967057475713,15.4918887142941,-3.33153794032021));
#4505=CARTESIAN_POINT('',(2.17979646188552,1.5,-3.33153794032021));
#4506=CARTESIAN_POINT('',(-4.29854982153276,1.5,-3.33153794032022));
#4507=CARTESIAN_POINT('',(2.17979646188552,7.98944289467421,-3.33153794032021));
#4508=CARTESIAN_POINT('Origin',(2.94702769056747,6.,3.10667395390166));
#4509=CARTESIAN_POINT('',(2.79923958479166,6.00000000000004,3.2544620596798));
#4510=CARTESIAN_POINT('',(2.79923958479166,10.745944357147,3.2544620596798));
#4511=CARTESIAN_POINT('',(6.05370164442004,6.,-1.95156391047391E-16));
#4512=CARTESIAN_POINT('',(4.67469001910371,6.,1.37901162533812));
#4513=CARTESIAN_POINT('',(6.05370164442004,8.16835866236362,-5.55111512312578E-16));
#4514=CARTESIAN_POINT('',(6.05370164442004,6.,-3.20923843055709E-16));
#4515=CARTESIAN_POINT('',(5.28706399647302,8.16835866236361,0.766637647959131));
#4516=CARTESIAN_POINT('',(4.41416946087032,8.16835866236361,1.63953218357563));
#4517=CARTESIAN_POINT('',(5.28706399647302,9.06588286441312,0.766637647959131));
#4518=CARTESIAN_POINT('',(5.28706399647302,11.7959443571471,0.76663764795913));
#4519=CARTESIAN_POINT('',(4.12166492263675,9.06588286441313,1.93203672181382));
#4520=CARTESIAN_POINT('Origin',(2.0528200667075,1.5,4.55765602308533));
#4521=CARTESIAN_POINT('',(3.35601403009242,1.5,3.25446205967981));
#4522=CARTESIAN_POINT('',(2.68821207398616,6.89735404137458,3.25446205967981));
#4523=CARTESIAN_POINT('',(6.05370164410051,1.4999999998747,0.556774446099563));
#4524=CARTESIAN_POINT('',(4.38776185248312,1.5,2.22271423727281));
#4525=CARTESIAN_POINT('',(6.05370164442004,2.3762314467222,0.448360383595882));
#4526=CARTESIAN_POINT('Origin',(2.1803900426205,15.4918887142941,3.25446205967981));
#4527=CARTESIAN_POINT('',(2.17979646188553,1.5,3.25446205967981));
#4528=CARTESIAN_POINT('',(2.17979646188553,7.98944289467421,3.25446205967981));
#4529=CARTESIAN_POINT('',(-4.29854982153276,1.5,3.25446205967981));
#4530=CARTESIAN_POINT('Origin',(3.11900621354399,6.,3.49146999055588));
#4531=CARTESIAN_POINT('',(0.457002099576491,2.52247699435219,2.81971792886683));
#4532=CARTESIAN_POINT('',(0.615943371970694,4.33918405088537,2.85982647973573));
#4533=CARTESIAN_POINT('',(0.457002099576491,1.5,2.81971792886683));
#4534=CARTESIAN_POINT('',(0.457002099576491,2.01123849717609,2.81971792886683));
#4535=CARTESIAN_POINT('',(1.74785368869494,1.5,3.14546205967981));
#4536=CARTESIAN_POINT('Origin',(2.1803900426205,6.,-3.33168772937591));
#4537=CARTESIAN_POINT('',(0.457002099576491,1.5,-2.89679380950725));
#4538=CARTESIAN_POINT('',(3.33861228845613,1.5,-3.6239630784078));
#4539=CARTESIAN_POINT('',(0.457002099576491,2.52247699435219,-2.89679380950725));
#4540=CARTESIAN_POINT('',(0.457002099576491,2.01123849717609,-2.89679380950724));
#4541=CARTESIAN_POINT('',(0.612079433748088,4.29501903490634,-2.93592730235364));
#4542=CARTESIAN_POINT('Origin',(4.50036466749375,9.06588286441312,-0.0385379974737076));
#4543=CARTESIAN_POINT('',(5.28706399647302,9.06588286441312,0.364049825242715));
#4544=CARTESIAN_POINT('Origin',(0.457002099576491,2.52247699435219,0.));
#4545=CARTESIAN_POINT('',(0.45700209957649,2.52247699435219,6.46146205967979));
#4546=CARTESIAN_POINT('Origin',(5.28706399647302,17.5918887142941,0.766637647959132));
#4547=CARTESIAN_POINT('',(5.28706399647302,8.16835866236362,0.364049825242706));
#4548=CARTESIAN_POINT('Origin',(5.67038282044653,8.16835866236362,-0.0385379974737132));
#4549=CARTESIAN_POINT('',(6.05370164442005,8.16835866236362,0.25911828110305));
#4550=CARTESIAN_POINT('Origin',(6.05370164442005,1.5,0.556774559679817));
#4551=CARTESIAN_POINT('',(6.05370164442004,1.5,0.259117444643855));
#4552=CARTESIAN_POINT('Origin',(6.7963915164075,1.5,-0.0385396703921195));
#4553=CARTESIAN_POINT('',(0.457002099576491,1.5,3.21146119464383));
#4554=CARTESIAN_POINT('Origin',(0.45700209957649,2.52247699435219,6.46146205967979));
#4555=CARTESIAN_POINT('Origin',(26.6870380946992,15.5923586623637,-0.481224123300972));
#4556=CARTESIAN_POINT('',(7.88706399647323,15.5923586623637,17.2386794691918));
#4557=CARTESIAN_POINT('',(25.367799065993,15.5923586623637,26.4618191187054));
#4558=CARTESIAN_POINT('',(13.4704219899515,15.5923586623637,20.1845561890369));
#4559=CARTESIAN_POINT('',(23.8748914852605,15.5923586623637,29.4824994891704));
#4560=CARTESIAN_POINT('',(30.1018103461061,15.5923586623637,16.8832389494082));
#4561=CARTESIAN_POINT('',(6.05788395930503,15.5923586623636,20.6768191988814));
#4562=CARTESIAN_POINT('',(23.2960883377066,15.5923586623637,29.19643823781));
#4563=CARTESIAN_POINT('',(3.7067742448264,15.5923586623636,18.7078798985477));
#4564=CARTESIAN_POINT('Origin',(5.70677424482638,15.5923586623636,18.7078798985476));
#4565=CARTESIAN_POINT('',(3.70677424482636,15.5923586623636,17.7662968498585));
#4566=CARTESIAN_POINT('',(3.70677424482637,15.5923586623636,17.7662968498586));
#4567=CARTESIAN_POINT('',(7.88706399647321,15.5923586623636,17.7662968498587));
#4568=CARTESIAN_POINT('',(19.9039670299425,15.5923586623637,17.7662968498585));
#4569=CARTESIAN_POINT('',(7.88706399647319,15.5923586623637,8.14253636327877));
#4570=CARTESIAN_POINT('Origin',(29.7915660505589,17.5923586623637,28.7958754677831));
#4571=CARTESIAN_POINT('',(7.88706399647323,17.5923586623637,17.2386794691918));
#4572=CARTESIAN_POINT('',(7.88706399647323,15.0262448787269,17.2386794691918));
#4573=CARTESIAN_POINT('',(27.1366856775144,17.5923586623637,27.3951144393732));
#4574=CARTESIAN_POINT('',(8.88706399647303,17.5923586623637,17.7662968498587));
#4575=CARTESIAN_POINT('',(31.5604526620803,12.5923586623637,29.7291707884509));
#4576=CARTESIAN_POINT('Origin',(27.1366856775144,12.5923586623637,27.3951144393732));
#4577=CARTESIAN_POINT('',(31.5604526620803,7.50535172951334,29.7291707884509));
#4578=CARTESIAN_POINT('',(31.5604526620803,17.5923586623637,29.729170788451));
#4579=CARTESIAN_POINT('',(29.7915660505589,7.86826178236489,28.7958754677831));
#4580=CARTESIAN_POINT('Ctrl Pts',(29.7915660505589,7.86826178236489,28.7958754677831));
#4581=CARTESIAN_POINT('Ctrl Pts',(29.8448162679788,7.8774385331096,28.8239712080181));
#4582=CARTESIAN_POINT('Ctrl Pts',(29.8971800502352,7.88463334693648,28.8515992496541));
#4583=CARTESIAN_POINT('Ctrl Pts',(30.1528393187019,7.91187399802821,28.9864895232257));
#4584=CARTESIAN_POINT('Ctrl Pts',(30.3783341836649,7.90788487570744,29.1054645332314));
#4585=CARTESIAN_POINT('Ctrl Pts',(30.8212347593675,7.83583978004253,29.3391465748794));
#4586=CARTESIAN_POINT('Ctrl Pts',(31.0386427841988,7.76780199408872,29.4538548274769));
#4587=CARTESIAN_POINT('Ctrl Pts',(31.3395953340124,7.63301603934529,29.6126426235147));
#4588=CARTESIAN_POINT('Ctrl Pts',(31.4509913239827,7.57398961582219,29.6714170839596));
#4589=CARTESIAN_POINT('Ctrl Pts',(31.5604526620803,7.50535172951334,29.7291707884509));
#4590=CARTESIAN_POINT('',(29.7915660505589,10.5923586623637,28.7958754677831));
#4591=CARTESIAN_POINT('',(29.7915660505589,17.5923586623637,28.7958754677831));
#4592=CARTESIAN_POINT('Origin',(25.367799065993,10.5923586623637,26.4618191187054));
#4593=CARTESIAN_POINT('Origin',(7.88706399647323,12.4601310950901,16.7662968498584));
#4594=CARTESIAN_POINT('',(7.88706399647328,15.5331754494116,17.7662968498585));
#4595=CARTESIAN_POINT('',(7.88706399647328,15.0260099046921,17.7662968498585));
#4596=CARTESIAN_POINT('',(7.88706399647319,15.5331754494115,15.7662968498585));
#4597=CARTESIAN_POINT('',(7.88706399647323,15.5331754494116,16.7662968498584));
#4598=CARTESIAN_POINT('',(7.88706399647323,17.5923586623637,15.7662968498585));
#4599=CARTESIAN_POINT('',(7.88706399647319,14.9260099046921,15.7662968498585));
#4600=CARTESIAN_POINT('',(7.88706399647318,17.5923586623637,8.14253636327877));
#4601=CARTESIAN_POINT('Origin',(3.70677424482635,11.9423591269588,-12.9033786820894));
#4602=CARTESIAN_POINT('',(3.70677424482635,13.9423591269588,-12.9033786820894));
#4603=CARTESIAN_POINT('Origin',(3.70677424482635,11.9423591269588,-12.9033786820894));
#4604=CARTESIAN_POINT('',(5.28706399647304,13.9423591269588,-12.9033786820894));
#4605=CARTESIAN_POINT('',(3.70677424482635,13.9423591269588,-12.9033786820894));
#4606=CARTESIAN_POINT('Origin',(5.28706399647304,11.9423591269588,-12.9033786820894));
#4607=CARTESIAN_POINT('Origin',(3.70677424482635,11.9423591269588,12.0966213179106));
#4608=CARTESIAN_POINT('',(3.70677424482635,13.9423591269588,12.0966213179106));
#4609=CARTESIAN_POINT('Origin',(3.70677424482635,11.9423591269588,12.0966213179106));
#4610=CARTESIAN_POINT('',(5.28706399647304,13.9423591269588,12.0966213179106));
#4611=CARTESIAN_POINT('',(3.70677424482635,13.9423591269588,12.0966213179106));
#4612=CARTESIAN_POINT('Origin',(5.28706399647304,11.9423591269588,12.0966213179106));
#4613=CARTESIAN_POINT('Origin',(26.7300356749706,12.5923586623637,28.217911306498));
#4614=CARTESIAN_POINT('',(25.6672372697693,17.5923586623637,30.3683286007673));
#4615=CARTESIAN_POINT('',(30.1496727491225,12.5923586623637,32.5836778223204));
#4616=CARTESIAN_POINT('Origin',(25.6672372697693,12.5923586623637,30.3683286007673));
#4617=CARTESIAN_POINT('',(31.2124711543237,12.5923586623637,30.4332605280512));
#4618=CARTESIAN_POINT('',(26.7300356749706,17.5923586623637,28.217911306498));
#4619=CARTESIAN_POINT('Origin',(31.5604526620803,17.5923586623637,29.729170788451));
#4620=CARTESIAN_POINT('',(30.1496727491225,5.67587463139042,32.5836778223204));
#4621=CARTESIAN_POINT('',(30.1496727491225,17.5923586623637,32.5836778223204));
#4622=CARTESIAN_POINT('Ctrl Pts',(31.5604526620803,7.50535172951334,29.7291707884509));
#4623=CARTESIAN_POINT('Ctrl Pts',(31.4461385301133,7.52985481462907,29.9604687327818));
#4624=CARTESIAN_POINT('Ctrl Pts',(31.3287010565446,7.51955957301413,30.1980863025124));
#4625=CARTESIAN_POINT('Ctrl Pts',(31.0746912440638,7.43166294002783,30.7120380463234));
#4626=CARTESIAN_POINT('Ctrl Pts',(30.9028015985848,7.29979837579535,31.0598316302572));
#4627=CARTESIAN_POINT('Ctrl Pts',(30.6643491761303,7.00740884366502,31.5423052683405));
#4628=CARTESIAN_POINT('Ctrl Pts',(30.5575859115827,6.8349311350237,31.7583251356569));
#4629=CARTESIAN_POINT('Ctrl Pts',(30.3687544472731,6.43071003930208,32.1403980147338));
#4630=CARTESIAN_POINT('Ctrl Pts',(30.2866177598693,6.19912965926735,32.3065896012311));
#4631=CARTESIAN_POINT('Ctrl Pts',(30.1970775124139,5.87723688217899,32.4877612098061));
#4632=CARTESIAN_POINT('Ctrl Pts',(30.1724355173264,5.77883548288801,32.5376206865817));
#4633=CARTESIAN_POINT('Ctrl Pts',(30.1496727491225,5.67587463139042,32.5836778223204));
#4634=CARTESIAN_POINT('Origin',(30.1496727491225,17.5923586623637,32.5836778223204));
#4635=CARTESIAN_POINT('',(6.05788395930503,17.5923586623636,20.6768191988814));
#4636=CARTESIAN_POINT('',(6.05788395930505,17.5923586623637,20.6768191988813));
#4637=CARTESIAN_POINT('',(6.05788395930503,15.5923586623636,20.6768191988814));
#4638=CARTESIAN_POINT('',(28.3573269646136,10.5923586623637,31.6978487107235));
#4639=CARTESIAN_POINT('Origin',(23.8748914852605,10.5923586623637,29.4824994891704));
#4640=CARTESIAN_POINT('',(28.3573269646136,6.58415941496685,31.6978487107235));
#4641=CARTESIAN_POINT('',(28.3573269646136,17.5923586623637,31.6978487107235));
#4642=CARTESIAN_POINT('Ctrl Pts',(30.1496727491225,5.67587463139042,32.5836778223204));
#4643=CARTESIAN_POINT('Ctrl Pts',(30.1403915577704,5.69114891219692,32.5790907891926));
#4644=CARTESIAN_POINT('Ctrl Pts',(30.1310426001237,5.70616118350357,32.5744702640026));
#4645=CARTESIAN_POINT('Ctrl Pts',(30.0541916979524,5.82666793789725,32.5364883260394));
#4646=CARTESIAN_POINT('Ctrl Pts',(29.9636556748523,5.94526485740949,32.4917428056139));
#4647=CARTESIAN_POINT('Ctrl Pts',(29.7498781219784,6.17659261432982,32.3860877576994));
#4648=CARTESIAN_POINT('Ctrl Pts',(29.5726368725915,6.31771434132581,32.2984900073994));
#4649=CARTESIAN_POINT('Ctrl Pts',(29.2666143496176,6.48589059238218,32.1472448280386));
#4650=CARTESIAN_POINT('Ctrl Pts',(29.0843958113193,6.55199718120508,32.0571871576424));
#4651=CARTESIAN_POINT('Ctrl Pts',(28.7726471125793,6.61097723456741,31.9031119366481));
#4652=CARTESIAN_POINT('Ctrl Pts',(28.584875725336,6.61609534007987,31.8103098877452));
#4653=CARTESIAN_POINT('Ctrl Pts',(28.4059220464799,6.59231767596896,31.7218658052873));
#4654=CARTESIAN_POINT('Ctrl Pts',(28.3818075482964,6.5885700708997,31.7099477230249));
#4655=CARTESIAN_POINT('Ctrl Pts',(28.3573269646137,6.58415941496655,31.6978487107235));
#4656=CARTESIAN_POINT('Origin',(30.1018103461061,10.5923586623637,16.8832389494082));
#4657=CARTESIAN_POINT('',(34.5842458254593,10.5923586623637,19.0985881709613));
#4658=CARTESIAN_POINT('Origin',(4.28706399647303,6.56588286441313,-8.03370315014148));
#4659=CARTESIAN_POINT('',(5.28706399647325,7.56588286441313,-8.03370315014154));
#4660=CARTESIAN_POINT('',(4.28706399647319,7.56588286441313,-8.03370315014149));
#4661=CARTESIAN_POINT('',(4.53706399647309,7.56588286441313,-8.03370315014147));
#4662=CARTESIAN_POINT('',(4.28706399647303,9.06588286441313,-8.03370315014148));
#4663=CARTESIAN_POINT('',(4.28706399647303,6.9507442291893,-8.03370315014148));
#4664=CARTESIAN_POINT('',(3.70677424482633,9.06588286441313,-8.03370315014152));
#4665=CARTESIAN_POINT('',(4.28706399647303,9.06588286441313,-8.03370315014148));
#4666=CARTESIAN_POINT('',(3.70677424482633,6.56588286441313,-8.03370315014152));
#4667=CARTESIAN_POINT('',(3.70677424482633,9.32238432688338,-8.03370315014152));
#4668=CARTESIAN_POINT('',(5.28706399647308,6.56588286441313,-8.03370315014152));
#4669=CARTESIAN_POINT('',(15.1737593517919,6.56588286441313,-8.03370315014147));
#4670=CARTESIAN_POINT('',(5.28706399647305,12.0171207633884,-8.03370315014151));
#4671=CARTESIAN_POINT('Origin',(4.28706399647303,9.06588286441313,-8.03370315014148));
#4672=CARTESIAN_POINT('',(4.28706399647304,9.06588286441312,9.26670510638325));
#4673=CARTESIAN_POINT('',(4.28706399647306,9.06588286441313,-14.3137031501415));
#4674=CARTESIAN_POINT('',(3.70677424482636,9.06588286441312,9.2667051063832));
#4675=CARTESIAN_POINT('',(4.28706399647237,9.06588286441312,9.26670510638325));
#4676=CARTESIAN_POINT('',(3.70677424482638,9.06588286441312,-4.77789430532191));
#4677=CARTESIAN_POINT('Origin',(4.28706399647305,6.56588286441313,9.26670510638325));
#4678=CARTESIAN_POINT('',(4.28706399647304,7.56588286441313,9.26670510638325));
#4679=CARTESIAN_POINT('',(4.28706399647305,6.56588286441313,9.26670510638325));
#4680=CARTESIAN_POINT('',(5.28706399647306,7.56588286441313,9.26670510638332));
#4681=CARTESIAN_POINT('',(3.70677424482636,7.56588286441313,9.2667051063832));
#4682=CARTESIAN_POINT('',(5.28706399647306,6.56588286441313,9.26670510638332));
#4683=CARTESIAN_POINT('',(5.28706399647304,12.0171207633884,9.26670510638332));
#4684=CARTESIAN_POINT('',(3.70677424482636,6.56588286441313,9.2667051063832));
#4685=CARTESIAN_POINT('',(14.3836144759675,6.56588286441313,9.26670510638402));
#4686=CARTESIAN_POINT('',(3.70677424482636,6.56588286441313,9.2667051063832));
#4687=CARTESIAN_POINT('Origin',(4.49691912064971,7.56588286441313,0.616500978120901));
#4688=CARTESIAN_POINT('',(5.28706399647305,7.56588286441313,-7.95870315014153));
#4689=CARTESIAN_POINT('',(4.28706399647305,7.56588286441313,-9.98860108601033));
#4690=CARTESIAN_POINT('Origin',(5.28706399647304,17.4683586623636,18.4062968498585));
#4691=CARTESIAN_POINT('',(5.28706399647308,6.56588286441313,-9.29370315014152));
#4692=CARTESIAN_POINT('',(5.28706399647307,6.56588286441313,7.32655400367762));
#4693=CARTESIAN_POINT('',(5.28706399647308,8.16835866236362,-9.29370315014152));
#4694=CARTESIAN_POINT('',(5.28706399647308,12.6651630677621,-9.29370315014152));
#4695=CARTESIAN_POINT('',(5.28706399647306,8.16835866236362,-11.2937031501416));
#4696=CARTESIAN_POINT('',(5.2870639964731,8.1683586623636,16.8568843171778));
#4697=CARTESIAN_POINT('',(5.28706399647306,6.56588286441313,-11.2937031501416));
#4698=CARTESIAN_POINT('',(5.28706399647306,12.6651630677621,-11.2937031501416));
#4699=CARTESIAN_POINT('',(5.28706399647306,6.56588286441313,-19.7761844077692));
#4700=CARTESIAN_POINT('',(5.28706399647308,6.56588286441313,-16.9847330154393));
#4701=CARTESIAN_POINT('',(5.28706399647309,15.4918887142941,-19.7761844077692));
#4702=CARTESIAN_POINT('',(5.28706399647308,13.9094852038815,-19.7761844077692));
#4703=CARTESIAN_POINT('',(5.28706399647307,15.4918887142941,-17.5937031501416));
#4704=CARTESIAN_POINT('',(5.28706399647307,15.4918887142941,-17.5937031501416));
#4705=CARTESIAN_POINT('',(5.28706399647306,17.5918887142941,-17.5937031501415));
#4706=CARTESIAN_POINT('',(5.28706399647309,17.5301236883288,-17.5937031501416));
#4707=CARTESIAN_POINT('',(5.28706399647304,17.5918887142384,14.2676315060657));
#4708=CARTESIAN_POINT('',(5.28706399647307,17.5918887142941,16.7662968498584));
#4709=CARTESIAN_POINT('',(5.28706399647304,17.5923586623636,15.7662968498585));
#4710=CARTESIAN_POINT('',(5.28706399647304,17.5923586623636,15.7662968498587));
#4711=CARTESIAN_POINT('',(5.28706399647307,15.5923586623637,15.7662968498585));
#4712=CARTESIAN_POINT('',(5.28706399647303,17.3918887142941,15.7662968498585));
#4713=CARTESIAN_POINT('',(5.28706399647307,15.5923586623637,16.7662968498584));
#4714=CARTESIAN_POINT('',(5.28706399647303,15.5923586623637,20.9027297001572));
#4715=CARTESIAN_POINT('',(5.28706399647307,15.5331754494115,16.7662968498584));
#4716=CARTESIAN_POINT('',(5.28706399647307,16.5007670558876,16.7662968498584));
#4717=CARTESIAN_POINT('',(5.28706399647305,15.5331754494115,17.7662968498584));
#4718=CARTESIAN_POINT('',(5.28706399647306,15.5331754494115,19.2847968498584));
#4719=CARTESIAN_POINT('',(5.28706399647305,9.56835866236361,17.7662968498584));
#4720=CARTESIAN_POINT('',(5.28706399647305,16.4882397158445,17.7662968498584));
#4721=CARTESIAN_POINT('',(5.28706399647307,9.5683586623636,16.7662968498584));
#4722=CARTESIAN_POINT('',(5.28706399647309,9.56835866236361,10.1562968498584));
#4723=CARTESIAN_POINT('',(5.28706399647307,8.1683586623636,16.7662968498584));
#4724=CARTESIAN_POINT('',(5.28706399647307,12.8183586623636,16.7662968498584));
#4725=CARTESIAN_POINT('',(5.28706399647304,8.1683586623636,10.1230333430244));
#4726=CARTESIAN_POINT('',(5.2870639964731,8.1683586623636,16.8568843171778));
#4727=CARTESIAN_POINT('',(5.28706399647306,6.56588286441313,10.1230333430244));
#4728=CARTESIAN_POINT('',(5.28706399647304,12.0171207633884,10.1230333430244));
#4729=CARTESIAN_POINT('',(5.28706399647307,6.56588286441313,7.32655400367762));
#4730=CARTESIAN_POINT('Origin',(25.0604547071108,6.56588286441313,-19.675762880737));
#4731=CARTESIAN_POINT('',(5.34493694381332,6.56588286441313,10.1230333430244));
#4732=CARTESIAN_POINT('',(5.28706399647306,6.56588286441313,10.1230333430244));
#4733=CARTESIAN_POINT('',(5.34493694381331,6.56588286441313,15.7662968498585));
#4734=CARTESIAN_POINT('',(5.34493694381331,6.56588286441313,-6.52344599632236));
#4735=CARTESIAN_POINT('',(7.88706399647318,6.56588286441313,15.7662968498585));
#4736=CARTESIAN_POINT('',(8.90410531871271,6.56588286441313,15.7662968498585));
#4737=CARTESIAN_POINT('',(7.88706399647328,6.56588286441313,17.7662968498585));
#4738=CARTESIAN_POINT('',(7.88706399647318,6.56588286441313,6.50655400367765));
#4739=CARTESIAN_POINT('',(3.70677424482636,6.56588286441313,17.7662968498585));
#4740=CARTESIAN_POINT('',(10.2724854617004,6.56588286441313,17.7662968498585));
#4741=CARTESIAN_POINT('',(3.70677424482637,6.56588286441309,7.42071566865226));
#4742=CARTESIAN_POINT('Origin',(25.0604547071108,6.56588286441313,-19.675762880737));
#4743=CARTESIAN_POINT('',(3.70673505722697,6.56588286441313,-20.1156867825662));
#4744=CARTESIAN_POINT('',(4.97313545994336,6.56588286441313,-19.8436265544188));
#4745=CARTESIAN_POINT('',(9.28706399647302,6.56588286441314,-11.2937031501416));
#4746=CARTESIAN_POINT('',(8.41106789488693,6.56588286441313,-11.2937031501416));
#4747=CARTESIAN_POINT('',(9.28706399647306,6.56588286441314,-9.29370315014155));
#4748=CARTESIAN_POINT('',(9.28706399647303,6.56588286441314,-9.79370315014157));
#4749=CARTESIAN_POINT('',(8.41106789488697,6.56588286441313,-9.29370315014155));
#4750=CARTESIAN_POINT('',(3.70677424482643,6.56588286441313,-9.55789430532197));
#4751=CARTESIAN_POINT('Origin',(4.28706399647306,7.33560559396553,-20.5937031501416));
#4752=CARTESIAN_POINT('Origin',(4.28706399647306,7.33560559396553,-20.5937031501416));
#4753=CARTESIAN_POINT('',(4.28706399647303,17.5918887142941,-8.03370315014148));
#4754=CARTESIAN_POINT('',(4.28706399647311,17.5918887142941,9.3312968498585));
#4755=CARTESIAN_POINT('',(4.28706399647307,17.5918887142941,-17.5937031501415));
#4756=CARTESIAN_POINT('',(4.28706399647303,16.0918887142941,-8.03370315014148));
#4757=CARTESIAN_POINT('',(4.28706399647303,11.7137471541298,-8.03370315014148));
#4758=CARTESIAN_POINT('',(4.28706399647311,16.0918887142941,9.3312968498585));
#4759=CARTESIAN_POINT('',(4.28706399647309,16.0918887142941,-5.63120315014154));
#4760=CARTESIAN_POINT('',(4.28706399647311,12.4637471541298,9.3312968498585));
#4761=CARTESIAN_POINT('Origin',(6.28706399647307,15.5331754494115,16.7662968498585));
#4762=CARTESIAN_POINT('',(6.28706399647307,15.5923586623637,16.7662968498585));
#4763=CARTESIAN_POINT('',(11.9603387249632,15.5923586623637,16.7662968498585));
#4764=CARTESIAN_POINT('',(6.28706399647307,15.5331754494115,16.7662968498585));
#4765=CARTESIAN_POINT('',(6.28706399647307,17.0918887142941,16.7662968498585));
#4766=CARTESIAN_POINT('',(6.28706399647307,15.5331754494115,16.7662968498585));
#4767=CARTESIAN_POINT('Origin',(6.2870639964731,15.5331754494115,15.7662968498585));
#4768=CARTESIAN_POINT('',(6.2870639964731,15.5923586623637,15.7662968498585));
#4769=CARTESIAN_POINT('',(6.2870639964731,15.5923586623637,19.5827297001572));
#4770=CARTESIAN_POINT('',(6.2870639964731,15.5331754494115,15.7662968498585));
#4771=CARTESIAN_POINT('',(6.2870639964731,15.5331754494115,15.7662968498585));
#4772=CARTESIAN_POINT('',(6.2870639964731,15.5331754494115,15.7662968498585));
#4773=CARTESIAN_POINT('Origin',(7.2870639964731,15.5331754494115,15.7662968498585));
#4774=CARTESIAN_POINT('',(7.88706399647319,15.5331754494115,15.7662968498585));
#4775=CARTESIAN_POINT('',(11.4603387249632,15.5923586623637,15.7662968498585));
#4776=CARTESIAN_POINT('',(16.9870510455861,17.5923586623637,15.7662968498585));
#4777=CARTESIAN_POINT('Origin',(6.30098914882157,8.1683586623636,15.3074717844971));
#4778=CARTESIAN_POINT('',(7.39601243219195,8.1683586623636,10.1230333430245));
#4779=CARTESIAN_POINT('',(6.84850079050686,8.1683586623636,10.1230333430245));
#4780=CARTESIAN_POINT('',(6.28706399647307,8.1683586623636,16.7662968498585));
#4781=CARTESIAN_POINT('',(5.28706399647307,8.1683586623636,16.7662968498584));
#4782=CARTESIAN_POINT('',(6.2870639964731,8.1683586623636,15.7662968498585));
#4783=CARTESIAN_POINT('',(6.28706399647307,8.1683586623636,16.7662968498585));
#4784=CARTESIAN_POINT('',(7.39601243219198,8.1683586623636,15.7662968498584));
#4785=CARTESIAN_POINT('',(6.2870639964731,8.1683586623636,15.7662968498585));
#4786=CARTESIAN_POINT('',(7.39601243219205,8.1683586623636,15.7662968498585));
#4787=CARTESIAN_POINT('Origin',(7.39601243219201,6.56588286441313,10.1230333430245));
#4788=CARTESIAN_POINT('',(6.95281935977933,7.82209828512027,10.1230333430245));
#4789=CARTESIAN_POINT('Origin',(7.28706399647304,8.08323881550601,-9.29370315014158));
#4790=CARTESIAN_POINT('',(7.30771185237983,8.09937068854419,15.7662968498585));
#4791=CARTESIAN_POINT('Origin',(3.70677424482635,12.0788857893536,-1.52208546050237));
#4792=CARTESIAN_POINT('',(3.70677424482636,9.32238432688335,17.7662968498585));
#4793=CARTESIAN_POINT('',(3.7067742448264,17.5923586623636,18.7078798985477));
#4794=CARTESIAN_POINT('',(3.7067742448264,15.5923586623636,18.7078798985477));
#4795=CARTESIAN_POINT('',(3.70677424482635,17.5918887142384,14.2146472785914));
#4796=CARTESIAN_POINT('',(3.70677424482637,17.5923586623636,17.7662968498586));
#4797=CARTESIAN_POINT('',(3.70677424482634,17.5918887142941,9.33129684985853));
#4798=CARTESIAN_POINT('',(3.70677424482635,17.5918887142941,8.12210569467807));
#4799=CARTESIAN_POINT('',(3.70677424482634,16.0918887142941,9.33129684985853));
#4800=CARTESIAN_POINT('',(3.70677424482634,14.8353872518238,9.33129684985853));
#4801=CARTESIAN_POINT('',(3.70677424482633,16.0918887142941,-8.03370315014152));
#4802=CARTESIAN_POINT('',(3.70677424482634,16.0918887142941,3.90460569467801));
#4803=CARTESIAN_POINT('',(3.70677424482633,17.5918887142941,-8.03370315014152));
#4804=CARTESIAN_POINT('',(3.70677424482633,14.0853872518238,-8.03370315014152));
#4805=CARTESIAN_POINT('',(3.70677424482634,17.5918887142941,-17.5937031501415));
#4806=CARTESIAN_POINT('',(3.70677424482631,17.5918887142941,-4.77789430532198));
#4807=CARTESIAN_POINT('',(3.70677424482634,15.4918887142941,-17.5937031501416));
#4808=CARTESIAN_POINT('',(3.70677424482635,14.8353872518238,-17.5937031501415));
#4809=CARTESIAN_POINT('',(3.70673505722693,15.4918887142941,-20.1156867825662));
#4810=CARTESIAN_POINT('',(3.70677424482634,15.4918887142941,-17.5937031501416));
#4811=CARTESIAN_POINT('',(3.70672916158667,16.5418887142941,-20.1156921660256));
#4812=CARTESIAN_POINT('Origin',(5.28706399647309,17.5918887142941,-19.7761844077692));
#4813=CARTESIAN_POINT('',(6.03818599974166,15.4918887142941,-19.6148187643136));
#4814=CARTESIAN_POINT('Origin',(7.88706399647323,12.4601310950901,16.7662968498584));
#4815=CARTESIAN_POINT('',(7.88706399647328,9.56835866236365,17.7662968498585));
#4816=CARTESIAN_POINT('',(7.88706399647328,11.0142448787268,17.7662968498585));
#4817=CARTESIAN_POINT('',(7.88706399647319,9.56835866236361,15.7662968498585));
#4818=CARTESIAN_POINT('',(7.88706399647319,8.1683586623636,15.7662968498585));
#4819=CARTESIAN_POINT('',(7.88706399647323,9.56835866236364,16.7662968498584));
#4820=CARTESIAN_POINT('Origin',(10.0238242824485,15.5081207693254,17.7662968498585));
#4821=CARTESIAN_POINT('',(7.65544413946078,9.56835866236361,17.7662968498585));
#4822=CARTESIAN_POINT('',(8.04611079365629,15.5331754494115,17.7662968498584));
#4823=CARTESIAN_POINT('Origin',(7.2870639964731,8.1683586623636,15.7662968498585));
#4824=CARTESIAN_POINT('',(6.2870639964731,9.56835866236361,15.7662968498585));
#4825=CARTESIAN_POINT('',(6.2870639964731,8.1683586623636,15.7662968498585));
#4826=CARTESIAN_POINT('',(6.2870639964731,9.56835866236361,15.7662968498585));
#4827=CARTESIAN_POINT('Origin',(6.2870639964731,8.1683586623636,15.7662968498585));
#4828=CARTESIAN_POINT('',(6.28706399647307,9.56835866236361,16.7662968498585));
#4829=CARTESIAN_POINT('',(6.28706399647307,8.1683586623636,16.7662968498585));
#4830=CARTESIAN_POINT('',(6.28706399647307,9.56835866236361,16.7662968498585));
#4831=CARTESIAN_POINT('Origin',(4.28706399647303,16.0918887142941,-8.03370315014148));
#4832=CARTESIAN_POINT('',(4.28706399647303,16.0918887142941,-8.03370315014148));
#4833=CARTESIAN_POINT('',(4.28706399647303,17.5918887142941,-8.03370315014148));
#4834=CARTESIAN_POINT('Origin',(4.28706399647311,16.0918887142941,9.3312968498585));
#4835=CARTESIAN_POINT('',(4.28706399647311,16.0918887142941,9.3312968498585));
#4836=CARTESIAN_POINT('Origin',(4.28706399647311,17.5918887142941,9.3312968498585));
#4837=CARTESIAN_POINT('',(4.28706399647311,17.5918887142941,9.3312968498585));
#4838=CARTESIAN_POINT('Origin',(5.70677424482638,15.5923586623636,18.7078798985476));
#4839=CARTESIAN_POINT('Origin',(5.70677424482638,17.5923586623636,18.7078798985476));
#4840=CARTESIAN_POINT('Origin',(5.28706399647305,8.16835866236362,-11.2937031501416));
#4841=CARTESIAN_POINT('',(7.28706399647304,8.16835866236362,-9.29370315014158));
#4842=CARTESIAN_POINT('',(7.28706399647308,8.16835866236362,-11.2937031501415));
#4843=CARTESIAN_POINT('',(7.28706399647306,8.16835866236362,-10.2937031501416));
#4844=CARTESIAN_POINT('',(9.28706399647306,8.16835866236362,-9.29370315014155));
#4845=CARTESIAN_POINT('',(5.28706399647308,8.16835866236362,-9.29370315014152));
#4846=CARTESIAN_POINT('',(9.28706399647302,8.16835866236362,-11.2937031501416));
#4847=CARTESIAN_POINT('',(9.28706399647304,8.16835866236362,-10.7937031501416));
#4848=CARTESIAN_POINT('',(5.28706399647305,8.16835866236362,-11.2937031501416));
#4849=CARTESIAN_POINT('Origin',(7.28706399647302,8.97410073129553,-9.29370315014156));
#4850=CARTESIAN_POINT('',(7.28706399647306,8.97410073129553,-11.2937031501415));
#4851=CARTESIAN_POINT('',(7.28706399647308,8.1683586623636,-11.2937031501415));
#4852=CARTESIAN_POINT('',(7.28706399647303,8.97410073129553,-9.29370315014157));
#4853=CARTESIAN_POINT('',(7.28706399647303,8.97410073129553,-9.29370315014157));
#4854=CARTESIAN_POINT('',(7.28706399647304,8.1683586623636,-9.29370315014158));
#4855=CARTESIAN_POINT('Origin',(6.28706399647302,8.97410073129553,-9.29370315014159));
#4856=CARTESIAN_POINT('',(6.28706399647302,8.97410073129553,-9.29370315014159));
#4857=CARTESIAN_POINT('',(6.28706399647302,8.97410073129553,-9.29370315014159));
#4858=CARTESIAN_POINT('',(6.28706399647305,8.97410073129553,-11.2937031501415));
#4859=CARTESIAN_POINT('',(6.28706399647305,8.97410073129553,-11.2937031501415));
#4860=CARTESIAN_POINT('',(6.28706399647302,8.97410073129553,-9.29370315014159));
#4861=CARTESIAN_POINT('Origin',(6.28706399647301,8.1683586623636,-9.29370315014158));
#4862=CARTESIAN_POINT('',(6.28706399647302,8.1683586623636,-9.29370315014159));
#4863=CARTESIAN_POINT('',(6.28706399647301,7.39281510478883,-9.29370315014158));
#4864=CARTESIAN_POINT('',(6.28706399647305,8.1683586623636,-11.2937031501415));
#4865=CARTESIAN_POINT('',(6.28706399647305,7.39281510478883,-11.2937031501415));
#4866=CARTESIAN_POINT('',(6.28706399647302,8.1683586623636,-9.29370315014159));
#4867=CARTESIAN_POINT('Origin',(5.10804381007009,17.5918887142941,0.337073764620635));
#4868=CARTESIAN_POINT('Origin',(5.73423970242461,17.591888714294,-22.6627682060091));
#4869=CARTESIAN_POINT('',(5.28706399647306,17.5918887142941,-17.5937031501415));
#4870=CARTESIAN_POINT('Origin',(0.399582166983841,11.0514300008766,-17.5937031501416));
#4871=CARTESIAN_POINT('',(2.0531782059051,15.4918887142941,-17.5937031501416));
#4872=CARTESIAN_POINT('Origin',(8.41432109490756,15.4918887142941,-27.0175359255062));
#4873=CARTESIAN_POINT('Origin',(6.30098914882157,8.1683586623636,15.3074717844971));
#4874=CARTESIAN_POINT('',(5.31491430117016,8.1683586623636,-9.29370315014155));
#4875=CARTESIAN_POINT('',(5.31491430117011,8.1683586623636,-11.2937031501416));
#4876=CARTESIAN_POINT('Origin',(6.28706399647307,8.1683586623636,16.7662968498585));
#4877=CARTESIAN_POINT('',(5.28706399647307,9.5683586623636,16.7662968498584));
#4878=CARTESIAN_POINT('Origin',(5.28706399647305,9.56835866236361,0.40629684985849));
#4879=CARTESIAN_POINT('Origin',(6.06839730486414,15.5331754494115,17.5882681745299));
#4880=CARTESIAN_POINT('Origin',(29.7841097774364,15.5923586623637,-3.87295039704868));
#4881=CARTESIAN_POINT('Origin',(6.30098914882156,7.86196747316069,-9.29370315014159));
#4882=CARTESIAN_POINT('',(9.28706399647306,7.76773971287599,-9.29370315014155));
#4883=CARTESIAN_POINT('Origin',(9.28706399647307,7.36712076338838,-10.2937031501415));
#4884=CARTESIAN_POINT('',(9.28706399647302,6.96650181390075,-11.2937031501416));
#4885=CARTESIAN_POINT('Origin',(6.30098914882159,7.86196747316069,-11.2937031501416));
#4886=CARTESIAN_POINT('Origin',(28.3573269646136,17.5923586623637,31.6978487107235));
#4887=CARTESIAN_POINT('Ctrl Pts',(28.3573269646137,6.58415941496673,31.6978487107234));
#4888=CARTESIAN_POINT('Ctrl Pts',(28.4427802394477,6.82217620783021,31.5249464941265));
#4889=CARTESIAN_POINT('Ctrl Pts',(28.546436122116,7.04220288793026,31.3152139600431));
#4890=CARTESIAN_POINT('Ctrl Pts',(28.8052893651673,7.47414856782529,30.7914622421151));
#4891=CARTESIAN_POINT('Ctrl Pts',(29.0184521115782,7.70025097942298,30.3601585685937));
#4892=CARTESIAN_POINT('Ctrl Pts',(29.3115697327366,7.86103751809333,29.7670778877145));
#4893=CARTESIAN_POINT('Ctrl Pts',(29.4259305724464,7.89719824707628,29.5356854370902));
#4894=CARTESIAN_POINT('Ctrl Pts',(29.6256984831782,7.90685287636622,29.131484256532));
#4895=CARTESIAN_POINT('Ctrl Pts',(29.7110064312715,7.89447204548744,28.9588760873622));
#4896=CARTESIAN_POINT('Ctrl Pts',(29.7915660505589,7.86826178236489,28.7958754677831));
#4897=CARTESIAN_POINT('Origin',(29.9588898133469,17.5923586623637,30.6897766450518));
#4898=CARTESIAN_POINT('Ctrl Pts',(30.581491947125,7.6640565420902,28.2072746159854));
#4899=CARTESIAN_POINT('Ctrl Pts',(29.4200688522978,8.16389209146224,29.0064841234839));
#4900=CARTESIAN_POINT('Ctrl Pts',(28.479678881926,7.54677539453513,29.9925412742048));
#4901=CARTESIAN_POINT('Ctrl Pts',(27.5392889115542,6.92965869760802,30.9785984249257));
#4902=CARTESIAN_POINT('Ctrl Pts',(27.3794861079593,5.56278863275042,31.5647761353936));
#4903=CARTESIAN_POINT('Ctrl Pts',(31.6181212070483,7.99362084440543,29.5076060051856));
#4904=CARTESIAN_POINT('Ctrl Pts',(30.4884026648749,8.47981187218678,30.2849986743374));
#4905=CARTESIAN_POINT('Ctrl Pts',(29.5736834801656,7.87954124014196,31.2441384157233));
#4906=CARTESIAN_POINT('Ctrl Pts',(28.6589642954562,7.27927060809714,32.2032781571091));
#4907=CARTESIAN_POINT('Ctrl Pts',(28.5035237922352,5.94971339170548,32.7734543758133));
#4908=CARTESIAN_POINT('Ctrl Pts',(31.9509059502268,6.84519248612627,30.7094550781714));
#4909=CARTESIAN_POINT('Ctrl Pts',(31.3031809234731,7.12395049949058,31.155173784758));
#4910=CARTESIAN_POINT('Ctrl Pts',(30.7787259497164,6.77978485407887,31.7050973200967));
#4911=CARTESIAN_POINT('Ctrl Pts',(30.2542709759598,6.43561920866716,32.2550208554354));
#4912=CARTESIAN_POINT('Ctrl Pts',(30.1651490395226,5.67331651874136,32.5819318449673));
#4913=CARTESIAN_POINT('Origin',(28.746784932575,9.58144303410474,24.6264873132383));
#4914=CARTESIAN_POINT('',(31.4887923304966,9.21201186979728,20.5487363807507));
#4915=CARTESIAN_POINT('',(31.1791267805741,9.08840592960186,20.1761389754007));
#4916=CARTESIAN_POINT('',(32.2418481905411,9.51260125606618,21.4548321980161));
#4917=CARTESIAN_POINT('',(24.3375642485079,9.24278160755439,26.4818619897683));
#4918=CARTESIAN_POINT('',(20.8832810579262,9.25720780598684,29.3479790678191));
#4919=CARTESIAN_POINT('',(22.7892834091824,8.62431080055597,24.6182449954817));
#4920=CARTESIAN_POINT('',(24.0064999594952,9.1102816753821,26.0833716125851));
#4921=CARTESIAN_POINT('',(27.3745595468992,8.60477040951134,20.8139062427859));
#4922=CARTESIAN_POINT('',(24.8971354941263,8.61532808056812,22.8693899360154));
#4923=CARTESIAN_POINT('',(27.9937552668633,8.8519828591002,21.559213337309));
#4924=CARTESIAN_POINT('',(28.9017022104685,9.21447856245932,22.6520815156594));
#4925=CARTESIAN_POINT('',(29.8323339642189,9.09414535702075,21.2935539246414));
#4926=CARTESIAN_POINT('',(28.1892389638784,8.87773036745542,21.5309675601716));
#4927=CARTESIAN_POINT('',(28.691336358524,9.09900777747879,22.2402234985863));
#4928=CARTESIAN_POINT('Origin',(23.9647196925174,5.61757777277105,24.6387978485785));
#4929=CARTESIAN_POINT('',(30.0644265901526,7.81867250146854,18.8391399787318));
#4930=CARTESIAN_POINT('',(29.7846950136288,9.56279311689568,18.493027971089));
#4931=CARTESIAN_POINT('',(30.7404461474964,3.603704491608,19.675579286392));
#4932=CARTESIAN_POINT('',(27.4988846920613,7.82960569129212,20.9677338017883));
#4933=CARTESIAN_POINT('',(30.0644265901526,7.81867250146854,18.8391399787318));
#4934=CARTESIAN_POINT('',(27.3745595468992,8.60477040951134,20.8139062427859));
#4935=CARTESIAN_POINT('',(22.6338769776658,9.59326669872974,24.4259605466495));
#4936=CARTESIAN_POINT('',(23.0301652427351,7.12241753200842,24.9162881983683));
#4937=CARTESIAN_POINT('',(29.0150991185685,9.56607278970643,19.1315507992267));
#4938=CARTESIAN_POINT('Origin',(25.4070724661123,10.1065888040137,24.7713554406395));
#4939=CARTESIAN_POINT('',(24.8014251115315,10.4586552447065,27.0349724467708));
#4940=CARTESIAN_POINT('',(31.9527169894006,10.4281796435706,21.1016467312836));
#4941=CARTESIAN_POINT('',(21.3472057168302,10.4733755797602,29.900889418352));
#4942=CARTESIAN_POINT('',(31.9527169894007,10.4281796435706,21.1016467312835));
#4943=CARTESIAN_POINT('',(24.2120002840414,10.2233287546255,26.3254996719236));
#4944=CARTESIAN_POINT('Ctrl Pts',(27.4757502744056,5.69680067742902,26.3920456364008));
#4945=CARTESIAN_POINT('Ctrl Pts',(27.7172013639708,5.69606130770851,26.191621014898));
#4946=CARTESIAN_POINT('Ctrl Pts',(28.4787954740339,5.50836400633942,25.6209274071335));
#4947=CARTESIAN_POINT('Ctrl Pts',(29.5704605405258,4.28352231448138,25.1199755713061));
#4948=CARTESIAN_POINT('Ctrl Pts',(29.7599061473744,2.29281340113172,25.6229277287097));
#4949=CARTESIAN_POINT('Ctrl Pts',(29.0595029731456,1.47788652787604,26.4753774020394));
#4950=CARTESIAN_POINT('Ctrl Pts',(28.6119171278535,1.32876344456374,26.8968360960152));
#4951=CARTESIAN_POINT('Ctrl Pts',(27.5088474102762,5.49140931401663,26.4326753720261));
#4952=CARTESIAN_POINT('Ctrl Pts',(27.7279197424329,5.49074304373925,26.2508255076066));
#4953=CARTESIAN_POINT('Ctrl Pts',(28.4189478449558,5.32041809381317,25.7330162193917));
#4954=CARTESIAN_POINT('Ctrl Pts',(29.4094799898525,4.20903578962659,25.2784768427888));
#4955=CARTESIAN_POINT('Ctrl Pts',(29.5813833741528,2.40274038462754,25.7348307279606));
#4956=CARTESIAN_POINT('Ctrl Pts',(28.945881421408,1.66327085451222,26.508308611622));
#4957=CARTESIAN_POINT('Ctrl Pts',(28.5397736516751,1.52797680456926,26.8907071720539));
#4958=CARTESIAN_POINT('Ctrl Pts',(27.643265757123,5.10900691845627,26.5960195370505));
#4959=CARTESIAN_POINT('Ctrl Pts',(27.8176648018364,5.10848525581156,26.4512429193686));
#4960=CARTESIAN_POINT('Ctrl Pts',(28.3678695122719,4.97273903357067,26.0389803303977));
#4961=CARTESIAN_POINT('Ctrl Pts',(29.1565635593237,4.08768792177658,25.6770801724764));
#4962=CARTESIAN_POINT('Ctrl Pts',(29.2934881060469,2.64937698579554,26.0404329546345));
#4963=CARTESIAN_POINT('Ctrl Pts',(28.7875651843723,2.06034450177033,26.6563347476581));
#4964=CARTESIAN_POINT('Ctrl Pts',(28.4642578414305,1.95265688642952,26.9607728650525));
#4965=CARTESIAN_POINT('Ctrl Pts',(28.0578083203684,4.70161401726595,27.0969209041631));
#4966=CARTESIAN_POINT('Ctrl Pts',(28.1736690812051,4.70127021772776,27.000707035757));
#4967=CARTESIAN_POINT('Ctrl Pts',(28.5391131699631,4.61128647648242,26.726728517698));
#4968=CARTESIAN_POINT('Ctrl Pts',(29.0630478759084,4.02349787416149,26.4861464675533));
#4969=CARTESIAN_POINT('Ctrl Pts',(29.1539603677018,3.06802975737639,26.7275767513767));
#4970=CARTESIAN_POINT('Ctrl Pts',(28.8177783602386,2.67708495381192,27.1367942918625));
#4971=CARTESIAN_POINT('Ctrl Pts',(28.602981233837,2.60556029183067,27.3391102870714));
#4972=CARTESIAN_POINT('Ctrl Pts',(28.4197458939341,4.74447932637606,27.5327881499656));
#4973=CARTESIAN_POINT('Ctrl Pts',(28.5249316566801,4.74414981895302,27.44541843811));
#4974=CARTESIAN_POINT('Ctrl Pts',(28.8570754314903,4.66155220623885,27.1965956285863));
#4975=CARTESIAN_POINT('Ctrl Pts',(29.3330679692514,4.12660848393624,26.9782418923141));
#4976=CARTESIAN_POINT('Ctrl Pts',(29.415931452545,3.25808920662896,27.197529663693));
#4977=CARTESIAN_POINT('Ctrl Pts',(29.110962230706,2.90145897657564,27.569502189749));
#4978=CARTESIAN_POINT('Ctrl Pts',(28.915973814974,2.83650541732238,27.7532203782416));
#4979=CARTESIAN_POINT('Ctrl Pts',(28.6020124596003,4.88551103162075,27.7518440040924));
#4980=CARTESIAN_POINT('Ctrl Pts',(28.7144351114722,4.88514477161649,27.6584662443899));
#4981=CARTESIAN_POINT('Ctrl Pts',(29.0690368172826,4.7976599475983,27.3925826941251));
#4982=CARTESIAN_POINT('Ctrl Pts',(29.5772905785553,4.22717773017338,27.1591851556507));
#4983=CARTESIAN_POINT('Ctrl Pts',(29.6655341342661,3.3001336725604,27.3934196428329));
#4984=CARTESIAN_POINT('Ctrl Pts',(29.3394840274954,2.92062721439847,27.7905210295609));
#4985=CARTESIAN_POINT('Ctrl Pts',(29.1310988930972,2.85118181329743,27.9868744249209));
#4986=CARTESIAN_POINT('',(29.1713097349528,2.87176463144178,27.9166646837708));
#4987=CARTESIAN_POINT('',(29.1960742285391,2.87739056914239,27.9241389997717));
#4988=CARTESIAN_POINT('Ctrl Pts',(29.1713097349528,2.87176463144178,27.9166646837708));
#4989=CARTESIAN_POINT('Ctrl Pts',(29.1795731409161,2.87358648050771,27.919166732002));
#4990=CARTESIAN_POINT('Ctrl Pts',(29.1878365468794,2.87540832957363,27.9216687802331));
#4991=CARTESIAN_POINT('Ctrl Pts',(29.1960999528427,2.87723017863955,27.9241708284643));
#4992=CARTESIAN_POINT('',(29.5717665390192,2.4981025465203,25.7111880300752));
#4993=CARTESIAN_POINT('Ctrl Pts',(29.1713097349527,2.87176463144179,27.9166646837709));
#4994=CARTESIAN_POINT('Ctrl Pts',(29.1176944699723,2.85959748816001,27.8986847157476));
#4995=CARTESIAN_POINT('Ctrl Pts',(29.0800115455772,2.84988744523642,27.8802098230844));
#4996=CARTESIAN_POINT('Ctrl Pts',(29.0140548083123,2.83133363773484,27.8400208213927));
#4997=CARTESIAN_POINT('Ctrl Pts',(28.9845326147172,2.82139681900308,27.8138075712173));
#4998=CARTESIAN_POINT('Ctrl Pts',(28.9345767114673,2.80043841270032,27.7485693118453));
#4999=CARTESIAN_POINT('Ctrl Pts',(28.9139660658718,2.78872551191119,27.7062036526848));
#5000=CARTESIAN_POINT('Ctrl Pts',(28.8763932984974,2.75569278387025,27.5701125276505));
#5001=CARTESIAN_POINT('Ctrl Pts',(28.8675023764915,2.73423881334916,27.4691878562501));
#5002=CARTESIAN_POINT('Ctrl Pts',(28.8681161010385,2.66994487917644,27.1447031469865));
#5003=CARTESIAN_POINT('Ctrl Pts',(28.9028087195256,2.61976386180828,26.8637930207524));
#5004=CARTESIAN_POINT('Ctrl Pts',(29.0561655893591,2.55440430111654,26.4104897179993));
#5005=CARTESIAN_POINT('Ctrl Pts',(29.1311949707634,2.53449069546664,26.2495018988846));
#5006=CARTESIAN_POINT('Ctrl Pts',(29.3233392216341,2.50687592366574,25.9550529784373));
#5007=CARTESIAN_POINT('Ctrl Pts',(29.4379862579139,2.49892270944153,25.8223162918081));
#5008=CARTESIAN_POINT('Ctrl Pts',(29.5712760538223,2.49831462550394,25.711525751091));
#5009=CARTESIAN_POINT('',(29.5917871194,3.48220906653032,25.3680797429972));
#5010=CARTESIAN_POINT('Origin',(28.3205045024233,3.43178738244634,26.4413691556947));
#5011=CARTESIAN_POINT('',(27.4757509298639,5.69680050000285,26.3920451505092));
#5012=CARTESIAN_POINT('Ctrl Pts',(29.5917871194,3.48220906653024,25.3680797429972));
#5013=CARTESIAN_POINT('Ctrl Pts',(29.5885644358408,3.50222914131632,25.3641166287378));
#5014=CARTESIAN_POINT('Ctrl Pts',(29.5851362183333,3.5222293720586,25.3603309155697));
#5015=CARTESIAN_POINT('Ctrl Pts',(29.5697512047048,3.60601624933786,25.3453218381667));
#5016=CARTESIAN_POINT('Ctrl Pts',(29.5557699554546,3.67007916127608,25.3356893907523));
#5017=CARTESIAN_POINT('Ctrl Pts',(29.5234971313899,3.79746086714099,25.3202540457445));
#5018=CARTESIAN_POINT('Ctrl Pts',(29.5052342801345,3.86078108890396,25.3144268119245));
#5019=CARTESIAN_POINT('Ctrl Pts',(29.4648006012922,3.98548000780161,25.3066646112886));
#5020=CARTESIAN_POINT('Ctrl Pts',(29.4426862299683,4.04687282670591,25.3046780275546));
#5021=CARTESIAN_POINT('Ctrl Pts',(29.406847064875,4.13710415036904,25.3045312815682));
#5022=CARTESIAN_POINT('Ctrl Pts',(29.3945830398197,4.16660488597878,25.3049375128938));
#5023=CARTESIAN_POINT('Ctrl Pts',(29.35482197629,4.25810584380583,25.3076286875474));
#5024=CARTESIAN_POINT('Ctrl Pts',(29.3257432953134,4.31923286147217,25.3115174724859));
#5025=CARTESIAN_POINT('Ctrl Pts',(29.2634725163371,4.44006454661777,25.3231844768779));
#5026=CARTESIAN_POINT('Ctrl Pts',(29.229826030243,4.50012412038607,25.3312231791097));
#5027=CARTESIAN_POINT('Ctrl Pts',(29.1579229659315,4.61861769732106,25.351671546786));
#5028=CARTESIAN_POINT('Ctrl Pts',(29.1195921905786,4.67699961898385,25.3641601598724));
#5029=CARTESIAN_POINT('Ctrl Pts',(29.0391541876787,4.79048261582328,25.393364649402));
#5030=CARTESIAN_POINT('Ctrl Pts',(28.9970307167481,4.84556655716213,25.4100997077279));
#5031=CARTESIAN_POINT('Ctrl Pts',(28.909915152791,4.95125656294389,25.4474395607364));
#5032=CARTESIAN_POINT('Ctrl Pts',(28.8649360381983,5.00187942740026,25.4680279890748));
#5033=CARTESIAN_POINT('Ctrl Pts',(28.8088327321832,5.06044032856043,25.4952283535334));
#5034=CARTESIAN_POINT('Ctrl Pts',(28.798853782102,5.07068698962427,25.5001226143084));
#5035=CARTESIAN_POINT('Ctrl Pts',(28.7445581133016,5.12552993719362,25.5270540533827));
#5036=CARTESIAN_POINT('Ctrl Pts',(28.6988409732596,5.16838568016721,25.5508325275002));
#5037=CARTESIAN_POINT('Ctrl Pts',(28.6053098491163,5.24959287508318,25.6016266200685));
#5038=CARTESIAN_POINT('Ctrl Pts',(28.5575088051221,5.28796659529686,25.6286241148641));
#5039=CARTESIAN_POINT('Ctrl Pts',(28.460801658309,5.35951193085074,25.6852635465365));
#5040=CARTESIAN_POINT('Ctrl Pts',(28.411919220818,5.39274579517004,25.7148651602053));
#5041=CARTESIAN_POINT('Ctrl Pts',(28.3130339930048,5.45422365850435,25.7766547481469));
#5042=CARTESIAN_POINT('Ctrl Pts',(28.2630327025272,5.48247195724549,25.8088400314159));
#5043=CARTESIAN_POINT('Ctrl Pts',(28.1884919981379,5.5204527522783,25.8581910218276));
#5044=CARTESIAN_POINT('Ctrl Pts',(28.1641987822393,5.53218974728876,25.8744873943179));
#5045=CARTESIAN_POINT('Ctrl Pts',(28.0836263902648,5.56908302532999,25.9292115619447));
#5046=CARTESIAN_POINT('Ctrl Pts',(28.0266736702206,5.59176066865929,25.9690213546623));
#5047=CARTESIAN_POINT('Ctrl Pts',(27.9112722996065,5.63094779188755,26.0519305514616));
#5048=CARTESIAN_POINT('Ctrl Pts',(27.8528143885991,5.64736660800059,26.0950677362317));
#5049=CARTESIAN_POINT('Ctrl Pts',(27.7352216177326,5.67352108838989,26.1841220624497));
#5050=CARTESIAN_POINT('Ctrl Pts',(27.6760886814027,5.6831652069505,26.2300679735433));
#5051=CARTESIAN_POINT('Ctrl Pts',(27.5698108099034,5.69412066475523,26.3147610295895));
#5052=CARTESIAN_POINT('Ctrl Pts',(27.5225002538286,5.69665732385661,26.3532393040802));
#5053=CARTESIAN_POINT('Ctrl Pts',(27.4757509298639,5.69680050000285,26.3920451505092));
#5054=CARTESIAN_POINT('',(28.6020127516218,4.88551103066929,27.7518437615407));
#5055=CARTESIAN_POINT('Origin',(28.249914792696,6.00581534571031,27.323538649476));
#5056=CARTESIAN_POINT('',(29.587238159832,3.85402238156876,27.2747375610522));
#5057=CARTESIAN_POINT('Ctrl Pts',(28.6020127516218,4.88551103066928,27.7518437615407));
#5058=CARTESIAN_POINT('Ctrl Pts',(28.6354653563237,4.8854020311221,27.7240581802712));
#5059=CARTESIAN_POINT('Ctrl Pts',(28.6695125271078,4.88273115129428,27.6966053278053));
#5060=CARTESIAN_POINT('Ctrl Pts',(28.7384279666795,4.87220866189486,27.6427148192004));
#5061=CARTESIAN_POINT('Ctrl Pts',(28.7733001389708,4.8642996692255,27.6162927266106));
#5062=CARTESIAN_POINT('Ctrl Pts',(28.8427079967495,4.84335036972007,27.5654359508396));
#5063=CARTESIAN_POINT('Ctrl Pts',(28.8772426557297,4.83031016571118,27.5410020872741));
#5064=CARTESIAN_POINT('Ctrl Pts',(28.922567393322,4.80963604670931,27.5101349492233));
#5065=CARTESIAN_POINT('Ctrl Pts',(28.9338899460533,4.80417159646008,27.5025282822362));
#5066=CARTESIAN_POINT('Ctrl Pts',(28.9741829550158,4.78362172987032,27.475838744788));
#5067=CARTESIAN_POINT('Ctrl Pts',(29.0029552493913,4.76689543453094,27.4574866724516));
#5068=CARTESIAN_POINT('Ctrl Pts',(29.0599641774654,4.72965475333136,27.422505227693));
#5069=CARTESIAN_POINT('Ctrl Pts',(29.08818621733,4.70908913257501,27.4059052831382));
#5070=CARTESIAN_POINT('Ctrl Pts',(29.1433923874347,4.66461522281211,27.3748323282564));
#5071=CARTESIAN_POINT('Ctrl Pts',(29.170363963453,4.6406818282818,27.360377990892));
#5072=CARTESIAN_POINT('Ctrl Pts',(29.2020855895812,4.60985587376272,27.34424034761));
#5073=CARTESIAN_POINT('Ctrl Pts',(29.2077589963052,4.60423268938228,27.341389545544));
#5074=CARTESIAN_POINT('Ctrl Pts',(29.2400714092664,4.57157435967255,27.3253554843073));
#5075=CARTESIAN_POINT('Ctrl Pts',(29.2659806117582,4.54289479591281,27.3133093956947));
#5076=CARTESIAN_POINT('Ctrl Pts',(29.3157243098151,4.48257870258254,27.2919027667567));
#5077=CARTESIAN_POINT('Ctrl Pts',(29.3395568732241,4.45094110529403,27.282544174893));
#5078=CARTESIAN_POINT('Ctrl Pts',(29.3842661241084,4.38581315023811,27.2668919909993));
#5079=CARTESIAN_POINT('Ctrl Pts',(29.4051843593727,4.35236248808566,27.2605508155816));
#5080=CARTESIAN_POINT('Ctrl Pts',(29.4332481955978,4.30287114150297,27.2535725295893));
#5081=CARTESIAN_POINT('Ctrl Pts',(29.4415667898818,4.28752999063581,27.2517264329445));
#5082=CARTESIAN_POINT('Ctrl Pts',(29.4639942788591,4.24422000495249,27.2473964971001));
#5083=CARTESIAN_POINT('Ctrl Pts',(29.4775601128555,4.21571855798471,27.2455669983906));
#5084=CARTESIAN_POINT('Ctrl Pts',(29.5049708010555,4.152484841356,27.2437801740422));
#5085=CARTESIAN_POINT('Ctrl Pts',(29.5184346938995,4.11754608256149,27.2442148751186));
#5086=CARTESIAN_POINT('Ctrl Pts',(29.5427168634802,4.04612247527293,27.2478150500032));
#5087=CARTESIAN_POINT('Ctrl Pts',(29.553478193758,4.00962166628023,27.2510335063957));
#5088=CARTESIAN_POINT('Ctrl Pts',(29.570341165512,3.94267088111439,27.259313715624));
#5089=CARTESIAN_POINT('Ctrl Pts',(29.576925555798,3.91225347702471,27.2639656612801));
#5090=CARTESIAN_POINT('Ctrl Pts',(29.5841407263571,3.87266055611343,27.2711288472621));
#5091=CARTESIAN_POINT('Ctrl Pts',(29.5857372703442,3.86334619949286,27.272891857553));
#5092=CARTESIAN_POINT('Ctrl Pts',(29.587238159832,3.85402238156877,27.2747375610522));
#5093=CARTESIAN_POINT('Ctrl Pts',(29.587238159832,3.85402238156876,27.2747375610522));
#5094=CARTESIAN_POINT('Ctrl Pts',(29.6148953332909,3.68221063145379,27.3087486872859));
#5095=CARTESIAN_POINT('Ctrl Pts',(29.6017506293094,3.25519342656431,27.4613795965714));
#5096=CARTESIAN_POINT('Ctrl Pts',(29.3731176200544,2.96172177546592,27.7489121857293));
#5097=CARTESIAN_POINT('Ctrl Pts',(29.1960742285391,2.87739056914239,27.9241389997717));
#5098=CARTESIAN_POINT('Ctrl Pts',(27.7398909588824,1.3335780072778,27.6199794962154));
#5099=CARTESIAN_POINT('Ctrl Pts',(27.4926760166591,1.41049778589728,27.7999222669223));
#5100=CARTESIAN_POINT('Ctrl Pts',(26.75653586274,1.82303046667445,28.274873925667));
#5101=CARTESIAN_POINT('Ctrl Pts',(25.8987487214697,3.28386961777871,28.5031598150774));
#5102=CARTESIAN_POINT('Ctrl Pts',(26.076353157069,4.85266009903526,27.8351202795113));
#5103=CARTESIAN_POINT('Ctrl Pts',(26.7708909741903,5.56967554222772,27.0200265651957));
#5104=CARTESIAN_POINT('Ctrl Pts',(27.2344339848637,5.69753956588179,26.5923583853161));
#5105=CARTESIAN_POINT('Ctrl Pts',(27.4757509298639,5.69680050000285,26.3920451505092));
#5106=CARTESIAN_POINT('Ctrl Pts',(27.7485210194841,1.53236130623999,27.5468624303577));
#5107=CARTESIAN_POINT('Ctrl Pts',(27.524219402653,1.60215606097295,27.7101255800245));
#5108=CARTESIAN_POINT('Ctrl Pts',(26.8563019795006,1.97651680135371,28.1410404858037));
#5109=CARTESIAN_POINT('Ctrl Pts',(26.0780266097554,3.30201829866758,28.3481411826377));
#5110=CARTESIAN_POINT('Ctrl Pts',(26.2391618400806,4.72543355234982,27.7420161911734));
#5111=CARTESIAN_POINT('Ctrl Pts',(26.8693160305541,5.37603678507912,27.002463435278));
#5112=CARTESIAN_POINT('Ctrl Pts',(27.2898973922698,5.49207520054014,26.6144237507445));
#5113=CARTESIAN_POINT('Ctrl Pts',(27.5088480176102,5.49140920336576,26.4326749461908));
#5114=CARTESIAN_POINT('Ctrl Pts',(27.8341392813812,1.95618766674692,27.4833171369835));
#5115=CARTESIAN_POINT('Ctrl Pts',(27.6555779180802,2.01176135459702,27.6132898477087));
#5116=CARTESIAN_POINT('Ctrl Pts',(27.1238196474953,2.31005754829031,27.95629536868));
#5117=CARTESIAN_POINT('Ctrl Pts',(26.5042347116111,3.36559458131218,28.1210842613315));
#5118=CARTESIAN_POINT('Ctrl Pts',(26.6324961798922,4.49894039684604,27.6384966988452));
#5119=CARTESIAN_POINT('Ctrl Pts',(27.134133215313,5.01705826166646,27.0496828045578));
#5120=CARTESIAN_POINT('Ctrl Pts',(27.4689640990119,5.10952842304291,26.7407153869214));
#5121=CARTESIAN_POINT('Ctrl Pts',(27.6432662608105,5.10900697283095,26.5960192218376));
#5122=CARTESIAN_POINT('Ctrl Pts',(28.184588148515,2.60795635111144,27.6861721524135));
#5123=CARTESIAN_POINT('Ctrl Pts',(28.0659621061815,2.64489470022413,27.7725433583625));
#5124=CARTESIAN_POINT('Ctrl Pts',(27.7127599354603,2.84285859971881,28.000516944016));
#5125=CARTESIAN_POINT('Ctrl Pts',(27.3012332142085,3.54379362071087,28.1101008068118));
#5126=CARTESIAN_POINT('Ctrl Pts',(27.386395608307,4.29652507494803,27.7895460651831));
#5127=CARTESIAN_POINT('Ctrl Pts',(27.7196008743062,4.6405961176677,27.3983556483512));
#5128=CARTESIAN_POINT('Ctrl Pts',(27.9420122214335,4.70195781398047,27.1930810592826));
#5129=CARTESIAN_POINT('Ctrl Pts',(28.0578086219138,4.7016141541352,27.0969206544509));
#5130=CARTESIAN_POINT('Ctrl Pts',(28.5351713968504,2.83865940590043,28.0692038758317));
#5131=CARTESIAN_POINT('Ctrl Pts',(28.4274735544646,2.87219138360885,28.1476451639411));
#5132=CARTESIAN_POINT('Ctrl Pts',(28.1065397180079,3.05305236880908,28.3545383578754));
#5133=CARTESIAN_POINT('Ctrl Pts',(27.7325880111906,3.69112926964971,28.4538059120412));
#5134=CARTESIAN_POINT('Ctrl Pts',(27.809971197147,4.37566314926859,28.1622994464019));
#5135=CARTESIAN_POINT('Ctrl Pts',(28.1125910636287,4.68877738885339,27.806720828587));
#5136=CARTESIAN_POINT('Ctrl Pts',(28.3146188346202,4.74480869695431,27.6201090857884));
#5137=CARTESIAN_POINT('Ctrl Pts',(28.4197461671575,4.7444793255201,27.53278792302));
#5138=CARTESIAN_POINT('Ctrl Pts',(28.7250839034395,2.85343227938427,28.3238008402222));
#5139=CARTESIAN_POINT('Ctrl Pts',(28.6099752360244,2.88925897497409,28.4076455209998));
#5140=CARTESIAN_POINT('Ctrl Pts',(28.2671985023473,3.08139859254331,28.6289664917292));
#5141=CARTESIAN_POINT('Ctrl Pts',(27.8677276920702,3.76182573686822,28.7354082615174));
#5142=CARTESIAN_POINT('Ctrl Pts',(27.9504140702348,4.49249106039058,28.4241804780167));
#5143=CARTESIAN_POINT('Ctrl Pts',(28.2738169734117,4.82637037661092,28.0444213995463));
#5144=CARTESIAN_POINT('Ctrl Pts',(28.4896525502445,4.88587713702136,27.8451696336105));
#5145=CARTESIAN_POINT('Ctrl Pts',(28.6020127516218,4.88551103066928,27.7518437615407));
#5146=CARTESIAN_POINT('',(28.6530799368281,2.87956773584718,28.3749957696246));
#5147=CARTESIAN_POINT('',(26.4083062162186,2.51205551596541,28.3357093894371));
#5148=CARTESIAN_POINT('Ctrl Pts',(26.408450497582,2.51179300887424,28.3356765616939));
#5149=CARTESIAN_POINT('Ctrl Pts',(26.5616055916568,2.51114030865801,28.2086058364667));
#5150=CARTESIAN_POINT('Ctrl Pts',(26.738561831314,2.52014519947494,28.1109650975288));
#5151=CARTESIAN_POINT('Ctrl Pts',(27.2392544612298,2.56403515727995,27.9274691277277));
#5152=CARTESIAN_POINT('Ctrl Pts',(27.5469748506028,2.60936739338313,27.9072033699326));
#5153=CARTESIAN_POINT('Ctrl Pts',(27.9500445993717,2.67587533560867,27.9165833879076));
#5154=CARTESIAN_POINT('Ctrl Pts',(28.0991988642262,2.70382088887032,27.9368579168035));
#5155=CARTESIAN_POINT('Ctrl Pts',(28.3373400280872,2.75193401028347,27.986840244331));
#5156=CARTESIAN_POINT('Ctrl Pts',(28.4147154511679,2.77049037805327,28.0178134387173));
#5157=CARTESIAN_POINT('Ctrl Pts',(28.5110462927127,2.79665965598289,28.0718294755547));
#5158=CARTESIAN_POINT('Ctrl Pts',(28.5449313507446,2.80776533935188,28.1004067291316));
#5159=CARTESIAN_POINT('Ctrl Pts',(28.5941080813071,2.82817764557492,28.1635228280853));
#5160=CARTESIAN_POINT('Ctrl Pts',(28.6124898451658,2.8380751123539,28.1985415959946));
#5161=CARTESIAN_POINT('Ctrl Pts',(28.6402568595803,2.85954890893584,28.2843103065189));
#5162=CARTESIAN_POINT('Ctrl Pts',(28.6482971947681,2.87001038883735,28.3305292956698));
#5163=CARTESIAN_POINT('Ctrl Pts',(28.6529939028174,2.87958223504244,28.3749676173901));
#5164=CARTESIAN_POINT('',(27.9480910612827,3.8563832715567,28.6371945444472));
#5165=CARTESIAN_POINT('Ctrl Pts',(28.6530799368281,2.87956773584718,28.3749957696246));
#5166=CARTESIAN_POINT('Ctrl Pts',(28.651140355893,2.88037268335715,28.3763408221724));
#5167=CARTESIAN_POINT('Ctrl Pts',(28.6492022891005,2.88118523025292,28.3776820514919));
#5168=CARTESIAN_POINT('Ctrl Pts',(28.6167898187301,2.89491192825964,28.4000665725388));
#5169=CARTESIAN_POINT('Ctrl Pts',(28.5863595267454,2.90983939578512,28.420389645585));
#5170=CARTESIAN_POINT('Ctrl Pts',(28.5264869336205,2.94342984097312,28.4589706930582));
#5171=CARTESIAN_POINT('Ctrl Pts',(28.497038956969,2.96205718331586,28.4772452502923));
#5172=CARTESIAN_POINT('Ctrl Pts',(28.4425148546019,3.00071061303061,28.5097188834149));
#5173=CARTESIAN_POINT('Ctrl Pts',(28.4173077938896,3.02037472029991,28.5241447475654));
#5174=CARTESIAN_POINT('Ctrl Pts',(28.3754178760155,3.05626024193537,28.5470842238253));
#5175=CARTESIAN_POINT('Ctrl Pts',(28.3583779786517,3.07183175863631,28.556101483014));
#5176=CARTESIAN_POINT('Ctrl Pts',(28.3152008720021,3.11377634595683,28.5781577049535));
#5177=CARTESIAN_POINT('Ctrl Pts',(28.2894301414993,3.14129916919793,28.5904897885011));
#5178=CARTESIAN_POINT('Ctrl Pts',(28.2395628324088,3.19966104712853,28.6126479812838));
#5179=CARTESIAN_POINT('Ctrl Pts',(28.2154924014093,3.23053723582062,28.6224398481901));
#5180=CARTESIAN_POINT('Ctrl Pts',(28.1697437934645,3.2947773693954,28.6391974098485));
#5181=CARTESIAN_POINT('Ctrl Pts',(28.1480725293889,3.32814672339714,28.6461555314132));
#5182=CARTESIAN_POINT('Ctrl Pts',(28.1186023918424,3.37794709854227,28.6541448329857));
#5183=CARTESIAN_POINT('Ctrl Pts',(28.1096850154266,3.39368674880952,28.6563389936994));
#5184=CARTESIAN_POINT('Ctrl Pts',(28.0821058458529,3.44455776354667,28.6623952197648));
#5185=CARTESIAN_POINT('Ctrl Pts',(28.0644471497491,3.48057534364208,28.6651293658306));
#5186=CARTESIAN_POINT('Ctrl Pts',(28.0328357160104,3.55246076363255,28.6675400207598));
#5187=CARTESIAN_POINT('Ctrl Pts',(28.0187563083487,3.58826731371981,28.6673433013441));
#5188=CARTESIAN_POINT('Ctrl Pts',(27.9944431501903,3.65829413103065,28.6642353695625));
#5189=CARTESIAN_POINT('Ctrl Pts',(27.9839668506039,3.69266684664292,28.6615113261081));
#5190=CARTESIAN_POINT('Ctrl Pts',(27.9710480691885,3.7420965265414,28.6558391623011));
#5191=CARTESIAN_POINT('Ctrl Pts',(27.9674369162832,3.7569585492287,28.6539104351198));
#5192=CARTESIAN_POINT('Ctrl Pts',(27.9581972298341,3.79813544262348,28.6479425230199));
#5193=CARTESIAN_POINT('Ctrl Pts',(27.9531451374438,3.82449579701487,28.6434183531672));
#5194=CARTESIAN_POINT('Ctrl Pts',(27.9486371926314,3.85265082304745,28.6378662433444));
#5195=CARTESIAN_POINT('Ctrl Pts',(27.9483441391421,3.85450686686296,28.6374968586873));
#5196=CARTESIAN_POINT('Ctrl Pts',(27.9480551391097,3.85636330782645,28.6371240188635));
#5197=CARTESIAN_POINT('Ctrl Pts',(27.9480910612827,3.8563832715567,28.6371945444472));
#5198=CARTESIAN_POINT('Ctrl Pts',(27.9082390559794,4.11146671755174,28.585693209585));
#5199=CARTESIAN_POINT('Ctrl Pts',(27.9665150579554,4.50911362845606,28.4052737329035));
#5200=CARTESIAN_POINT('Ctrl Pts',(28.2738169734117,4.82637037661092,28.0444213995463));
#5201=CARTESIAN_POINT('Ctrl Pts',(28.4896525502445,4.88587713702136,27.8451696336105));
#5202=CARTESIAN_POINT('Ctrl Pts',(28.6020127516218,4.88551103066928,27.7518437615407));
#5203=CARTESIAN_POINT('Ctrl Pts',(27.4757509298639,5.69680050000285,26.3920451505092));
#5204=CARTESIAN_POINT('Ctrl Pts',(27.2344339848637,5.69753956588179,26.5923583853161));
#5205=CARTESIAN_POINT('Ctrl Pts',(26.7708909741903,5.56967554222772,27.0200265651957));
#5206=CARTESIAN_POINT('Ctrl Pts',(26.076353157069,4.85266009903526,27.8351202795113));
#5207=CARTESIAN_POINT('Ctrl Pts',(25.9376024324662,3.62706674439944,28.3570158577966));
#5208=CARTESIAN_POINT('Ctrl Pts',(26.2716102052784,2.76081847230924,28.3667924461873));
#5209=CARTESIAN_POINT('Ctrl Pts',(26.4081619348552,2.51231802305657,28.3357422171803));
#5210=CARTESIAN_POINT('Origin',(21.3472057168302,10.4733755797602,29.900889418352));
#5211=CARTESIAN_POINT('',(33.2270506934587,2.48273525791514,22.6783804064719));
#5212=CARTESIAN_POINT('',(32.0726568507369,2.48765476795125,23.6361646485155));
#5213=CARTESIAN_POINT('',(31.9527169894006,10.4281796435706,21.1016467312836));
#5214=CARTESIAN_POINT('',(24.8791283272551,9.97417729581957,27.1311146711495));
#5215=CARTESIAN_POINT('',(25.9980551221922,2.99769178620754,28.5155633065601));
#5216=CARTESIAN_POINT('',(22.1856780969324,9.98565557363293,29.3658322281848));
#5217=CARTESIAN_POINT('',(22.1856780969324,9.98565557363293,29.3658322281848));
#5218=CARTESIAN_POINT('',(22.1079748819444,10.4701335225168,29.2696900031959));
#5219=CARTESIAN_POINT('',(22.7062898865391,6.73965179327042,30.0099854337008));
#5220=CARTESIAN_POINT('',(19.0384180316497,10.4832145981925,31.8164579027646));
#5221=CARTESIAN_POINT('',(21.3472057168302,10.4733755797602,29.900889418352));
#5222=CARTESIAN_POINT('',(20.3127517357077,2.53777021253701,33.3931915779529));
#5223=CARTESIAN_POINT('',(19.0384180316497,10.4832145981925,31.8164579027646));
#5224=CARTESIAN_POINT('',(23.3823085906712,2.52468910316855,30.8464236856813));
#5225=CARTESIAN_POINT('',(32.0726568507369,2.48765476795125,23.6361646485155));
#5226=CARTESIAN_POINT('',(23.3046044033532,3.00917310966043,30.7502802592368));
#5227=CARTESIAN_POINT('',(22.7062898865391,6.73965179327042,30.0099854337008));
#5228=CARTESIAN_POINT('',(25.9980546336759,2.99769483184708,28.5155627022014));
#5229=CARTESIAN_POINT('',(23.3046044033532,3.00917310966043,30.7502802592368));
#5230=CARTESIAN_POINT('',(26.0757588209903,2.51321082537709,28.6117061286416));
#5231=CARTESIAN_POINT('',(25.9980551221922,2.99769178620754,28.5155633065601));
#5232=CARTESIAN_POINT('',(32.0726568507369,2.48765476795125,23.6361646485155));
#5233=CARTESIAN_POINT('Origin',(21.8760125518022,9.86204963534994,28.9932348285959));
#5234=CARTESIAN_POINT('',(24.5695304624869,9.85057106911319,26.7584611181215));
#5235=CARTESIAN_POINT('',(24.1229810844883,8.68127157856641,26.225986929513));
#5236=CARTESIAN_POINT('',(21.6439786435873,9.25426046221676,28.7166918649057));
#5237=CARTESIAN_POINT('',(21.2635681789966,9.25619444543455,29.0322587718592));
#5238=CARTESIAN_POINT('',(21.8760125518022,9.86204963534994,28.9932348285959));
#5239=CARTESIAN_POINT('',(21.643661329101,9.2538105183371,28.7163117271552));
#5240=CARTESIAN_POINT('',(22.5493751093798,9.85918006588941,28.4345554393341));
#5241=CARTESIAN_POINT('Origin',(22.6075700974013,3.24643918198128,29.9089432356538));
#5242=CARTESIAN_POINT('',(25.3011556884479,3.23496032732114,27.6741133717404));
#5243=CARTESIAN_POINT('',(25.688456768945,2.87408860514051,28.1429091491425));
#5244=CARTESIAN_POINT('',(24.749370869867,3.74909144593003,27.0062236962111));
#5245=CARTESIAN_POINT('',(22.9949388582604,2.88556717137729,30.3776828596168));
#5246=CARTESIAN_POINT('',(23.6683014158057,2.88269760193685,29.8190034703593));
#5247=CARTESIAN_POINT('',(22.6075700970229,3.24643918206659,29.9089432351972));
#5248=CARTESIAN_POINT('',(22.6075700974013,3.24643918198128,29.9089432356538));
#5249=CARTESIAN_POINT('',(22.227185515212,3.24806021060144,30.2245429429266));
#5250=CARTESIAN_POINT('Origin',(23.2227376573851,9.85631049260796,27.8758760385544));
#5251=CARTESIAN_POINT('',(20.9468343316929,9.49115933924207,27.8752241425288));
#5252=CARTESIAN_POINT('',(23.6406468012959,9.47971642997817,25.6403920482766));
#5253=CARTESIAN_POINT('Origin',(24.3416639638022,2.87982802865841,29.2603240696018));
#5254=CARTESIAN_POINT('',(24.7595731077504,2.50323396602844,27.0248400792931));
#5255=CARTESIAN_POINT('',(22.0657606381473,2.51467687529232,29.2596721735453));
#5256=CARTESIAN_POINT('Origin',(22.7892773230599,8.62429811582984,24.6182377217856));
#5257=CARTESIAN_POINT('',(24.0630203442378,2.74063767632643,26.183807437324));
#5258=CARTESIAN_POINT('',(24.003105976054,2.71671700175736,26.1116903308528));
#5259=CARTESIAN_POINT('',(24.2184277901656,1.77167573953103,26.3760931397962));
#5260=CARTESIAN_POINT('',(24.2184277470228,1.77167572231441,26.376093087907));
#5261=CARTESIAN_POINT('',(24.5588230474138,1.90757771364148,26.7858165796384));
#5262=CARTESIAN_POINT('Origin',(30.2393269531649,4.44004654815608,29.726371259458));
#5263=CARTESIAN_POINT('',(28.2647775354889,4.14852993417982,29.8535430367176));
#5264=CARTESIAN_POINT('',(30.3826406309662,4.99950556301187,27.8115692330199));
#5265=CARTESIAN_POINT('Origin',(29.4962428431099,4.1433915307758,28.8320421548558));
#5266=CARTESIAN_POINT('',(32.11725664696,3.84093309977866,30.0646657186738));
#5267=CARTESIAN_POINT('Origin',(30.2393269531649,4.44004654815608,29.726371259458));
#5268=CARTESIAN_POINT('Origin',(29.4962428431099,4.1433915307758,28.8320421548558));
#5269=CARTESIAN_POINT('Origin',(28.3816166780274,3.6984090047054,27.4905484979524));
#5270=CARTESIAN_POINT('Origin',(25.302953408975,3.71125501321542,30.0443007026071));
#5271=CARTESIAN_POINT('Ctrl Pts',(28.653145749296,2.8796057418465,28.3749633483868));
#5272=CARTESIAN_POINT('Ctrl Pts',(28.6519600476093,2.87722860403647,28.3639428210031));
#5273=CARTESIAN_POINT('Ctrl Pts',(28.650797284846,2.87490437624506,28.3531703772198));
#5274=CARTESIAN_POINT('Ctrl Pts',(28.6439457245579,2.86122183107655,28.2897590801419));
#5275=CARTESIAN_POINT('Ctrl Pts',(28.6370130671518,2.84747889688114,28.2261090154967));
#5276=CARTESIAN_POINT('Ctrl Pts',(28.6279964691111,2.82821977251219,28.1363461411204));
#5277=CARTESIAN_POINT('Ctrl Pts',(28.6238626872999,2.81881916703476,28.0923157689546));
#5278=CARTESIAN_POINT('Ctrl Pts',(28.6181773720162,2.80256184062777,28.0149871142422));
#5279=CARTESIAN_POINT('Ctrl Pts',(28.6154405039355,2.7924500836794,27.9662441207708));
#5280=CARTESIAN_POINT('Ctrl Pts',(28.6180817159163,2.7817253416343,27.910065561062));
#5281=CARTESIAN_POINT('Ctrl Pts',(28.6198194734658,2.77834058114697,27.8916046696104));
#5282=CARTESIAN_POINT('Ctrl Pts',(28.6245383268868,2.77465212550446,27.8692040488263));
#5283=CARTESIAN_POINT('Ctrl Pts',(28.6268908931916,2.77333057151472,27.860643130471));
#5284=CARTESIAN_POINT('Ctrl Pts',(28.6310468747794,2.77184979496668,27.8498223207241));
#5285=CARTESIAN_POINT('Ctrl Pts',(28.633115405095,2.77127520016375,27.8452550250143));
#5286=CARTESIAN_POINT('Ctrl Pts',(28.6391408336318,2.7700599893021,27.8342615406633));
#5287=CARTESIAN_POINT('Ctrl Pts',(28.64533147793,2.76948156395874,27.8263434037754));
#5288=CARTESIAN_POINT('Ctrl Pts',(28.6517887390849,2.76945430453097,27.8209872082899));
#5289=CARTESIAN_POINT('Ctrl Pts',(28.6582460002397,2.7694270451032,27.8156310128044));
#5290=CARTESIAN_POINT('Ctrl Pts',(28.6671745364905,2.76994164459218,27.8110080297563));
#5291=CARTESIAN_POINT('Ctrl Pts',(28.6790980716484,2.77108108362616,27.8071131340333));
#5292=CARTESIAN_POINT('Ctrl Pts',(28.6839717700033,2.77162637170345,27.8059219614122));
#5293=CARTESIAN_POINT('Ctrl Pts',(28.6953814782073,2.77304143745144,27.8038312789037));
#5294=CARTESIAN_POINT('Ctrl Pts',(28.7042361929593,2.77431567973098,27.8030959357696));
#5295=CARTESIAN_POINT('Ctrl Pts',(28.7271411913841,2.77788752085595,27.802583010547));
#5296=CARTESIAN_POINT('Ctrl Pts',(28.7456219630196,2.78118692850981,27.8042729534265));
#5297=CARTESIAN_POINT('Ctrl Pts',(28.8013740063473,2.79166516252505,27.8120152360564));
#5298=CARTESIAN_POINT('Ctrl Pts',(28.8488217485955,2.80158817182705,27.8236712701148));
#5299=CARTESIAN_POINT('Ctrl Pts',(28.9238483742661,2.81755277282046,27.8434824100873));
#5300=CARTESIAN_POINT('Ctrl Pts',(28.966403022802,2.82679118401515,27.8556432840303));
#5301=CARTESIAN_POINT('Ctrl Pts',(29.0530489895846,2.84572259480407,27.8810138310053));
#5302=CARTESIAN_POINT('Ctrl Pts',(29.1143897002646,2.85923584456161,27.899533280312));
#5303=CARTESIAN_POINT('Ctrl Pts',(29.1674367326241,2.87091216607801,27.9154991611692));
#5304=CARTESIAN_POINT('Ctrl Pts',(29.1693665266158,2.871336928878,27.9160799362825));
#5305=CARTESIAN_POINT('Ctrl Pts',(29.1713097349528,2.87176463144178,27.9166646837708));
#5306=CARTESIAN_POINT('Origin',(28.3380794219956,2.59724384274644,22.0060698251664));
#5307=CARTESIAN_POINT('',(28.9572751419596,2.84445629233531,22.7513769196895));
#5308=CARTESIAN_POINT('',(28.3380794219956,2.59724384274644,22.0060698251664));
#5309=CARTESIAN_POINT('',(28.5887065511088,2.69730614053678,22.3077420935389));
#5310=CARTESIAN_POINT('',(28.8329499967976,3.61962101055451,22.5975493606872));
#5311=CARTESIAN_POINT('',(28.9572751419596,2.84445629233531,22.7513769196895));
#5312=CARTESIAN_POINT('',(28.2137542768335,3.37240856096563,21.8522422661641));
#5313=CARTESIAN_POINT('',(28.8329499967976,3.61962101055451,22.5975493606872));
#5314=CARTESIAN_POINT('',(28.3380794219956,2.59724384274644,22.0060698251664));
#5315=CARTESIAN_POINT('Origin',(27.1207018224708,2.80459435428717,24.0348444456119));
#5316=CARTESIAN_POINT('',(30.7958538393151,3.08661879025589,22.4857175070219));
#5317=CARTESIAN_POINT('',(28.9002480005575,2.83694514525687,22.7596168698819));
#5318=CARTESIAN_POINT('',(23.7535494898875,2.61678105476332,25.8097894613032));
#5319=CARTESIAN_POINT('',(25.5330293296551,2.60919770915837,24.3333802091292));
#5320=CARTESIAN_POINT('',(24.0041097948274,2.71679457592063,26.1112699435003));
#5321=CARTESIAN_POINT('',(32.4523122055931,3.20448530303198,21.7408999631311));
#5322=CARTESIAN_POINT('',(22.7669314171938,3.24576005545399,29.7767234028002));
#5323=CARTESIAN_POINT('',(32.1426466556704,3.08087936283708,21.3683025577811));
#5324=CARTESIAN_POINT('',(32.3643342981601,3.16936808716034,21.6350427244236));
#5325=CARTESIAN_POINT('',(30.0006266022304,3.09000769235969,23.1455062970798));
#5326=CARTESIAN_POINT('Origin',(29.2463355339373,8.00962048123992,20.4625514654207));
#5327=CARTESIAN_POINT('',(31.3034519257362,8.31324121138259,20.3299665344031));
#5328=CARTESIAN_POINT('',(31.3034519257362,8.31324121138259,20.3299665344031));
#5329=CARTESIAN_POINT('',(29.9566591093808,8.3189806388015,21.4473814836437));
#5330=CARTESIAN_POINT('',(29.9566591093808,8.3189806388015,21.4473814836437));
#5331=CARTESIAN_POINT('',(28.1180804120253,8.07681814088099,21.7130408963114));
#5332=CARTESIAN_POINT('',(28.1180804120253,8.07681814088099,21.7130408963114));
#5333=CARTESIAN_POINT('',(27.4988846920613,7.82960569129211,20.9677338017883));
#5334=CARTESIAN_POINT('Origin',(27.9937552668633,8.8519828591002,21.559213337309));
#5335=CARTESIAN_POINT('',(27.9937552668633,8.8519828591002,21.559213337309));
#5336=CARTESIAN_POINT('Origin',(30.6715286941531,3.8617835084751,22.3318899480195));
#5337=CARTESIAN_POINT('',(30.6715286941531,3.8617835084751,22.3318899480195));
#5338=CARTESIAN_POINT('',(30.6715286941531,3.8617835084751,22.3318899480195));
#5339=CARTESIAN_POINT('',(30.6715286941531,3.8617835084751,22.3318899480195));
#5340=CARTESIAN_POINT('Origin',(32.0183215105084,3.85604408105625,21.2144749987789));
#5341=CARTESIAN_POINT('',(32.0183215105084,3.85604408105625,21.2144749987789));
#5342=CARTESIAN_POINT('',(32.0183215105084,3.85604408105625,21.2144749987789));
#5343=CARTESIAN_POINT('',(32.0183215105084,3.85604408105625,21.2144749987789));
#5344=CARTESIAN_POINT('Origin',(33.0716432958589,3.45169717959794,22.4860947623045));
#5345=CARTESIAN_POINT('',(31.0590287230911,1.61734869754432,20.0697616529643));
#5346=CARTESIAN_POINT('',(31.1051334976259,1.63575189214535,20.1252360811394));
#5347=CARTESIAN_POINT('',(30.7792961749248,3.36147537114217,19.7236484431077));
#5348=CARTESIAN_POINT('',(30.7792961749248,3.36147537114217,19.7236484431077));
#5349=CARTESIAN_POINT('',(32.3279870604311,3.97965002125114,21.5870724041288));
#5350=CARTESIAN_POINT('',(32.2115349611249,4.70572646079298,21.4429861683666));
#5351=CARTESIAN_POINT('',(31.3034519257362,8.31324121138259,20.3299665344031));
#5352=CARTESIAN_POINT('Origin',(29.9612728086503,3.55242306631397,21.3470037878849));
#5353=CARTESIAN_POINT('',(30.7792961749248,3.36147537114217,19.7236484431077));
#5354=CARTESIAN_POINT('Origin',(28.1180804120253,8.07681814088099,21.7130408963114));
#5355=CARTESIAN_POINT('',(29.9566591093808,8.3189806388015,21.4473814836437));
#5356=CARTESIAN_POINT('Origin',(29.9566591093808,8.3189806388015,21.4473814836437));
#5357=CARTESIAN_POINT('Origin',(23.9647196925174,5.61757777277105,24.6387978485785));
#5358=CARTESIAN_POINT('',(23.9090570608961,1.64781863886178,26.0019920153447));
#5359=CARTESIAN_POINT('',(23.6096859741997,3.51318975943684,25.631978598722));
#5360=CARTESIAN_POINT('',(24.9907867319864,1.64320879178016,25.1044962083916));
#5361=CARTESIAN_POINT('Origin',(26.6814060949539,2.1611443421986,26.3480891544271));
#5362=CARTESIAN_POINT('',(24.5599158036408,1.90761507682882,26.7851216817106));
#5363=CARTESIAN_POINT('Origin',(23.9478724806725,1.40596107044142,26.0499666753146));
#5364=CARTESIAN_POINT('Origin',(22.7892773230599,8.62429811582984,24.6182377217856));
#5365=CARTESIAN_POINT('Origin',(21.1365829160976,2.14378353734598,28.1416621034011));
#5366=CARTESIAN_POINT('',(20.0953593383333,8.63579109830924,26.8533556910858));
#5367=CARTESIAN_POINT('',(22.0872460922828,9.4308715815212,29.2500441065086));
#5368=CARTESIAN_POINT('',(19.939952906908,9.60474699583871,26.6610712423913));
#5369=CARTESIAN_POINT('',(20.3362403985577,7.13390264740505,27.151397938474));
#5370=CARTESIAN_POINT('',(21.3649626578878,10.1735531481823,28.3756789392531));
#5371=CARTESIAN_POINT('Origin',(26.6814060949539,2.1611443421986,26.3480891544271));
#5372=CARTESIAN_POINT('',(18.1447297653367,1.67238365218815,30.7845728244411));
#5373=CARTESIAN_POINT('',(20.3127517355762,2.53777021335696,33.3931915777902));
#5374=CARTESIAN_POINT('',(21.2142866203002,1.65930254281968,28.2378049321695));
#5375=CARTESIAN_POINT('',(24.9907867319864,1.64320879178016,25.1044962083916));
#5376=CARTESIAN_POINT('',(22.6393001759725,2.22811021413903,29.9524172084286));
#5377=CARTESIAN_POINT('Origin',(21.8468009330227,3.24968123922154,30.5401426501995));
#5378=CARTESIAN_POINT('',(19.5380132478422,3.25952025765381,32.4557111346122));
#5379=CARTESIAN_POINT('',(22.7669314171938,3.24576005545399,29.7767234028002));
#5380=CARTESIAN_POINT('',(18.5744933727456,9.26704682441911,31.2635475522317));
#5381=CARTESIAN_POINT('',(18.8159567240598,7.76152780461171,31.5623102673106));
#5382=CARTESIAN_POINT('',(20.8832810579262,9.25720780598684,29.3479790678191));
#5383=CARTESIAN_POINT('Origin',(21.1365829160976,2.14378353734598,28.1416621034011));
#5384=CARTESIAN_POINT('',(21.0588792118951,2.62826453187231,28.0455192746328));
#5385=CARTESIAN_POINT('',(20.8180003351022,4.13013936508362,27.7474797301464));
#5386=CARTESIAN_POINT('',(22.0835943294547,3.03728928638409,29.2784823669783));
#5387=CARTESIAN_POINT('Origin',(28.746784932575,9.58144303410474,24.6264873132383));
#5388=CARTESIAN_POINT('',(17.0258024873364,8.6488721737065,29.4001235913306));
#5389=CARTESIAN_POINT('',(19.32754923279,9.56763621068875,32.1696433694969));
#5390=CARTESIAN_POINT('',(24.8971354941263,8.61532808056812,22.8693899360154));
#5391=CARTESIAN_POINT('Origin',(23.9647196925174,5.61757777277105,24.6387978485785));
#5392=CARTESIAN_POINT('',(16.8703960558779,9.61782807151761,29.2078391425703));
#5393=CARTESIAN_POINT('',(17.267164206229,7.14398682995309,29.6987605565678));
#5394=CARTESIAN_POINT('',(23.7164530487855,9.58865324467053,23.5277624935642));
#5395=CARTESIAN_POINT('Origin',(27.1207018224708,2.80459435428717,24.0348444456119));
#5396=CARTESIAN_POINT('',(17.9893223623361,2.64134560754489,30.5922871735912));
#5397=CARTESIAN_POINT('',(25.5330293296551,2.60919770915837,24.3333802091292));
#5398=CARTESIAN_POINT('',(17.3281227760343,2.37742152383035,29.7967151432636));
#5399=CARTESIAN_POINT('Origin',(23.9647196925174,5.61757777277105,24.6387978485785));
#5400=CARTESIAN_POINT('',(17.267164206229,7.14398682995309,29.6987605565678));
#5401=CARTESIAN_POINT('Origin',(25.4070724661123,10.1065888040137,24.7713554406395));
#5402=CARTESIAN_POINT('',(16.2091964695761,9.35390398780305,28.4122671122427));
#5403=CARTESIAN_POINT('Origin',(19.1947857794797,9.50826491261356,32.0099317887113));
#5404=UNCERTAINTY_MEASURE_WITH_UNIT(LENGTH_MEASURE(0.01),#5408,
'DISTANCE_ACCURACY_VALUE',
'Maximum model space distance between geometric entities at asserted c
onnectivities');
#5405=UNCERTAINTY_MEASURE_WITH_UNIT(LENGTH_MEASURE(0.01),#5408,
'DISTANCE_ACCURACY_VALUE',
'Maximum model space distance between geometric entities at asserted c
onnectivities');
#5406=(
GEOMETRIC_REPRESENTATION_CONTEXT(3)
GLOBAL_UNCERTAINTY_ASSIGNED_CONTEXT((#5404))
GLOBAL_UNIT_ASSIGNED_CONTEXT((#5408,#5409,#5410))
REPRESENTATION_CONTEXT('','3D')
);
#5407=(
GEOMETRIC_REPRESENTATION_CONTEXT(3)
GLOBAL_UNCERTAINTY_ASSIGNED_CONTEXT((#5405))
GLOBAL_UNIT_ASSIGNED_CONTEXT((#5408,#5409,#5410))
REPRESENTATION_CONTEXT('','3D')
);
#5408=(
LENGTH_UNIT()
NAMED_UNIT(*)
SI_UNIT(.MILLI.,.METRE.)
);
#5409=(
NAMED_UNIT(*)
PLANE_ANGLE_UNIT()
SI_UNIT($,.RADIAN.)
);
#5410=(
NAMED_UNIT(*)
SI_UNIT($,.STERADIAN.)
SOLID_ANGLE_UNIT()
);
#5411=SHAPE_DEFINITION_REPRESENTATION(#5412,#5413);
#5412=PRODUCT_DEFINITION_SHAPE('',$,#5415);
#5413=SHAPE_REPRESENTATION('',(#3140),#5406);
#5414=PRODUCT_DEFINITION_CONTEXT('part definition',#5419,'design');
#5415=PRODUCT_DEFINITION('50nassembly','52nassembly v5',#5416,#5414);
#5416=PRODUCT_DEFINITION_FORMATION('',$,#5421);
#5417=PRODUCT_RELATED_PRODUCT_CATEGORY('52nassembly v5',
'52nassembly v5',(#5421));
#5418=APPLICATION_PROTOCOL_DEFINITION('international standard',
'automotive_design',2009,#5419);
#5419=APPLICATION_CONTEXT(
'Core Data for Automotive Mechanical Design Process');
#5420=PRODUCT_CONTEXT('part definition',#5419,'mechanical');
#5421=PRODUCT('50nassembly','52nassembly v5',$,(#5420));
#5422=PRESENTATION_STYLE_ASSIGNMENT((#5427));
#5423=PRESENTATION_STYLE_ASSIGNMENT((#5428));
#5424=PRESENTATION_STYLE_ASSIGNMENT((#5429));
#5425=PRESENTATION_STYLE_ASSIGNMENT((#5430));
#5426=PRESENTATION_STYLE_ASSIGNMENT((#5431));
#5427=SURFACE_STYLE_USAGE(.BOTH.,#5432);
#5428=SURFACE_STYLE_USAGE(.BOTH.,#5433);
#5429=SURFACE_STYLE_USAGE(.BOTH.,#5434);
#5430=SURFACE_STYLE_USAGE(.BOTH.,#5435);
#5431=SURFACE_STYLE_USAGE(.BOTH.,#5436);
#5432=SURFACE_SIDE_STYLE('',(#5437));
#5433=SURFACE_SIDE_STYLE('',(#5438));
#5434=SURFACE_SIDE_STYLE('',(#5439));
#5435=SURFACE_SIDE_STYLE('',(#5440));
#5436=SURFACE_SIDE_STYLE('',(#5441));
#5437=SURFACE_STYLE_FILL_AREA(#5442);
#5438=SURFACE_STYLE_FILL_AREA(#5443);
#5439=SURFACE_STYLE_FILL_AREA(#5444);
#5440=SURFACE_STYLE_FILL_AREA(#5445);
#5441=SURFACE_STYLE_FILL_AREA(#5446);
#5442=FILL_AREA_STYLE('Plate',(#5447));
#5443=FILL_AREA_STYLE('Opaque(218,211,170)',(#5448));
#5444=FILL_AREA_STYLE('Opaque(160,160,160)',(#5449));
#5445=FILL_AREA_STYLE('Opaque(48,59,150)',(#5450));
#5446=FILL_AREA_STYLE('Opaque(196,53,39)',(#5451));
#5447=FILL_AREA_STYLE_COLOUR('Plate',#5452);
#5448=FILL_AREA_STYLE_COLOUR('Opaque(218,211,170)',#5453);
#5449=FILL_AREA_STYLE_COLOUR('Opaque(160,160,160)',#5454);
#5450=FILL_AREA_STYLE_COLOUR('Opaque(48,59,150)',#5455);
#5451=FILL_AREA_STYLE_COLOUR('Opaque(196,53,39)',#5456);
#5452=COLOUR_RGB('Plate',0.6,0.6,0.6);
#5453=COLOUR_RGB('Opaque(218,211,170)',0.854901960784314,0.827450980392157,
0.666666666666667);
#5454=COLOUR_RGB('Opaque(160,160,160)',0.627450980392157,0.627450980392157,
0.627450980392157);
#5455=COLOUR_RGB('Opaque(48,59,150)',0.188235294117647,0.231372549019608,
0.588235294117647);
#5456=COLOUR_RGB('Opaque(196,53,39)',0.768627450980392,0.207843137254902,
0.152941176470588);
ENDSEC;
END-ISO-10303-21;
