solid ASCII
  facet normal -1.000000e+00 -3.394168e-15 -7.112342e-16
    outer loop
      vertex   3.706774e+00 1.389865e+01 1.168080e+01
      vertex   3.706774e+00 1.394236e+01 1.209662e+01
      vertex   3.706774e+00 1.609189e+01 9.331297e+00
    endloop
  endfacet
  facet normal -1.000000e+00 -1.278065e-15 9.336456e-16
    outer loop
      vertex   3.706774e+00 1.609189e+01 9.331297e+00
      vertex   3.706774e+00 1.394236e+01 1.209662e+01
      vertex   3.706774e+00 1.389865e+01 1.251244e+01
    endloop
  endfacet
  facet normal -1.000000e+00 -1.784983e-16 1.691739e-15
    outer loop
      vertex   3.706774e+00 1.609189e+01 9.331297e+00
      vertex   3.706774e+00 1.389865e+01 1.251244e+01
      vertex   3.706774e+00 1.759189e+01 1.421465e+01
    endloop
  endfacet
  facet normal -1.000000e+00 6.012566e-16 -7.955723e-20
    outer loop
      vertex   3.706774e+00 1.759189e+01 1.421465e+01
      vertex   3.706774e+00 1.389865e+01 1.251244e+01
      vertex   3.706774e+00 1.759236e+01 1.776630e+01
    endloop
  endfacet
  facet normal -1.000000e+00 1.497535e-15 -6.302056e-16
    outer loop
      vertex   3.706774e+00 1.759236e+01 1.776630e+01
      vertex   3.706774e+00 1.389865e+01 1.251244e+01
      vertex   3.706774e+00 1.376945e+01 1.291009e+01
    endloop
  endfacet
  facet normal -1.000000e+00 4.020946e-16 2.321494e-16
    outer loop
      vertex   3.706774e+00 1.759236e+01 1.776630e+01
      vertex   3.706774e+00 1.376945e+01 1.291009e+01
      vertex   3.706774e+00 1.356039e+01 1.327219e+01
    endloop
  endfacet
  facet normal -1.000000e+00 1.124921e-15 -4.163470e-16
    outer loop
      vertex   3.706774e+00 1.356039e+01 1.327219e+01
      vertex   3.706774e+00 1.328062e+01 1.358291e+01
      vertex   3.706774e+00 1.759236e+01 1.776630e+01
    endloop
  endfacet
  facet normal -1.000000e+00 3.087115e-16 4.249049e-16
    outer loop
      vertex   3.706774e+00 1.759236e+01 1.776630e+01
      vertex   3.706774e+00 1.328062e+01 1.358291e+01
      vertex   3.706774e+00 1.294236e+01 1.382867e+01
    endloop
  endfacet
  facet normal -1.000000e+00 2.303700e-16 5.174195e-16
    outer loop
      vertex   3.706774e+00 1.759236e+01 1.776630e+01
      vertex   3.706774e+00 1.294236e+01 1.382867e+01
      vertex   3.706774e+00 1.256039e+01 1.399873e+01
    endloop
  endfacet
  facet normal -1.000000e+00 3.375316e-16 3.742943e-16
    outer loop
      vertex   3.706774e+00 1.759236e+01 1.776630e+01
      vertex   3.706774e+00 1.256039e+01 1.399873e+01
      vertex   3.706774e+00 9.698178e+00 1.776630e+01
    endloop
  endfacet
  facet normal -1.000000e+00 2.987930e-17 1.405710e-16
    outer loop
      vertex   3.706774e+00 9.698178e+00 1.776630e+01
      vertex   3.706774e+00 1.256039e+01 1.399873e+01
      vertex   3.706774e+00 1.215142e+01 1.408567e+01
    endloop
  endfacet
  facet normal -1.000000e+00 0.000000e+00 1.206557e-16
    outer loop
      vertex   3.706774e+00 9.698178e+00 1.776630e+01
      vertex   3.706774e+00 1.215142e+01 1.408567e+01
      vertex   3.706774e+00 1.173330e+01 1.408567e+01
    endloop
  endfacet
  facet normal -1.000000e+00 -2.294900e-17 1.079666e-16
    outer loop
      vertex   3.706774e+00 1.173330e+01 1.408567e+01
      vertex   3.706774e+00 1.132433e+01 1.399873e+01
      vertex   3.706774e+00 9.698178e+00 1.776630e+01
    endloop
  endfacet
  facet normal -1.000000e+00 -3.542373e-16 -3.502334e-17
    outer loop
      vertex   3.706774e+00 9.698178e+00 1.776630e+01
      vertex   3.706774e+00 1.132433e+01 1.399873e+01
      vertex   3.706774e+00 9.802275e+00 1.671343e+01
    endloop
  endfacet
  facet normal -1.000000e+00 -5.828430e-17 1.309087e-16
    outer loop
      vertex   3.706774e+00 9.802275e+00 1.671343e+01
      vertex   3.706774e+00 1.132433e+01 1.399873e+01
      vertex   3.706774e+00 1.094236e+01 1.382867e+01
    endloop
  endfacet
  facet normal -1.000000e+00 -8.689543e-17 1.196013e-16
    outer loop
      vertex   3.706774e+00 9.802275e+00 1.671343e+01
      vertex   3.706774e+00 1.094236e+01 1.382867e+01
      vertex   3.706774e+00 1.060410e+01 1.358291e+01
    endloop
  endfacet
  facet normal -1.000000e+00 -1.358444e-15 -2.060816e-16
    outer loop
      vertex   3.706774e+00 1.060410e+01 1.358291e+01
      vertex   3.706774e+00 1.032433e+01 1.327219e+01
      vertex   3.706774e+00 9.802275e+00 1.671343e+01
    endloop
  endfacet
  facet normal -1.000000e+00 0.000000e+00 0.000000e+00
    outer loop
      vertex   3.706774e+00 9.802275e+00 1.671343e+01
      vertex   3.706774e+00 1.032433e+01 1.327219e+01
      vertex   3.706774e+00 1.011527e+01 1.291009e+01
    endloop
  endfacet
  facet normal -1.000000e+00 -2.742499e-15 -2.256924e-16
    outer loop
      vertex   3.706774e+00 9.802275e+00 1.671343e+01
      vertex   3.706774e+00 1.011527e+01 1.291009e+01
      vertex   3.706774e+00 9.986064e+00 1.251244e+01
    endloop
  endfacet
  facet normal -1.000000e+00 -4.670907e-15 -3.100584e-16
    outer loop
      vertex   3.706774e+00 9.802275e+00 1.671343e+01
      vertex   3.706774e+00 9.986064e+00 1.251244e+01
      vertex   3.706774e+00 7.846283e+00 1.610187e+01
    endloop
  endfacet
  facet normal -1.000000e+00 -3.528656e-15 3.708767e-16
    outer loop
      vertex   3.706774e+00 7.846283e+00 1.610187e+01
      vertex   3.706774e+00 9.986064e+00 1.251244e+01
      vertex   3.706774e+00 9.942359e+00 1.209662e+01
    endloop
  endfacet
  facet normal -1.000000e+00 -5.864339e-15 -8.514607e-16
    outer loop
      vertex   3.706774e+00 7.846283e+00 1.610187e+01
      vertex   3.706774e+00 9.942359e+00 1.209662e+01
      vertex   3.706774e+00 9.065883e+00 9.266705e+00
    endloop
  endfacet
  facet normal -1.000000e+00 -6.431073e-15 -6.759330e-16
    outer loop
      vertex   3.706774e+00 9.065883e+00 9.266705e+00
      vertex   3.706774e+00 9.942359e+00 1.209662e+01
      vertex   3.706774e+00 9.986064e+00 1.168080e+01
    endloop
  endfacet
  facet normal -1.000000e+00 -2.847347e-15 -2.041944e-15
    outer loop
      vertex   3.706774e+00 9.065883e+00 9.266705e+00
      vertex   3.706774e+00 9.986064e+00 1.168080e+01
      vertex   3.706774e+00 1.011527e+01 1.128315e+01
    endloop
  endfacet
  facet normal -1.000000e+00 -3.209927e-15 -1.853252e-15
    outer loop
      vertex   3.706774e+00 1.011527e+01 1.128315e+01
      vertex   3.706774e+00 1.032433e+01 1.092105e+01
      vertex   3.706774e+00 9.065883e+00 9.266705e+00
    endloop
  endfacet
  facet normal -1.000000e+00 -8.648204e-16 -3.637148e-15
    outer loop
      vertex   3.706774e+00 9.065883e+00 9.266705e+00
      vertex   3.706774e+00 1.032433e+01 1.092105e+01
      vertex   3.706774e+00 1.060410e+01 1.061033e+01
    endloop
  endfacet
  facet normal -1.000000e+00 -2.920694e-15 -1.283536e-15
    outer loop
      vertex   3.706774e+00 9.065883e+00 9.266705e+00
      vertex   3.706774e+00 1.060410e+01 1.061033e+01
      vertex   3.706774e+00 9.065883e+00 2.346927e+00
    endloop
  endfacet
  facet normal -1.000000e+00 -1.169397e-15 -1.609536e-15
    outer loop
      vertex   3.706774e+00 9.065883e+00 2.346927e+00
      vertex   3.706774e+00 1.060410e+01 1.061033e+01
      vertex   3.706774e+00 1.094236e+01 1.036457e+01
    endloop
  endfacet
  facet normal -1.000000e+00 -7.593407e-16 -1.705507e-15
    outer loop
      vertex   3.706774e+00 9.065883e+00 2.346927e+00
      vertex   3.706774e+00 1.094236e+01 1.036457e+01
      vertex   3.706774e+00 1.132433e+01 1.019451e+01
    endloop
  endfacet
  facet normal -1.000000e+00 -3.853917e-16 -1.813125e-15
    outer loop
      vertex   3.706774e+00 1.132433e+01 1.019451e+01
      vertex   3.706774e+00 1.173330e+01 1.010758e+01
      vertex   3.706774e+00 9.065883e+00 2.346927e+00
    endloop
  endfacet
  facet normal -1.000000e+00 -7.285434e-15 5.584938e-16
    outer loop
      vertex   3.706774e+00 9.065883e+00 2.346927e+00
      vertex   3.706774e+00 1.173330e+01 1.010758e+01
      vertex   3.706774e+00 9.065883e+00 -2.424003e+00
    endloop
  endfacet
  facet normal -1.000000e+00 0.000000e+00 -9.922529e-16
    outer loop
      vertex   3.706774e+00 9.065883e+00 -2.424003e+00
      vertex   3.706774e+00 1.173330e+01 1.010758e+01
      vertex   3.706774e+00 1.215142e+01 1.010758e+01
    endloop
  endfacet
  facet normal -1.000000e+00 -4.458921e-15 1.056253e-16
    outer loop
      vertex   3.706774e+00 9.065883e+00 -2.424003e+00
      vertex   3.706774e+00 1.215142e+01 1.010758e+01
      vertex   3.706774e+00 1.215142e+01 -1.091433e+01
    endloop
  endfacet
  facet normal -1.000000e+00 2.245135e-17 1.056253e-16
    outer loop
      vertex   3.706774e+00 1.215142e+01 -1.091433e+01
      vertex   3.706774e+00 1.215142e+01 1.010758e+01
      vertex   3.706774e+00 1.256039e+01 -1.100127e+01
    endloop
  endfacet
  facet normal -1.000000e+00 -2.226719e-17 1.047589e-16
    outer loop
      vertex   3.706774e+00 1.256039e+01 -1.100127e+01
      vertex   3.706774e+00 1.215142e+01 1.010758e+01
      vertex   3.706774e+00 1.256039e+01 1.019451e+01
    endloop
  endfacet
  facet normal -1.000000e+00 4.664167e-17 1.047589e-16
    outer loop
      vertex   3.706774e+00 1.256039e+01 -1.100127e+01
      vertex   3.706774e+00 1.256039e+01 1.019451e+01
      vertex   3.706774e+00 1.294236e+01 -1.117133e+01
    endloop
  endfacet
  facet normal -1.000000e+00 -4.590504e-17 1.031044e-16
    outer loop
      vertex   3.706774e+00 1.294236e+01 -1.117133e+01
      vertex   3.706774e+00 1.256039e+01 1.019451e+01
      vertex   3.706774e+00 1.294236e+01 1.036457e+01
    endloop
  endfacet
  facet normal -1.000000e+00 -4.896774e-15 1.031044e-16
    outer loop
      vertex   3.706774e+00 1.294236e+01 -1.117133e+01
      vertex   3.706774e+00 1.294236e+01 1.036457e+01
      vertex   3.706774e+00 1.609189e+01 -8.033703e+00
    endloop
  endfacet
  facet normal -1.000000e+00 -6.082862e-16 8.372342e-16
    outer loop
      vertex   3.706774e+00 1.609189e+01 -8.033703e+00
      vertex   3.706774e+00 1.294236e+01 1.036457e+01
      vertex   3.706774e+00 1.328062e+01 1.061033e+01
    endloop
  endfacet
  facet normal -1.000000e+00 -2.259870e-15 5.881976e-16
    outer loop
      vertex   3.706774e+00 1.609189e+01 -8.033703e+00
      vertex   3.706774e+00 1.328062e+01 1.061033e+01
      vertex   3.706774e+00 1.609189e+01 9.331297e+00
    endloop
  endfacet
  facet normal -1.000000e+00 -2.715550e-15 -4.133683e-16
    outer loop
      vertex   3.706774e+00 1.609189e+01 9.331297e+00
      vertex   3.706774e+00 1.328062e+01 1.061033e+01
      vertex   3.706774e+00 1.356039e+01 1.092105e+01
    endloop
  endfacet
  facet normal -1.000000e+00 -1.802446e-15 1.040643e-15
    outer loop
      vertex   3.706774e+00 1.609189e+01 9.331297e+00
      vertex   3.706774e+00 1.356039e+01 1.092105e+01
      vertex   3.706774e+00 1.376945e+01 1.128315e+01
    endloop
  endfacet
  facet normal -1.000000e+00 -2.840070e-15 -1.939898e-16
    outer loop
      vertex   3.706774e+00 1.376945e+01 1.128315e+01
      vertex   3.706774e+00 1.389865e+01 1.168080e+01
      vertex   3.706774e+00 1.609189e+01 9.331297e+00
    endloop
  endfacet
  facet normal -1.000000e+00 -7.794462e-15 2.487446e-16
    outer loop
      vertex   3.706774e+00 1.389865e+01 -1.248756e+01
      vertex   3.706774e+00 1.609189e+01 -8.033703e+00
      vertex   3.706774e+00 1.394236e+01 -1.290338e+01
    endloop
  endfacet
  facet normal -1.000000e+00 -6.589272e-15 -2.832401e-16
    outer loop
      vertex   3.706774e+00 1.394236e+01 -1.290338e+01
      vertex   3.706774e+00 1.609189e+01 -8.033703e+00
      vertex   3.706774e+00 1.549189e+01 -1.759370e+01
    endloop
  endfacet
  facet normal -1.000000e+00 -6.800939e-15 -3.531680e-16
    outer loop
      vertex   3.706774e+00 1.394236e+01 -1.290338e+01
      vertex   3.706774e+00 1.549189e+01 -1.759370e+01
      vertex   3.706774e+00 1.389865e+01 -1.331920e+01
    endloop
  endfacet
  facet normal -1.000000e+00 -4.728061e-15 4.194557e-16
    outer loop
      vertex   3.706774e+00 1.389865e+01 -1.331920e+01
      vertex   3.706774e+00 1.549189e+01 -1.759370e+01
      vertex   3.706774e+00 1.376945e+01 -1.371685e+01
    endloop
  endfacet
  facet normal -1.000000e+00 -2.466701e-15 1.424151e-15
    outer loop
      vertex   3.706774e+00 1.376945e+01 -1.371685e+01
      vertex   3.706774e+00 1.549189e+01 -1.759370e+01
      vertex   3.706774e+00 1.356039e+01 -1.407895e+01
    endloop
  endfacet
  facet normal -1.000000e+00 -6.980827e-15 -1.056539e-15
    outer loop
      vertex   3.706774e+00 1.356039e+01 -1.407895e+01
      vertex   3.706774e+00 1.549189e+01 -1.759370e+01
      vertex   3.706774e+00 1.549189e+01 -2.011565e+01
    endloop
  endfacet
  facet normal -1.000000e+00 -3.306802e-15 1.189976e-16
    outer loop
      vertex   3.706774e+00 1.356039e+01 -1.407895e+01
      vertex   3.706774e+00 1.549189e+01 -2.011565e+01
      vertex   3.706774e+00 1.328062e+01 -1.438967e+01
    endloop
  endfacet
  facet normal -1.000000e+00 -7.920415e-16 1.090152e-15
    outer loop
      vertex   3.706774e+00 1.328062e+01 -1.438967e+01
      vertex   3.706774e+00 1.549189e+01 -2.011565e+01
      vertex   3.706774e+00 1.294236e+01 -1.463543e+01
    endloop
  endfacet
  facet normal -1.000000e+00 -5.379889e-16 1.208343e-15
    outer loop
      vertex   3.706774e+00 1.294236e+01 -1.463543e+01
      vertex   3.706774e+00 1.549189e+01 -2.011565e+01
      vertex   3.706774e+00 1.256039e+01 -1.480549e+01
    endloop
  endfacet
  facet normal -1.000000e+00 -2.863672e-16 1.347252e-15
    outer loop
      vertex   3.706774e+00 1.256039e+01 -1.480549e+01
      vertex   3.706774e+00 1.549189e+01 -2.011565e+01
      vertex   3.706774e+00 1.215142e+01 -1.489242e+01
    endloop
  endfacet
  facet normal -1.000000e+00 0.000000e+00 1.530396e-15
    outer loop
      vertex   3.706774e+00 1.215142e+01 -1.489242e+01
      vertex   3.706774e+00 1.549189e+01 -2.011565e+01
      vertex   3.706774e+00 1.173330e+01 -1.489242e+01
    endloop
  endfacet
  facet normal -1.000000e+00 3.840352e-16 1.806744e-15
    outer loop
      vertex   3.706774e+00 1.173330e+01 -1.489242e+01
      vertex   3.706774e+00 1.549189e+01 -2.011565e+01
      vertex   3.706774e+00 1.132433e+01 -1.480549e+01
    endloop
  endfacet
  facet normal -1.000000e+00 -3.980183e-15 -1.618418e-15
    outer loop
      vertex   3.706774e+00 1.132433e+01 -1.480549e+01
      vertex   3.706774e+00 1.549189e+01 -2.011565e+01
      vertex   3.706774e+00 6.565883e+00 -2.011565e+01
    endloop
  endfacet
  facet normal -1.000000e+00 -1.650171e-15 -3.706346e-15
    outer loop
      vertex   3.706774e+00 1.132433e+01 -1.480549e+01
      vertex   3.706774e+00 6.565883e+00 -2.011565e+01
      vertex   3.706774e+00 1.094236e+01 -1.463543e+01
    endloop
  endfacet
  facet normal -1.000000e+00 -2.309985e-15 -3.179422e-15
    outer loop
      vertex   3.706774e+00 1.094236e+01 -1.463543e+01
      vertex   3.706774e+00 6.565883e+00 -2.011565e+01
      vertex   3.706774e+00 1.060410e+01 -1.438967e+01
    endloop
  endfacet
  facet normal -1.000000e+00 -1.214503e-15 -3.952004e-15
    outer loop
      vertex   3.706774e+00 1.060410e+01 -1.438967e+01
      vertex   3.706774e+00 6.565883e+00 -2.011565e+01
      vertex   3.706774e+00 1.032433e+01 -1.407895e+01
    endloop
  endfacet
  facet normal -1.000000e+00 -3.923627e-15 -2.265307e-15
    outer loop
      vertex   3.706774e+00 1.032433e+01 -1.407895e+01
      vertex   3.706774e+00 6.565883e+00 -2.011565e+01
      vertex   3.706774e+00 1.011527e+01 -1.371685e+01
    endloop
  endfacet
  facet normal -1.000000e+00 -3.779995e-15 -2.344979e-15
    outer loop
      vertex   3.706774e+00 1.011527e+01 -1.371685e+01
      vertex   3.706774e+00 6.565883e+00 -2.011565e+01
      vertex   3.706774e+00 9.986064e+00 -1.331920e+01
    endloop
  endfacet
  facet normal -1.000000e+00 -6.981662e-15 -7.338023e-16
    outer loop
      vertex   3.706774e+00 9.986064e+00 -1.331920e+01
      vertex   3.706774e+00 6.565883e+00 -2.011565e+01
      vertex   3.706774e+00 9.942359e+00 -1.290338e+01
    endloop
  endfacet
  facet normal -1.000000e+00 -1.109790e-15 -3.482761e-15
    outer loop
      vertex   3.706774e+00 9.942359e+00 -1.290338e+01
      vertex   3.706774e+00 6.565883e+00 -2.011565e+01
      vertex   3.706774e+00 9.065883e+00 -8.033703e+00
    endloop
  endfacet
  facet normal -1.000000e+00 1.151568e-14 -1.210346e-15
    outer loop
      vertex   3.706774e+00 9.942359e+00 -1.290338e+01
      vertex   3.706774e+00 9.065883e+00 -8.033703e+00
      vertex   3.706774e+00 9.986064e+00 -1.248756e+01
    endloop
  endfacet
  facet normal -1.000000e+00 4.652178e-15 -2.628369e-15
    outer loop
      vertex   3.706774e+00 9.986064e+00 -1.248756e+01
      vertex   3.706774e+00 9.065883e+00 -8.033703e+00
      vertex   3.706774e+00 1.011527e+01 -1.208991e+01
    endloop
  endfacet
  facet normal -1.000000e+00 4.583322e-15 -2.646182e-15
    outer loop
      vertex   3.706774e+00 1.011527e+01 -1.208991e+01
      vertex   3.706774e+00 9.065883e+00 -8.033703e+00
      vertex   3.706774e+00 1.032433e+01 -1.172781e+01
    endloop
  endfacet
  facet normal -1.000000e+00 2.238653e-15 -3.444923e-15
    outer loop
      vertex   3.706774e+00 1.032433e+01 -1.172781e+01
      vertex   3.706774e+00 9.065883e+00 -8.033703e+00
      vertex   3.706774e+00 1.060410e+01 -1.141709e+01
    endloop
  endfacet
  facet normal -1.000000e+00 2.437275e-15 -3.354622e-15
    outer loop
      vertex   3.706774e+00 1.060410e+01 -1.141709e+01
      vertex   3.706774e+00 9.065883e+00 -8.033703e+00
      vertex   3.706774e+00 1.094236e+01 -1.117133e+01
    endloop
  endfacet
  facet normal -1.000000e+00 1.691525e-14 5.304023e-15
    outer loop
      vertex   3.706774e+00 1.094236e+01 -1.117133e+01
      vertex   3.706774e+00 9.065883e+00 -8.033703e+00
      vertex   3.706774e+00 9.065883e+00 -2.424003e+00
    endloop
  endfacet
  facet normal -1.000000e+00 -6.808878e-16 1.529299e-15
    outer loop
      vertex   3.706774e+00 1.094236e+01 -1.117133e+01
      vertex   3.706774e+00 9.065883e+00 -2.424003e+00
      vertex   3.706774e+00 1.132433e+01 -1.100127e+01
    endloop
  endfacet
  facet normal -1.000000e+00 -3.439216e-16 1.618024e-15
    outer loop
      vertex   3.706774e+00 1.132433e+01 -1.100127e+01
      vertex   3.706774e+00 9.065883e+00 -2.424003e+00
      vertex   3.706774e+00 1.173330e+01 -1.091433e+01
    endloop
  endfacet
  facet normal -1.000000e+00 0.000000e+00 1.726074e-15
    outer loop
      vertex   3.706774e+00 1.173330e+01 -1.091433e+01
      vertex   3.706774e+00 9.065883e+00 -2.424003e+00
      vertex   3.706774e+00 1.215142e+01 -1.091433e+01
    endloop
  endfacet
  facet normal -1.000000e+00 -3.025295e-15 -2.099762e-15
    outer loop
      vertex   3.706774e+00 1.389865e+01 -1.248756e+01
      vertex   3.706774e+00 1.376945e+01 -1.208991e+01
      vertex   3.706774e+00 1.609189e+01 -8.033703e+00
    endloop
  endfacet
  facet normal -1.000000e+00 -3.332368e-15 -1.923943e-15
    outer loop
      vertex   3.706774e+00 1.609189e+01 -8.033703e+00
      vertex   3.706774e+00 1.376945e+01 -1.208991e+01
      vertex   3.706774e+00 1.356039e+01 -1.172781e+01
    endloop
  endfacet
  facet normal -1.000000e+00 -1.752126e-15 -3.006851e-15
    outer loop
      vertex   3.706774e+00 1.609189e+01 -8.033703e+00
      vertex   3.706774e+00 1.356039e+01 -1.172781e+01
      vertex   3.706774e+00 1.328062e+01 -1.141709e+01
    endloop
  endfacet
  facet normal -1.000000e+00 -2.021804e-15 -2.782774e-15
    outer loop
      vertex   3.706774e+00 1.328062e+01 -1.141709e+01
      vertex   3.706774e+00 1.294236e+01 -1.117133e+01
      vertex   3.706774e+00 1.609189e+01 -8.033703e+00
    endloop
  endfacet
  facet normal -1.000000e+00 -2.785907e-15 -2.754418e-16
    outer loop
      vertex   3.706774e+00 7.681722e+00 1.776630e+01
      vertex   3.706774e+00 7.846283e+00 1.610187e+01
      vertex   3.706774e+00 6.565883e+00 1.776630e+01
    endloop
  endfacet
  facet normal -1.000000e+00 -1.476989e-15 7.314762e-16
    outer loop
      vertex   3.706774e+00 6.565883e+00 1.776630e+01
      vertex   3.706774e+00 7.846283e+00 1.610187e+01
      vertex   3.706774e+00 6.565883e+00 9.266705e+00
    endloop
  endfacet
  facet normal -1.000000e+00 7.105427e-16 3.216959e-16
    outer loop
      vertex   3.706774e+00 6.565883e+00 9.266705e+00
      vertex   3.706774e+00 7.846283e+00 1.610187e+01
      vertex   3.706774e+00 9.065883e+00 9.266705e+00
    endloop
  endfacet
  facet normal -1.000000e+00 0.000000e+00 1.636910e-15
    outer loop
      vertex   3.706774e+00 1.759189e+01 1.421465e+01
      vertex   3.706774e+00 1.759189e+01 9.331297e+00
      vertex   3.706774e+00 1.609189e+01 9.331297e+00
    endloop
  endfacet
  facet normal -1.000000e+00 -0.000000e+00 -0.000000e+00
    outer loop
      vertex   3.706774e+00 1.759189e+01 -8.033703e+00
      vertex   3.706774e+00 1.759189e+01 -1.759370e+01
      vertex   3.706774e+00 1.609189e+01 -8.033703e+00
    endloop
  endfacet
  facet normal -1.000000e+00 -3.172066e-15 -4.977091e-16
    outer loop
      vertex   3.706774e+00 1.609189e+01 -8.033703e+00
      vertex   3.706774e+00 1.759189e+01 -1.759370e+01
      vertex   3.706774e+00 1.549189e+01 -1.759370e+01
    endloop
  endfacet
  facet normal -1.000000e+00 0.000000e+00 -3.712399e-15
    outer loop
      vertex   3.706774e+00 6.565883e+00 -2.011565e+01
      vertex   3.706774e+00 6.565883e+00 -8.033703e+00
      vertex   3.706774e+00 9.065883e+00 -8.033703e+00
    endloop
  endfacet
  facet normal 4.545210e-15 5.956115e-16 1.000000e+00
    outer loop
      vertex   5.287064e+00 9.568359e+00 1.776630e+01
      vertex   5.287064e+00 1.553318e+01 1.776630e+01
      vertex   3.706774e+00 9.698178e+00 1.776630e+01
    endloop
  endfacet
  facet normal 3.167018e-14 -6.750632e-15 1.000000e+00
    outer loop
      vertex   3.706774e+00 9.698178e+00 1.776630e+01
      vertex   5.287064e+00 1.553318e+01 1.776630e+01
      vertex   3.706774e+00 1.759236e+01 1.776630e+01
    endloop
  endfacet
  facet normal -4.589312e-14 -6.627544e-14 1.000000e+00
    outer loop
      vertex   3.706774e+00 1.759236e+01 1.776630e+01
      vertex   5.287064e+00 1.553318e+01 1.776630e+01
      vertex   7.887064e+00 1.759236e+01 1.776630e+01
    endloop
  endfacet
  facet normal -1.776357e-14 -1.017928e-13 1.000000e+00
    outer loop
      vertex   7.887064e+00 1.759236e+01 1.776630e+01
      vertex   5.287064e+00 1.553318e+01 1.776630e+01
      vertex   7.887064e+00 1.553318e+01 1.776630e+01
    endloop
  endfacet
  facet normal -9.999998e-01 0.000000e+00 -6.200379e-04
    outer loop
      vertex   2.806761e+00 5.000000e+00 -5.081538e+00
      vertex   2.805676e+00 5.000000e+00 -3.331538e+00
      vertex   2.806761e+00 6.000000e+00 -5.081538e+00
    endloop
  endfacet
  facet normal -9.999998e-01 0.000000e+00 -6.200379e-04
    outer loop
      vertex   2.806761e+00 6.000000e+00 -5.081538e+00
      vertex   2.805676e+00 5.000000e+00 -3.331538e+00
      vertex   2.805676e+00 6.000000e+00 -3.331538e+00
    endloop
  endfacet
  facet normal 0.000000e+00 0.000000e+00 -1.000000e+00
    outer loop
      vertex   3.266842e+00 5.000000e+00 -5.081538e+00
      vertex   2.806761e+00 5.000000e+00 -5.081538e+00
      vertex   3.266842e+00 6.000000e+00 -5.081538e+00
    endloop
  endfacet
  facet normal -0.000000e+00 0.000000e+00 -1.000000e+00
    outer loop
      vertex   3.266842e+00 6.000000e+00 -5.081538e+00
      vertex   2.806761e+00 5.000000e+00 -5.081538e+00
      vertex   2.806761e+00 6.000000e+00 -5.081538e+00
    endloop
  endfacet
  facet normal 7.071093e-01 0.000000e+00 -7.071042e-01
    outer loop
      vertex   6.319866e+00 5.000000e+00 -2.028492e+00
      vertex   3.266842e+00 5.000000e+00 -5.081538e+00
      vertex   6.319866e+00 6.000000e+00 -2.028492e+00
    endloop
  endfacet
  facet normal 7.071093e-01 0.000000e+00 -7.071042e-01
    outer loop
      vertex   6.319866e+00 6.000000e+00 -2.028492e+00
      vertex   3.266842e+00 5.000000e+00 -5.081538e+00
      vertex   3.266842e+00 6.000000e+00 -5.081538e+00
    endloop
  endfacet
  facet normal 1.000000e+00 -0.000000e+00 0.000000e+00
    outer loop
      vertex   6.319866e+00 5.000000e+00 1.951416e+00
      vertex   6.319866e+00 5.000000e+00 -2.028492e+00
      vertex   6.319866e+00 6.000000e+00 1.951416e+00
    endloop
  endfacet
  facet normal 1.000000e+00 0.000000e+00 0.000000e+00
    outer loop
      vertex   6.319866e+00 6.000000e+00 1.951416e+00
      vertex   6.319866e+00 5.000000e+00 -2.028492e+00
      vertex   6.319866e+00 6.000000e+00 -2.028492e+00
    endloop
  endfacet
  facet normal 7.071093e-01 -0.000000e+00 7.071042e-01
    outer loop
      vertex   3.266842e+00 5.000000e+00 5.004462e+00
      vertex   6.319866e+00 5.000000e+00 1.951416e+00
      vertex   3.266842e+00 6.000000e+00 5.004462e+00
    endloop
  endfacet
  facet normal 7.071093e-01 0.000000e+00 7.071042e-01
    outer loop
      vertex   3.266842e+00 6.000000e+00 5.004462e+00
      vertex   6.319866e+00 5.000000e+00 1.951416e+00
      vertex   6.319866e+00 6.000000e+00 1.951416e+00
    endloop
  endfacet
  facet normal 0.000000e+00 0.000000e+00 1.000000e+00
    outer loop
      vertex   2.799240e+00 5.000000e+00 5.004462e+00
      vertex   3.266842e+00 5.000000e+00 5.004462e+00
      vertex   2.799240e+00 6.000000e+00 5.004462e+00
    endloop
  endfacet
  facet normal -0.000000e+00 0.000000e+00 1.000000e+00
    outer loop
      vertex   2.799240e+00 6.000000e+00 5.004462e+00
      vertex   3.266842e+00 5.000000e+00 5.004462e+00
      vertex   3.266842e+00 6.000000e+00 5.004462e+00
    endloop
  endfacet
  facet normal -1.000000e+00 0.000000e+00 0.000000e+00
    outer loop
      vertex   2.799240e+00 5.000000e+00 3.254462e+00
      vertex   2.799240e+00 5.000000e+00 5.004462e+00
      vertex   2.799240e+00 6.000000e+00 3.254462e+00
    endloop
  endfacet
  facet normal -1.000000e+00 0.000000e+00 0.000000e+00
    outer loop
      vertex   2.799240e+00 6.000000e+00 3.254462e+00
      vertex   2.799240e+00 5.000000e+00 5.004462e+00
      vertex   2.799240e+00 6.000000e+00 5.004462e+00
    endloop
  endfacet
  facet normal -4.415950e-12 1.000000e+00 4.406944e-12
    outer loop
      vertex   2.799240e+00 6.000000e+00 -3.331538e+00
      vertex   6.053702e+00 6.000000e+00 -7.707599e-02
      vertex   2.805676e+00 6.000000e+00 -3.331538e+00
    endloop
  endfacet
  facet normal -2.163306e-16 1.000000e+00 -5.700823e-17
    outer loop
      vertex   2.805676e+00 6.000000e+00 -3.331538e+00
      vertex   6.053702e+00 6.000000e+00 -7.707599e-02
      vertex   3.266842e+00 6.000000e+00 -5.081538e+00
    endloop
  endfacet
  facet normal 0.000000e+00 1.000000e+00 0.000000e+00
    outer loop
      vertex   2.805676e+00 6.000000e+00 -3.331538e+00
      vertex   3.266842e+00 6.000000e+00 -5.081538e+00
      vertex   2.806761e+00 6.000000e+00 -5.081538e+00
    endloop
  endfacet
  facet normal 4.005194e-16 1.000000e+00 -4.005165e-16
    outer loop
      vertex   3.266842e+00 6.000000e+00 -5.081538e+00
      vertex   6.053702e+00 6.000000e+00 -7.707599e-02
      vertex   6.319866e+00 6.000000e+00 -2.028492e+00
    endloop
  endfacet
  facet normal 3.336954e-15 1.000000e+00 0.000000e+00
    outer loop
      vertex   6.319866e+00 6.000000e+00 -2.028492e+00
      vertex   6.053702e+00 6.000000e+00 -7.707599e-02
      vertex   6.053702e+00 6.000000e+00 -1.951564e-16
    endloop
  endfacet
  facet normal 3.336954e-15 1.000000e+00 -0.000000e+00
    outer loop
      vertex   6.319866e+00 6.000000e+00 -2.028492e+00
      vertex   6.053702e+00 6.000000e+00 -1.951564e-16
      vertex   6.319866e+00 6.000000e+00 1.951416e+00
    endloop
  endfacet
  facet normal 4.005193e-16 1.000000e+00 4.005165e-16
    outer loop
      vertex   6.319866e+00 6.000000e+00 1.951416e+00
      vertex   6.053702e+00 6.000000e+00 -1.951564e-16
      vertex   3.266842e+00 6.000000e+00 5.004462e+00
    endloop
  endfacet
  facet normal 2.688327e-14 1.000000e+00 1.514809e-14
    outer loop
      vertex   3.266842e+00 6.000000e+00 5.004462e+00
      vertex   6.053702e+00 6.000000e+00 -1.951564e-16
      vertex   2.799240e+00 6.000000e+00 3.254462e+00
    endloop
  endfacet
  facet normal 0.000000e+00 1.000000e+00 2.233134e-14
    outer loop
      vertex   3.266842e+00 6.000000e+00 5.004462e+00
      vertex   2.799240e+00 6.000000e+00 3.254462e+00
      vertex   2.799240e+00 6.000000e+00 5.004462e+00
    endloop
  endfacet
  facet normal 0.000000e+00 -1.000000e+00 0.000000e+00
    outer loop
      vertex   2.805676e+00 5.000000e+00 -3.331538e+00
      vertex   2.806761e+00 5.000000e+00 -5.081538e+00
      vertex   2.922967e+00 5.000000e+00 -3.331538e+00
    endloop
  endfacet
  facet normal 0.000000e+00 -1.000000e+00 -0.000000e+00
    outer loop
      vertex   2.922967e+00 5.000000e+00 -3.331538e+00
      vertex   2.806761e+00 5.000000e+00 -5.081538e+00
      vertex   3.266842e+00 5.000000e+00 -5.081538e+00
    endloop
  endfacet
  facet normal 0.000000e+00 -1.000000e+00 0.000000e+00
    outer loop
      vertex   2.922967e+00 5.000000e+00 -3.331538e+00
      vertex   3.266842e+00 5.000000e+00 -5.081538e+00
      vertex   6.053702e+00 5.000000e+00 -2.008036e-01
    endloop
  endfacet
  facet normal 0.000000e+00 -1.000000e+00 -0.000000e+00
    outer loop
      vertex   6.053702e+00 5.000000e+00 -2.008036e-01
      vertex   3.266842e+00 5.000000e+00 -5.081538e+00
      vertex   6.319866e+00 5.000000e+00 -2.028492e+00
    endloop
  endfacet
  facet normal 0.000000e+00 -1.000000e+00 0.000000e+00
    outer loop
      vertex   6.053702e+00 5.000000e+00 -2.008036e-01
      vertex   6.319866e+00 5.000000e+00 -2.028492e+00
      vertex   6.053702e+00 5.000000e+00 1.237277e-01
    endloop
  endfacet
  facet normal 0.000000e+00 -1.000000e+00 0.000000e+00
    outer loop
      vertex   6.053702e+00 5.000000e+00 1.237277e-01
      vertex   6.319866e+00 5.000000e+00 -2.028492e+00
      vertex   6.319866e+00 5.000000e+00 1.951416e+00
    endloop
  endfacet
  facet normal 0.000000e+00 -1.000000e+00 0.000000e+00
    outer loop
      vertex   6.053702e+00 5.000000e+00 1.237277e-01
      vertex   6.319866e+00 5.000000e+00 1.951416e+00
      vertex   3.266842e+00 5.000000e+00 5.004462e+00
    endloop
  endfacet
  facet normal 0.000000e+00 -1.000000e+00 0.000000e+00
    outer loop
      vertex   6.053702e+00 5.000000e+00 1.237277e-01
      vertex   3.266842e+00 5.000000e+00 5.004462e+00
      vertex   2.922967e+00 5.000000e+00 3.254462e+00
    endloop
  endfacet
  facet normal 0.000000e+00 -1.000000e+00 0.000000e+00
    outer loop
      vertex   2.922967e+00 5.000000e+00 3.254462e+00
      vertex   3.266842e+00 5.000000e+00 5.004462e+00
      vertex   2.799240e+00 5.000000e+00 5.004462e+00
    endloop
  endfacet
  facet normal -0.000000e+00 -1.000000e+00 0.000000e+00
    outer loop
      vertex   2.922967e+00 5.000000e+00 3.254462e+00
      vertex   2.799240e+00 5.000000e+00 5.004462e+00
      vertex   2.799240e+00 5.000000e+00 3.254462e+00
    endloop
  endfacet
  facet normal -0.000000e+00 -0.000000e+00 -1.000000e+00
    outer loop
      vertex   2.922967e+00 5.000000e+00 -3.331538e+00
      vertex   3.356014e+00 1.500000e+00 -3.331538e+00
      vertex   2.805676e+00 5.000000e+00 -3.331538e+00
    endloop
  endfacet
  facet normal 0.000000e+00 -0.000000e+00 -1.000000e+00
    outer loop
      vertex   2.805676e+00 5.000000e+00 -3.331538e+00
      vertex   3.356014e+00 1.500000e+00 -3.331538e+00
      vertex   2.179796e+00 1.500000e+00 -3.331538e+00
    endloop
  endfacet
  facet normal -0.000000e+00 0.000000e+00 -1.000000e+00
    outer loop
      vertex   2.805676e+00 5.000000e+00 -3.331538e+00
      vertex   2.179796e+00 1.500000e+00 -3.331538e+00
      vertex   2.179796e+00 7.476513e+00 -3.331538e+00
    endloop
  endfacet
  facet normal -7.169167e-16 -0.000000e+00 -1.000000e+00
    outer loop
      vertex   2.799240e+00 8.121266e+00 -3.331538e+00
      vertex   2.799240e+00 6.000000e+00 -3.331538e+00
      vertex   2.179796e+00 7.476513e+00 -3.331538e+00
    endloop
  endfacet
  facet normal -1.803115e-15 -4.556943e-16 -1.000000e+00
    outer loop
      vertex   2.179796e+00 7.476513e+00 -3.331538e+00
      vertex   2.799240e+00 6.000000e+00 -3.331538e+00
      vertex   2.805676e+00 5.000000e+00 -3.331538e+00
    endloop
  endfacet
  facet normal 6.899922e-14 0.000000e+00 -1.000000e+00
    outer loop
      vertex   2.799240e+00 6.000000e+00 -3.331538e+00
      vertex   2.805676e+00 6.000000e+00 -3.331538e+00
      vertex   2.805676e+00 5.000000e+00 -3.331538e+00
    endloop
  endfacet
  facet normal 7.044160e-01 8.715574e-02 -7.044160e-01
    outer loop
      vertex   6.053702e+00 5.000000e+00 -2.008036e-01
      vertex   6.053702e+00 1.500000e+00 -6.338504e-01
      vertex   2.922967e+00 5.000000e+00 -3.331538e+00
    endloop
  endfacet
  facet normal 7.044160e-01 8.715574e-02 -7.044160e-01
    outer loop
      vertex   2.922967e+00 5.000000e+00 -3.331538e+00
      vertex   6.053702e+00 1.500000e+00 -6.338504e-01
      vertex   3.356014e+00 1.500000e+00 -3.331538e+00
    endloop
  endfacet
  facet normal 1.000000e+00 0.000000e+00 0.000000e+00
    outer loop
      vertex   6.053702e+00 6.000000e+00 -1.951564e-16
      vertex   6.053702e+00 6.000000e+00 -7.707599e-02
      vertex   6.053702e+00 8.168359e+00 -5.551115e-16
    endloop
  endfacet
  facet normal 1.000000e+00 0.000000e+00 0.000000e+00
    outer loop
      vertex   6.053702e+00 8.168359e+00 -5.551115e-16
      vertex   6.053702e+00 6.000000e+00 -7.707599e-02
      vertex   6.053702e+00 8.168359e+00 -7.707599e-02
    endloop
  endfacet
  facet normal 1.000000e+00 2.114181e-15 5.473607e-15
    outer loop
      vertex   6.053702e+00 5.000000e+00 -2.008036e-01
      vertex   6.053702e+00 5.000000e+00 1.237277e-01
      vertex   6.053702e+00 1.500000e+00 -6.338504e-01
    endloop
  endfacet
  facet normal 1.000000e+00 -5.808860e-11 2.683838e-10
    outer loop
      vertex   6.053702e+00 1.500000e+00 -6.338504e-01
      vertex   6.053702e+00 5.000000e+00 1.237277e-01
      vertex   6.053702e+00 1.500000e+00 5.567744e-01
    endloop
  endfacet
  facet normal -1.674608e-04 1.000000e+00 -1.323183e-04
    outer loop
      vertex   3.706774e+00 1.759189e+01 1.421465e+01
      vertex   3.706774e+00 1.759236e+01 1.776630e+01
      vertex   5.287064e+00 1.759236e+01 1.576630e+01
    endloop
  endfacet
  facet normal -1.699745e-15 1.000000e+00 -3.864654e-14
    outer loop
      vertex   5.287064e+00 1.759236e+01 1.576630e+01
      vertex   3.706774e+00 1.759236e+01 1.776630e+01
      vertex   7.887064e+00 1.759236e+01 1.776630e+01
    endloop
  endfacet
  facet normal -2.869500e-14 1.000000e+00 -3.552714e-15
    outer loop
      vertex   5.287064e+00 1.759236e+01 1.576630e+01
      vertex   7.887064e+00 1.759236e+01 1.776630e+01
      vertex   7.887064e+00 1.759236e+01 1.576630e+01
    endloop
  endfacet
  facet normal 6.035304e-06 1.000000e+00 -3.135777e-04
    outer loop
      vertex   5.287064e+00 1.759189e+01 1.426763e+01
      vertex   4.760067e+00 1.759189e+01 1.425749e+01
      vertex   5.287064e+00 1.759236e+01 1.576630e+01
    endloop
  endfacet
  facet normal 1.056676e-05 1.000000e+00 -3.151605e-04
    outer loop
      vertex   5.287064e+00 1.759236e+01 1.576630e+01
      vertex   4.760067e+00 1.759189e+01 1.425749e+01
      vertex   4.233268e+00 1.759189e+01 1.423983e+01
    endloop
  endfacet
  facet normal 1.522588e-05 9.999999e-01 -3.183769e-04
    outer loop
      vertex   5.287064e+00 1.759236e+01 1.576630e+01
      vertex   4.233268e+00 1.759189e+01 1.423983e+01
      vertex   3.706774e+00 1.759189e+01 1.421465e+01
    endloop
  endfacet
  facet normal 1.135960e-28 -1.000000e+00 -3.552714e-15
    outer loop
      vertex   5.287064e+00 1.739236e+01 1.676630e+01
      vertex   5.287064e+00 1.739236e+01 1.576630e+01
      vertex   6.287064e+00 1.739236e+01 1.676630e+01
    endloop
  endfacet
  facet normal -3.552714e-15 -1.000000e+00 -8.519698e-29
    outer loop
      vertex   6.287064e+00 1.739236e+01 1.676630e+01
      vertex   5.287064e+00 1.739236e+01 1.576630e+01
      vertex   6.287064e+00 1.739236e+01 1.576630e+01
    endloop
  endfacet
  facet normal 1.776357e-14 2.101990e-14 -1.000000e+00
    outer loop
      vertex   6.287064e+00 1.553318e+01 1.576630e+01
      vertex   6.287064e+00 1.739236e+01 1.576630e+01
      vertex   7.887064e+00 1.553318e+01 1.576630e+01
    endloop
  endfacet
  facet normal -6.661338e-15 1.149282e-28 -1.000000e+00
    outer loop
      vertex   7.887064e+00 1.553318e+01 1.576630e+01
      vertex   6.287064e+00 1.739236e+01 1.576630e+01
      vertex   7.887064e+00 1.759236e+01 1.576630e+01
    endloop
  endfacet
  facet normal 1.529177e-27 -5.329071e-14 -1.000000e+00
    outer loop
      vertex   7.887064e+00 1.759236e+01 1.576630e+01
      vertex   6.287064e+00 1.739236e+01 1.576630e+01
      vertex   5.287064e+00 1.759236e+01 1.576630e+01
    endloop
  endfacet
  facet normal 3.552714e-15 -3.552714e-14 -1.000000e+00
    outer loop
      vertex   5.287064e+00 1.759236e+01 1.576630e+01
      vertex   6.287064e+00 1.739236e+01 1.576630e+01
      vertex   5.287064e+00 1.739236e+01 1.576630e+01
    endloop
  endfacet
  facet normal -9.183465e-15 -1.000000e+00 -8.700247e-30
    outer loop
      vertex   4.287064e+00 9.065883e+00 1.766638e+00
      vertex   4.287064e+00 9.065883e+00 9.266705e+00
      vertex   3.706774e+00 9.065883e+00 2.346927e+00
    endloop
  endfacet
  facet normal 6.122310e-15 -1.000000e+00 -1.283536e-15
    outer loop
      vertex   3.706774e+00 9.065883e+00 2.346927e+00
      vertex   4.287064e+00 9.065883e+00 9.266705e+00
      vertex   3.706774e+00 9.065883e+00 9.266705e+00
    endloop
  endfacet
  facet normal -1.000000e+00 1.776357e-15 -9.473818e-16
    outer loop
      vertex   4.287064e+00 9.065883e+00 1.766638e+00
      vertex   4.287064e+00 7.565883e+00 1.766638e+00
      vertex   4.287064e+00 9.065883e+00 9.266705e+00
    endloop
  endfacet
  facet normal -1.000000e+00 5.921189e-16 -7.105363e-16
    outer loop
      vertex   4.287064e+00 9.065883e+00 9.266705e+00
      vertex   4.287064e+00 7.565883e+00 1.766638e+00
      vertex   4.287064e+00 7.565883e+00 9.266705e+00
    endloop
  endfacet
  facet normal 8.881784e-16 -1.000000e+00 -2.320161e-30
    outer loop
      vertex   5.287064e+00 7.565883e+00 7.666376e-01
      vertex   5.287064e+00 7.565883e+00 9.266705e+00
      vertex   4.287064e+00 7.565883e+00 1.766638e+00
    endloop
  endfacet
  facet normal -9.045524e-30 -1.000000e+00 1.184227e-16
    outer loop
      vertex   4.287064e+00 7.565883e+00 1.766638e+00
      vertex   5.287064e+00 7.565883e+00 9.266705e+00
      vertex   4.287064e+00 7.565883e+00 9.266705e+00
    endloop
  endfacet
  facet normal 1.000000e+00 3.278075e-14 -4.440892e-14
    outer loop
      vertex   7.887064e+00 1.553318e+01 1.776630e+01
      vertex   7.887064e+00 1.553318e+01 1.576630e+01
      vertex   7.887064e+00 1.759236e+01 1.776630e+01
    endloop
  endfacet
  facet normal 1.000000e+00 -1.725302e-14 7.105427e-15
    outer loop
      vertex   7.887064e+00 1.759236e+01 1.776630e+01
      vertex   7.887064e+00 1.553318e+01 1.576630e+01
      vertex   7.887064e+00 1.759236e+01 1.576630e+01
    endloop
  endfacet
  facet normal -0.000000e+00 -9.945219e-01 -1.045285e-01
    outer loop
      vertex   5.287064e+00 1.389865e+01 -1.248756e+01
      vertex   3.706774e+00 1.389865e+01 -1.248756e+01
      vertex   5.287064e+00 1.394236e+01 -1.290338e+01
    endloop
  endfacet
  facet normal -0.000000e+00 -9.945219e-01 -1.045285e-01
    outer loop
      vertex   5.287064e+00 1.394236e+01 -1.290338e+01
      vertex   3.706774e+00 1.389865e+01 -1.248756e+01
      vertex   3.706774e+00 1.394236e+01 -1.290338e+01
    endloop
  endfacet
  facet normal 0.000000e+00 -9.945219e-01 1.045285e-01
    outer loop
      vertex   5.287064e+00 1.394236e+01 -1.290338e+01
      vertex   3.706774e+00 1.394236e+01 -1.290338e+01
      vertex   5.287064e+00 1.389865e+01 -1.331920e+01
    endloop
  endfacet
  facet normal 0.000000e+00 -9.945219e-01 1.045285e-01
    outer loop
      vertex   5.287064e+00 1.389865e+01 -1.331920e+01
      vertex   3.706774e+00 1.394236e+01 -1.290338e+01
      vertex   3.706774e+00 1.389865e+01 -1.331920e+01
    endloop
  endfacet
  facet normal 0.000000e+00 -9.510565e-01 3.090170e-01
    outer loop
      vertex   5.287064e+00 1.389865e+01 -1.331920e+01
      vertex   3.706774e+00 1.389865e+01 -1.331920e+01
      vertex   5.287064e+00 1.376945e+01 -1.371685e+01
    endloop
  endfacet
  facet normal -3.473568e-16 -9.510565e-01 3.090170e-01
    outer loop
      vertex   5.287064e+00 1.376945e+01 -1.371685e+01
      vertex   3.706774e+00 1.389865e+01 -1.331920e+01
      vertex   3.706774e+00 1.376945e+01 -1.371685e+01
    endloop
  endfacet
  facet normal -5.620352e-16 -8.660254e-01 5.000000e-01
    outer loop
      vertex   5.287064e+00 1.376945e+01 -1.371685e+01
      vertex   3.706774e+00 1.376945e+01 -1.371685e+01
      vertex   5.287064e+00 1.356039e+01 -1.407895e+01
    endloop
  endfacet
  facet normal 0.000000e+00 -8.660254e-01 5.000000e-01
    outer loop
      vertex   5.287064e+00 1.356039e+01 -1.407895e+01
      vertex   3.706774e+00 1.376945e+01 -1.371685e+01
      vertex   3.706774e+00 1.356039e+01 -1.407895e+01
    endloop
  endfacet
  facet normal 0.000000e+00 -7.431448e-01 6.691306e-01
    outer loop
      vertex   5.287064e+00 1.356039e+01 -1.407895e+01
      vertex   3.706774e+00 1.356039e+01 -1.407895e+01
      vertex   5.287064e+00 1.328062e+01 -1.438967e+01
    endloop
  endfacet
  facet normal 8.353471e-16 -7.431448e-01 6.691306e-01
    outer loop
      vertex   5.287064e+00 1.328062e+01 -1.438967e+01
      vertex   3.706774e+00 1.356039e+01 -1.407895e+01
      vertex   3.706774e+00 1.328062e+01 -1.438967e+01
    endloop
  endfacet
  facet normal 6.607120e-16 -5.877853e-01 8.090170e-01
    outer loop
      vertex   5.287064e+00 1.328062e+01 -1.438967e+01
      vertex   3.706774e+00 1.328062e+01 -1.438967e+01
      vertex   5.287064e+00 1.294236e+01 -1.463543e+01
    endloop
  endfacet
  facet normal 1.321424e-15 -5.877853e-01 8.090170e-01
    outer loop
      vertex   5.287064e+00 1.294236e+01 -1.463543e+01
      vertex   3.706774e+00 1.328062e+01 -1.438967e+01
      vertex   3.706774e+00 1.294236e+01 -1.463543e+01
    endloop
  endfacet
  facet normal 9.144012e-16 -4.067366e-01 9.135455e-01
    outer loop
      vertex   5.287064e+00 1.294236e+01 -1.463543e+01
      vertex   3.706774e+00 1.294236e+01 -1.463543e+01
      vertex   5.287064e+00 1.256039e+01 -1.480549e+01
    endloop
  endfacet
  facet normal 0.000000e+00 -4.067366e-01 9.135455e-01
    outer loop
      vertex   5.287064e+00 1.256039e+01 -1.480549e+01
      vertex   3.706774e+00 1.294236e+01 -1.463543e+01
      vertex   3.706774e+00 1.256039e+01 -1.480549e+01
    endloop
  endfacet
  facet normal 0.000000e+00 -2.079117e-01 9.781476e-01
    outer loop
      vertex   5.287064e+00 1.256039e+01 -1.480549e+01
      vertex   3.706774e+00 1.256039e+01 -1.480549e+01
      vertex   5.287064e+00 1.215142e+01 -1.489242e+01
    endloop
  endfacet
  facet normal 0.000000e+00 -2.079117e-01 9.781476e-01
    outer loop
      vertex   5.287064e+00 1.215142e+01 -1.489242e+01
      vertex   3.706774e+00 1.256039e+01 -1.480549e+01
      vertex   3.706774e+00 1.215142e+01 -1.489242e+01
    endloop
  endfacet
  facet normal 0.000000e+00 0.000000e+00 1.000000e+00
    outer loop
      vertex   5.287064e+00 1.215142e+01 -1.489242e+01
      vertex   3.706774e+00 1.215142e+01 -1.489242e+01
      vertex   5.287064e+00 1.173330e+01 -1.489242e+01
    endloop
  endfacet
  facet normal 0.000000e+00 0.000000e+00 1.000000e+00
    outer loop
      vertex   5.287064e+00 1.173330e+01 -1.489242e+01
      vertex   3.706774e+00 1.215142e+01 -1.489242e+01
      vertex   3.706774e+00 1.173330e+01 -1.489242e+01
    endloop
  endfacet
  facet normal -2.337074e-16 2.079117e-01 9.781476e-01
    outer loop
      vertex   5.287064e+00 1.173330e+01 -1.489242e+01
      vertex   3.706774e+00 1.173330e+01 -1.489242e+01
      vertex   5.287064e+00 1.132433e+01 -1.480549e+01
    endloop
  endfacet
  facet normal 0.000000e+00 2.079117e-01 9.781476e-01
    outer loop
      vertex   5.287064e+00 1.132433e+01 -1.480549e+01
      vertex   3.706774e+00 1.173330e+01 -1.489242e+01
      vertex   3.706774e+00 1.132433e+01 -1.480549e+01
    endloop
  endfacet
  facet normal 0.000000e+00 4.067366e-01 9.135455e-01
    outer loop
      vertex   5.287064e+00 1.132433e+01 -1.480549e+01
      vertex   3.706774e+00 1.132433e+01 -1.480549e+01
      vertex   5.287064e+00 1.094236e+01 -1.463543e+01
    endloop
  endfacet
  facet normal -9.144012e-16 4.067366e-01 9.135455e-01
    outer loop
      vertex   5.287064e+00 1.094236e+01 -1.463543e+01
      vertex   3.706774e+00 1.132433e+01 -1.480549e+01
      vertex   3.706774e+00 1.094236e+01 -1.463543e+01
    endloop
  endfacet
  facet normal -1.321424e-15 5.877853e-01 8.090170e-01
    outer loop
      vertex   5.287064e+00 1.094236e+01 -1.463543e+01
      vertex   3.706774e+00 1.094236e+01 -1.463543e+01
      vertex   5.287064e+00 1.060410e+01 -1.438967e+01
    endloop
  endfacet
  facet normal -6.607120e-16 5.877853e-01 8.090170e-01
    outer loop
      vertex   5.287064e+00 1.060410e+01 -1.438967e+01
      vertex   3.706774e+00 1.094236e+01 -1.463543e+01
      vertex   3.706774e+00 1.060410e+01 -1.438967e+01
    endloop
  endfacet
  facet normal -8.353471e-16 7.431448e-01 6.691306e-01
    outer loop
      vertex   5.287064e+00 1.060410e+01 -1.438967e+01
      vertex   3.706774e+00 1.060410e+01 -1.438967e+01
      vertex   5.287064e+00 1.032433e+01 -1.407895e+01
    endloop
  endfacet
  facet normal 0.000000e+00 7.431448e-01 6.691306e-01
    outer loop
      vertex   5.287064e+00 1.032433e+01 -1.407895e+01
      vertex   3.706774e+00 1.060410e+01 -1.438967e+01
      vertex   3.706774e+00 1.032433e+01 -1.407895e+01
    endloop
  endfacet
  facet normal 0.000000e+00 8.660254e-01 5.000000e-01
    outer loop
      vertex   5.287064e+00 1.032433e+01 -1.407895e+01
      vertex   3.706774e+00 1.032433e+01 -1.407895e+01
      vertex   5.287064e+00 1.011527e+01 -1.371685e+01
    endloop
  endfacet
  facet normal 0.000000e+00 8.660254e-01 5.000000e-01
    outer loop
      vertex   5.287064e+00 1.011527e+01 -1.371685e+01
      vertex   3.706774e+00 1.032433e+01 -1.407895e+01
      vertex   3.706774e+00 1.011527e+01 -1.371685e+01
    endloop
  endfacet
  facet normal 0.000000e+00 9.510565e-01 3.090170e-01
    outer loop
      vertex   5.287064e+00 1.011527e+01 -1.371685e+01
      vertex   3.706774e+00 1.011527e+01 -1.371685e+01
      vertex   5.287064e+00 9.986064e+00 -1.331920e+01
    endloop
  endfacet
  facet normal 0.000000e+00 9.510565e-01 3.090170e-01
    outer loop
      vertex   5.287064e+00 9.986064e+00 -1.331920e+01
      vertex   3.706774e+00 1.011527e+01 -1.371685e+01
      vertex   3.706774e+00 9.986064e+00 -1.331920e+01
    endloop
  endfacet
  facet normal 0.000000e+00 9.945219e-01 1.045285e-01
    outer loop
      vertex   5.287064e+00 9.986064e+00 -1.331920e+01
      vertex   3.706774e+00 9.986064e+00 -1.331920e+01
      vertex   5.287064e+00 9.942359e+00 -1.290338e+01
    endloop
  endfacet
  facet normal 0.000000e+00 9.945219e-01 1.045285e-01
    outer loop
      vertex   5.287064e+00 9.942359e+00 -1.290338e+01
      vertex   3.706774e+00 9.986064e+00 -1.331920e+01
      vertex   3.706774e+00 9.942359e+00 -1.290338e+01
    endloop
  endfacet
  facet normal 0.000000e+00 9.945219e-01 -1.045285e-01
    outer loop
      vertex   5.287064e+00 9.942359e+00 -1.290338e+01
      vertex   3.706774e+00 9.942359e+00 -1.290338e+01
      vertex   5.287064e+00 9.986064e+00 -1.248756e+01
    endloop
  endfacet
  facet normal 0.000000e+00 9.945219e-01 -1.045285e-01
    outer loop
      vertex   5.287064e+00 9.986064e+00 -1.248756e+01
      vertex   3.706774e+00 9.942359e+00 -1.290338e+01
      vertex   3.706774e+00 9.986064e+00 -1.248756e+01
    endloop
  endfacet
  facet normal 0.000000e+00 9.510565e-01 -3.090170e-01
    outer loop
      vertex   5.287064e+00 9.986064e+00 -1.248756e+01
      vertex   3.706774e+00 9.986064e+00 -1.248756e+01
      vertex   5.287064e+00 1.011527e+01 -1.208991e+01
    endloop
  endfacet
  facet normal 0.000000e+00 9.510565e-01 -3.090170e-01
    outer loop
      vertex   5.287064e+00 1.011527e+01 -1.208991e+01
      vertex   3.706774e+00 9.986064e+00 -1.248756e+01
      vertex   3.706774e+00 1.011527e+01 -1.208991e+01
    endloop
  endfacet
  facet normal 0.000000e+00 8.660254e-01 -5.000000e-01
    outer loop
      vertex   5.287064e+00 1.011527e+01 -1.208991e+01
      vertex   3.706774e+00 1.011527e+01 -1.208991e+01
      vertex   5.287064e+00 1.032433e+01 -1.172781e+01
    endloop
  endfacet
  facet normal 0.000000e+00 8.660254e-01 -5.000000e-01
    outer loop
      vertex   5.287064e+00 1.032433e+01 -1.172781e+01
      vertex   3.706774e+00 1.011527e+01 -1.208991e+01
      vertex   3.706774e+00 1.032433e+01 -1.172781e+01
    endloop
  endfacet
  facet normal 0.000000e+00 7.431448e-01 -6.691306e-01
    outer loop
      vertex   5.287064e+00 1.032433e+01 -1.172781e+01
      vertex   3.706774e+00 1.032433e+01 -1.172781e+01
      vertex   5.287064e+00 1.060410e+01 -1.141709e+01
    endloop
  endfacet
  facet normal 8.353471e-16 7.431448e-01 -6.691306e-01
    outer loop
      vertex   5.287064e+00 1.060410e+01 -1.141709e+01
      vertex   3.706774e+00 1.032433e+01 -1.172781e+01
      vertex   3.706774e+00 1.060410e+01 -1.141709e+01
    endloop
  endfacet
  facet normal 6.607120e-16 5.877853e-01 -8.090170e-01
    outer loop
      vertex   5.287064e+00 1.060410e+01 -1.141709e+01
      vertex   3.706774e+00 1.060410e+01 -1.141709e+01
      vertex   5.287064e+00 1.094236e+01 -1.117133e+01
    endloop
  endfacet
  facet normal 1.321424e-15 5.877853e-01 -8.090170e-01
    outer loop
      vertex   5.287064e+00 1.094236e+01 -1.117133e+01
      vertex   3.706774e+00 1.060410e+01 -1.141709e+01
      vertex   3.706774e+00 1.094236e+01 -1.117133e+01
    endloop
  endfacet
  facet normal 9.144012e-16 4.067366e-01 -9.135455e-01
    outer loop
      vertex   5.287064e+00 1.094236e+01 -1.117133e+01
      vertex   3.706774e+00 1.094236e+01 -1.117133e+01
      vertex   5.287064e+00 1.132433e+01 -1.100127e+01
    endloop
  endfacet
  facet normal 0.000000e+00 4.067366e-01 -9.135455e-01
    outer loop
      vertex   5.287064e+00 1.132433e+01 -1.100127e+01
      vertex   3.706774e+00 1.094236e+01 -1.117133e+01
      vertex   3.706774e+00 1.132433e+01 -1.100127e+01
    endloop
  endfacet
  facet normal 0.000000e+00 2.079117e-01 -9.781476e-01
    outer loop
      vertex   5.287064e+00 1.132433e+01 -1.100127e+01
      vertex   3.706774e+00 1.132433e+01 -1.100127e+01
      vertex   5.287064e+00 1.173330e+01 -1.091433e+01
    endloop
  endfacet
  facet normal 2.337074e-16 2.079117e-01 -9.781476e-01
    outer loop
      vertex   5.287064e+00 1.173330e+01 -1.091433e+01
      vertex   3.706774e+00 1.132433e+01 -1.100127e+01
      vertex   3.706774e+00 1.173330e+01 -1.091433e+01
    endloop
  endfacet
  facet normal 0.000000e+00 0.000000e+00 -1.000000e+00
    outer loop
      vertex   5.287064e+00 1.173330e+01 -1.091433e+01
      vertex   3.706774e+00 1.173330e+01 -1.091433e+01
      vertex   5.287064e+00 1.215142e+01 -1.091433e+01
    endloop
  endfacet
  facet normal -0.000000e+00 0.000000e+00 -1.000000e+00
    outer loop
      vertex   5.287064e+00 1.215142e+01 -1.091433e+01
      vertex   3.706774e+00 1.173330e+01 -1.091433e+01
      vertex   3.706774e+00 1.215142e+01 -1.091433e+01
    endloop
  endfacet
  facet normal -0.000000e+00 -2.079117e-01 -9.781476e-01
    outer loop
      vertex   5.287064e+00 1.215142e+01 -1.091433e+01
      vertex   3.706774e+00 1.215142e+01 -1.091433e+01
      vertex   5.287064e+00 1.256039e+01 -1.100127e+01
    endloop
  endfacet
  facet normal -0.000000e+00 -2.079117e-01 -9.781476e-01
    outer loop
      vertex   5.287064e+00 1.256039e+01 -1.100127e+01
      vertex   3.706774e+00 1.215142e+01 -1.091433e+01
      vertex   3.706774e+00 1.256039e+01 -1.100127e+01
    endloop
  endfacet
  facet normal -0.000000e+00 -4.067366e-01 -9.135455e-01
    outer loop
      vertex   5.287064e+00 1.256039e+01 -1.100127e+01
      vertex   3.706774e+00 1.256039e+01 -1.100127e+01
      vertex   5.287064e+00 1.294236e+01 -1.117133e+01
    endloop
  endfacet
  facet normal -9.144012e-16 -4.067366e-01 -9.135455e-01
    outer loop
      vertex   5.287064e+00 1.294236e+01 -1.117133e+01
      vertex   3.706774e+00 1.256039e+01 -1.100127e+01
      vertex   3.706774e+00 1.294236e+01 -1.117133e+01
    endloop
  endfacet
  facet normal -1.321424e-15 -5.877853e-01 -8.090170e-01
    outer loop
      vertex   5.287064e+00 1.294236e+01 -1.117133e+01
      vertex   3.706774e+00 1.294236e+01 -1.117133e+01
      vertex   5.287064e+00 1.328062e+01 -1.141709e+01
    endloop
  endfacet
  facet normal -6.607120e-16 -5.877853e-01 -8.090170e-01
    outer loop
      vertex   5.287064e+00 1.328062e+01 -1.141709e+01
      vertex   3.706774e+00 1.294236e+01 -1.117133e+01
      vertex   3.706774e+00 1.328062e+01 -1.141709e+01
    endloop
  endfacet
  facet normal -8.353471e-16 -7.431448e-01 -6.691306e-01
    outer loop
      vertex   5.287064e+00 1.328062e+01 -1.141709e+01
      vertex   3.706774e+00 1.328062e+01 -1.141709e+01
      vertex   5.287064e+00 1.356039e+01 -1.172781e+01
    endloop
  endfacet
  facet normal -0.000000e+00 -7.431448e-01 -6.691306e-01
    outer loop
      vertex   5.287064e+00 1.356039e+01 -1.172781e+01
      vertex   3.706774e+00 1.328062e+01 -1.141709e+01
      vertex   3.706774e+00 1.356039e+01 -1.172781e+01
    endloop
  endfacet
  facet normal -0.000000e+00 -8.660254e-01 -5.000000e-01
    outer loop
      vertex   5.287064e+00 1.356039e+01 -1.172781e+01
      vertex   3.706774e+00 1.356039e+01 -1.172781e+01
      vertex   5.287064e+00 1.376945e+01 -1.208991e+01
    endloop
  endfacet
  facet normal 5.620352e-16 -8.660254e-01 -5.000000e-01
    outer loop
      vertex   5.287064e+00 1.376945e+01 -1.208991e+01
      vertex   3.706774e+00 1.356039e+01 -1.172781e+01
      vertex   3.706774e+00 1.376945e+01 -1.208991e+01
    endloop
  endfacet
  facet normal 3.473568e-16 -9.510565e-01 -3.090170e-01
    outer loop
      vertex   5.287064e+00 1.376945e+01 -1.208991e+01
      vertex   3.706774e+00 1.376945e+01 -1.208991e+01
      vertex   5.287064e+00 1.389865e+01 -1.248756e+01
    endloop
  endfacet
  facet normal -0.000000e+00 -9.510565e-01 -3.090170e-01
    outer loop
      vertex   5.287064e+00 1.389865e+01 -1.248756e+01
      vertex   3.706774e+00 1.376945e+01 -1.208991e+01
      vertex   3.706774e+00 1.389865e+01 -1.248756e+01
    endloop
  endfacet
  facet normal -0.000000e+00 -9.945219e-01 -1.045285e-01
    outer loop
      vertex   5.287064e+00 1.389865e+01 1.251244e+01
      vertex   3.706774e+00 1.389865e+01 1.251244e+01
      vertex   5.287064e+00 1.394236e+01 1.209662e+01
    endloop
  endfacet
  facet normal -0.000000e+00 -9.945219e-01 -1.045285e-01
    outer loop
      vertex   5.287064e+00 1.394236e+01 1.209662e+01
      vertex   3.706774e+00 1.389865e+01 1.251244e+01
      vertex   3.706774e+00 1.394236e+01 1.209662e+01
    endloop
  endfacet
  facet normal 0.000000e+00 -9.945219e-01 1.045285e-01
    outer loop
      vertex   5.287064e+00 1.394236e+01 1.209662e+01
      vertex   3.706774e+00 1.394236e+01 1.209662e+01
      vertex   5.287064e+00 1.389865e+01 1.168080e+01
    endloop
  endfacet
  facet normal 0.000000e+00 -9.945219e-01 1.045285e-01
    outer loop
      vertex   5.287064e+00 1.389865e+01 1.168080e+01
      vertex   3.706774e+00 1.394236e+01 1.209662e+01
      vertex   3.706774e+00 1.389865e+01 1.168080e+01
    endloop
  endfacet
  facet normal 0.000000e+00 -9.510565e-01 3.090170e-01
    outer loop
      vertex   5.287064e+00 1.389865e+01 1.168080e+01
      vertex   3.706774e+00 1.389865e+01 1.168080e+01
      vertex   5.287064e+00 1.376945e+01 1.128315e+01
    endloop
  endfacet
  facet normal -3.473568e-16 -9.510565e-01 3.090170e-01
    outer loop
      vertex   5.287064e+00 1.376945e+01 1.128315e+01
      vertex   3.706774e+00 1.389865e+01 1.168080e+01
      vertex   3.706774e+00 1.376945e+01 1.128315e+01
    endloop
  endfacet
  facet normal -5.620352e-16 -8.660254e-01 5.000000e-01
    outer loop
      vertex   5.287064e+00 1.376945e+01 1.128315e+01
      vertex   3.706774e+00 1.376945e+01 1.128315e+01
      vertex   5.287064e+00 1.356039e+01 1.092105e+01
    endloop
  endfacet
  facet normal 0.000000e+00 -8.660254e-01 5.000000e-01
    outer loop
      vertex   5.287064e+00 1.356039e+01 1.092105e+01
      vertex   3.706774e+00 1.376945e+01 1.128315e+01
      vertex   3.706774e+00 1.356039e+01 1.092105e+01
    endloop
  endfacet
  facet normal 0.000000e+00 -7.431448e-01 6.691306e-01
    outer loop
      vertex   5.287064e+00 1.356039e+01 1.092105e+01
      vertex   3.706774e+00 1.356039e+01 1.092105e+01
      vertex   5.287064e+00 1.328062e+01 1.061033e+01
    endloop
  endfacet
  facet normal 8.353471e-16 -7.431448e-01 6.691306e-01
    outer loop
      vertex   5.287064e+00 1.328062e+01 1.061033e+01
      vertex   3.706774e+00 1.356039e+01 1.092105e+01
      vertex   3.706774e+00 1.328062e+01 1.061033e+01
    endloop
  endfacet
  facet normal 6.607120e-16 -5.877853e-01 8.090170e-01
    outer loop
      vertex   5.287064e+00 1.328062e+01 1.061033e+01
      vertex   3.706774e+00 1.328062e+01 1.061033e+01
      vertex   5.287064e+00 1.294236e+01 1.036457e+01
    endloop
  endfacet
  facet normal 1.321424e-15 -5.877853e-01 8.090170e-01
    outer loop
      vertex   5.287064e+00 1.294236e+01 1.036457e+01
      vertex   3.706774e+00 1.328062e+01 1.061033e+01
      vertex   3.706774e+00 1.294236e+01 1.036457e+01
    endloop
  endfacet
  facet normal 9.144012e-16 -4.067366e-01 9.135455e-01
    outer loop
      vertex   5.287064e+00 1.294236e+01 1.036457e+01
      vertex   3.706774e+00 1.294236e+01 1.036457e+01
      vertex   5.287064e+00 1.256039e+01 1.019451e+01
    endloop
  endfacet
  facet normal 0.000000e+00 -4.067366e-01 9.135455e-01
    outer loop
      vertex   5.287064e+00 1.256039e+01 1.019451e+01
      vertex   3.706774e+00 1.294236e+01 1.036457e+01
      vertex   3.706774e+00 1.256039e+01 1.019451e+01
    endloop
  endfacet
  facet normal 0.000000e+00 -2.079117e-01 9.781476e-01
    outer loop
      vertex   5.287064e+00 1.256039e+01 1.019451e+01
      vertex   3.706774e+00 1.256039e+01 1.019451e+01
      vertex   5.287064e+00 1.215142e+01 1.010758e+01
    endloop
  endfacet
  facet normal 0.000000e+00 -2.079117e-01 9.781476e-01
    outer loop
      vertex   5.287064e+00 1.215142e+01 1.010758e+01
      vertex   3.706774e+00 1.256039e+01 1.019451e+01
      vertex   3.706774e+00 1.215142e+01 1.010758e+01
    endloop
  endfacet
  facet normal 0.000000e+00 0.000000e+00 1.000000e+00
    outer loop
      vertex   5.287064e+00 1.215142e+01 1.010758e+01
      vertex   3.706774e+00 1.215142e+01 1.010758e+01
      vertex   5.287064e+00 1.173330e+01 1.010758e+01
    endloop
  endfacet
  facet normal 0.000000e+00 0.000000e+00 1.000000e+00
    outer loop
      vertex   5.287064e+00 1.173330e+01 1.010758e+01
      vertex   3.706774e+00 1.215142e+01 1.010758e+01
      vertex   3.706774e+00 1.173330e+01 1.010758e+01
    endloop
  endfacet
  facet normal -2.337074e-16 2.079117e-01 9.781476e-01
    outer loop
      vertex   5.287064e+00 1.173330e+01 1.010758e+01
      vertex   3.706774e+00 1.173330e+01 1.010758e+01
      vertex   5.287064e+00 1.132433e+01 1.019451e+01
    endloop
  endfacet
  facet normal 0.000000e+00 2.079117e-01 9.781476e-01
    outer loop
      vertex   5.287064e+00 1.132433e+01 1.019451e+01
      vertex   3.706774e+00 1.173330e+01 1.010758e+01
      vertex   3.706774e+00 1.132433e+01 1.019451e+01
    endloop
  endfacet
  facet normal 0.000000e+00 4.067366e-01 9.135455e-01
    outer loop
      vertex   5.287064e+00 1.132433e+01 1.019451e+01
      vertex   3.706774e+00 1.132433e+01 1.019451e+01
      vertex   5.287064e+00 1.094236e+01 1.036457e+01
    endloop
  endfacet
  facet normal -9.144012e-16 4.067366e-01 9.135455e-01
    outer loop
      vertex   5.287064e+00 1.094236e+01 1.036457e+01
      vertex   3.706774e+00 1.132433e+01 1.019451e+01
      vertex   3.706774e+00 1.094236e+01 1.036457e+01
    endloop
  endfacet
  facet normal -1.321424e-15 5.877853e-01 8.090170e-01
    outer loop
      vertex   5.287064e+00 1.094236e+01 1.036457e+01
      vertex   3.706774e+00 1.094236e+01 1.036457e+01
      vertex   5.287064e+00 1.060410e+01 1.061033e+01
    endloop
  endfacet
  facet normal -6.607120e-16 5.877853e-01 8.090170e-01
    outer loop
      vertex   5.287064e+00 1.060410e+01 1.061033e+01
      vertex   3.706774e+00 1.094236e+01 1.036457e+01
      vertex   3.706774e+00 1.060410e+01 1.061033e+01
    endloop
  endfacet
  facet normal -8.353471e-16 7.431448e-01 6.691306e-01
    outer loop
      vertex   5.287064e+00 1.060410e+01 1.061033e+01
      vertex   3.706774e+00 1.060410e+01 1.061033e+01
      vertex   5.287064e+00 1.032433e+01 1.092105e+01
    endloop
  endfacet
  facet normal 0.000000e+00 7.431448e-01 6.691306e-01
    outer loop
      vertex   5.287064e+00 1.032433e+01 1.092105e+01
      vertex   3.706774e+00 1.060410e+01 1.061033e+01
      vertex   3.706774e+00 1.032433e+01 1.092105e+01
    endloop
  endfacet
  facet normal 0.000000e+00 8.660254e-01 5.000000e-01
    outer loop
      vertex   5.287064e+00 1.032433e+01 1.092105e+01
      vertex   3.706774e+00 1.032433e+01 1.092105e+01
      vertex   5.287064e+00 1.011527e+01 1.128315e+01
    endloop
  endfacet
  facet normal 0.000000e+00 8.660254e-01 5.000000e-01
    outer loop
      vertex   5.287064e+00 1.011527e+01 1.128315e+01
      vertex   3.706774e+00 1.032433e+01 1.092105e+01
      vertex   3.706774e+00 1.011527e+01 1.128315e+01
    endloop
  endfacet
  facet normal 0.000000e+00 9.510565e-01 3.090170e-01
    outer loop
      vertex   5.287064e+00 1.011527e+01 1.128315e+01
      vertex   3.706774e+00 1.011527e+01 1.128315e+01
      vertex   5.287064e+00 9.986064e+00 1.168080e+01
    endloop
  endfacet
  facet normal 0.000000e+00 9.510565e-01 3.090170e-01
    outer loop
      vertex   5.287064e+00 9.986064e+00 1.168080e+01
      vertex   3.706774e+00 1.011527e+01 1.128315e+01
      vertex   3.706774e+00 9.986064e+00 1.168080e+01
    endloop
  endfacet
  facet normal 0.000000e+00 9.945219e-01 1.045285e-01
    outer loop
      vertex   5.287064e+00 9.986064e+00 1.168080e+01
      vertex   3.706774e+00 9.986064e+00 1.168080e+01
      vertex   5.287064e+00 9.942359e+00 1.209662e+01
    endloop
  endfacet
  facet normal 0.000000e+00 9.945219e-01 1.045285e-01
    outer loop
      vertex   5.287064e+00 9.942359e+00 1.209662e+01
      vertex   3.706774e+00 9.986064e+00 1.168080e+01
      vertex   3.706774e+00 9.942359e+00 1.209662e+01
    endloop
  endfacet
  facet normal 0.000000e+00 9.945219e-01 -1.045285e-01
    outer loop
      vertex   5.287064e+00 9.942359e+00 1.209662e+01
      vertex   3.706774e+00 9.942359e+00 1.209662e+01
      vertex   5.287064e+00 9.986064e+00 1.251244e+01
    endloop
  endfacet
  facet normal 0.000000e+00 9.945219e-01 -1.045285e-01
    outer loop
      vertex   5.287064e+00 9.986064e+00 1.251244e+01
      vertex   3.706774e+00 9.942359e+00 1.209662e+01
      vertex   3.706774e+00 9.986064e+00 1.251244e+01
    endloop
  endfacet
  facet normal 0.000000e+00 9.510565e-01 -3.090170e-01
    outer loop
      vertex   5.287064e+00 9.986064e+00 1.251244e+01
      vertex   3.706774e+00 9.986064e+00 1.251244e+01
      vertex   5.287064e+00 1.011527e+01 1.291009e+01
    endloop
  endfacet
  facet normal 0.000000e+00 9.510565e-01 -3.090170e-01
    outer loop
      vertex   5.287064e+00 1.011527e+01 1.291009e+01
      vertex   3.706774e+00 9.986064e+00 1.251244e+01
      vertex   3.706774e+00 1.011527e+01 1.291009e+01
    endloop
  endfacet
  facet normal 0.000000e+00 8.660254e-01 -5.000000e-01
    outer loop
      vertex   5.287064e+00 1.011527e+01 1.291009e+01
      vertex   3.706774e+00 1.011527e+01 1.291009e+01
      vertex   5.287064e+00 1.032433e+01 1.327219e+01
    endloop
  endfacet
  facet normal 0.000000e+00 8.660254e-01 -5.000000e-01
    outer loop
      vertex   5.287064e+00 1.032433e+01 1.327219e+01
      vertex   3.706774e+00 1.011527e+01 1.291009e+01
      vertex   3.706774e+00 1.032433e+01 1.327219e+01
    endloop
  endfacet
  facet normal 0.000000e+00 7.431448e-01 -6.691306e-01
    outer loop
      vertex   5.287064e+00 1.032433e+01 1.327219e+01
      vertex   3.706774e+00 1.032433e+01 1.327219e+01
      vertex   5.287064e+00 1.060410e+01 1.358291e+01
    endloop
  endfacet
  facet normal 8.353471e-16 7.431448e-01 -6.691306e-01
    outer loop
      vertex   5.287064e+00 1.060410e+01 1.358291e+01
      vertex   3.706774e+00 1.032433e+01 1.327219e+01
      vertex   3.706774e+00 1.060410e+01 1.358291e+01
    endloop
  endfacet
  facet normal 6.607120e-16 5.877853e-01 -8.090170e-01
    outer loop
      vertex   5.287064e+00 1.060410e+01 1.358291e+01
      vertex   3.706774e+00 1.060410e+01 1.358291e+01
      vertex   5.287064e+00 1.094236e+01 1.382867e+01
    endloop
  endfacet
  facet normal 1.321424e-15 5.877853e-01 -8.090170e-01
    outer loop
      vertex   5.287064e+00 1.094236e+01 1.382867e+01
      vertex   3.706774e+00 1.060410e+01 1.358291e+01
      vertex   3.706774e+00 1.094236e+01 1.382867e+01
    endloop
  endfacet
  facet normal 9.144012e-16 4.067366e-01 -9.135455e-01
    outer loop
      vertex   5.287064e+00 1.094236e+01 1.382867e+01
      vertex   3.706774e+00 1.094236e+01 1.382867e+01
      vertex   5.287064e+00 1.132433e+01 1.399873e+01
    endloop
  endfacet
  facet normal 0.000000e+00 4.067366e-01 -9.135455e-01
    outer loop
      vertex   5.287064e+00 1.132433e+01 1.399873e+01
      vertex   3.706774e+00 1.094236e+01 1.382867e+01
      vertex   3.706774e+00 1.132433e+01 1.399873e+01
    endloop
  endfacet
  facet normal 0.000000e+00 2.079117e-01 -9.781476e-01
    outer loop
      vertex   5.287064e+00 1.132433e+01 1.399873e+01
      vertex   3.706774e+00 1.132433e+01 1.399873e+01
      vertex   5.287064e+00 1.173330e+01 1.408567e+01
    endloop
  endfacet
  facet normal 2.337074e-16 2.079117e-01 -9.781476e-01
    outer loop
      vertex   5.287064e+00 1.173330e+01 1.408567e+01
      vertex   3.706774e+00 1.132433e+01 1.399873e+01
      vertex   3.706774e+00 1.173330e+01 1.408567e+01
    endloop
  endfacet
  facet normal 0.000000e+00 0.000000e+00 -1.000000e+00
    outer loop
      vertex   5.287064e+00 1.173330e+01 1.408567e+01
      vertex   3.706774e+00 1.173330e+01 1.408567e+01
      vertex   5.287064e+00 1.215142e+01 1.408567e+01
    endloop
  endfacet
  facet normal -0.000000e+00 0.000000e+00 -1.000000e+00
    outer loop
      vertex   5.287064e+00 1.215142e+01 1.408567e+01
      vertex   3.706774e+00 1.173330e+01 1.408567e+01
      vertex   3.706774e+00 1.215142e+01 1.408567e+01
    endloop
  endfacet
  facet normal -0.000000e+00 -2.079117e-01 -9.781476e-01
    outer loop
      vertex   5.287064e+00 1.215142e+01 1.408567e+01
      vertex   3.706774e+00 1.215142e+01 1.408567e+01
      vertex   5.287064e+00 1.256039e+01 1.399873e+01
    endloop
  endfacet
  facet normal -0.000000e+00 -2.079117e-01 -9.781476e-01
    outer loop
      vertex   5.287064e+00 1.256039e+01 1.399873e+01
      vertex   3.706774e+00 1.215142e+01 1.408567e+01
      vertex   3.706774e+00 1.256039e+01 1.399873e+01
    endloop
  endfacet
  facet normal -0.000000e+00 -4.067366e-01 -9.135455e-01
    outer loop
      vertex   5.287064e+00 1.256039e+01 1.399873e+01
      vertex   3.706774e+00 1.256039e+01 1.399873e+01
      vertex   5.287064e+00 1.294236e+01 1.382867e+01
    endloop
  endfacet
  facet normal -9.144012e-16 -4.067366e-01 -9.135455e-01
    outer loop
      vertex   5.287064e+00 1.294236e+01 1.382867e+01
      vertex   3.706774e+00 1.256039e+01 1.399873e+01
      vertex   3.706774e+00 1.294236e+01 1.382867e+01
    endloop
  endfacet
  facet normal -1.321424e-15 -5.877853e-01 -8.090170e-01
    outer loop
      vertex   5.287064e+00 1.294236e+01 1.382867e+01
      vertex   3.706774e+00 1.294236e+01 1.382867e+01
      vertex   5.287064e+00 1.328062e+01 1.358291e+01
    endloop
  endfacet
  facet normal -6.607120e-16 -5.877853e-01 -8.090170e-01
    outer loop
      vertex   5.287064e+00 1.328062e+01 1.358291e+01
      vertex   3.706774e+00 1.294236e+01 1.382867e+01
      vertex   3.706774e+00 1.328062e+01 1.358291e+01
    endloop
  endfacet
  facet normal -8.353471e-16 -7.431448e-01 -6.691306e-01
    outer loop
      vertex   5.287064e+00 1.328062e+01 1.358291e+01
      vertex   3.706774e+00 1.328062e+01 1.358291e+01
      vertex   5.287064e+00 1.356039e+01 1.327219e+01
    endloop
  endfacet
  facet normal -0.000000e+00 -7.431448e-01 -6.691306e-01
    outer loop
      vertex   5.287064e+00 1.356039e+01 1.327219e+01
      vertex   3.706774e+00 1.328062e+01 1.358291e+01
      vertex   3.706774e+00 1.356039e+01 1.327219e+01
    endloop
  endfacet
  facet normal -0.000000e+00 -8.660254e-01 -5.000000e-01
    outer loop
      vertex   5.287064e+00 1.356039e+01 1.327219e+01
      vertex   3.706774e+00 1.356039e+01 1.327219e+01
      vertex   5.287064e+00 1.376945e+01 1.291009e+01
    endloop
  endfacet
  facet normal 5.620352e-16 -8.660254e-01 -5.000000e-01
    outer loop
      vertex   5.287064e+00 1.376945e+01 1.291009e+01
      vertex   3.706774e+00 1.356039e+01 1.327219e+01
      vertex   3.706774e+00 1.376945e+01 1.291009e+01
    endloop
  endfacet
  facet normal 3.473568e-16 -9.510565e-01 -3.090170e-01
    outer loop
      vertex   5.287064e+00 1.376945e+01 1.291009e+01
      vertex   3.706774e+00 1.376945e+01 1.291009e+01
      vertex   5.287064e+00 1.389865e+01 1.251244e+01
    endloop
  endfacet
  facet normal -0.000000e+00 -9.510565e-01 -3.090170e-01
    outer loop
      vertex   5.287064e+00 1.389865e+01 1.251244e+01
      vertex   3.706774e+00 1.376945e+01 1.291009e+01
      vertex   3.706774e+00 1.389865e+01 1.251244e+01
    endloop
  endfacet
  facet normal 4.263256e-14 2.131628e-14 1.000000e+00
    outer loop
      vertex   5.287064e+00 7.565883e+00 -8.033703e+00
      vertex   4.287064e+00 7.565883e+00 -8.033703e+00
      vertex   5.287064e+00 6.565883e+00 -8.033703e+00
    endloop
  endfacet
  facet normal -4.496281e-15 -2.581256e-14 1.000000e+00
    outer loop
      vertex   5.287064e+00 6.565883e+00 -8.033703e+00
      vertex   4.287064e+00 7.565883e+00 -8.033703e+00
      vertex   3.706774e+00 6.565883e+00 -8.033703e+00
    endloop
  endfacet
  facet normal -4.897848e-14 0.000000e+00 1.000000e+00
    outer loop
      vertex   3.706774e+00 6.565883e+00 -8.033703e+00
      vertex   4.287064e+00 7.565883e+00 -8.033703e+00
      vertex   3.706774e+00 9.065883e+00 -8.033703e+00
    endloop
  endfacet
  facet normal -7.346772e-14 -9.473903e-15 1.000000e+00
    outer loop
      vertex   3.706774e+00 9.065883e+00 -8.033703e+00
      vertex   4.287064e+00 7.565883e+00 -8.033703e+00
      vertex   4.287064e+00 9.065883e+00 -8.033703e+00
    endloop
  endfacet
  facet normal 8.609175e-16 -1.000000e+00 -8.609175e-16
    outer loop
      vertex   4.287064e+00 9.065883e+00 -1.843714e+00
      vertex   3.706774e+00 9.065883e+00 -2.424003e+00
      vertex   4.287064e+00 9.065883e+00 -8.033703e+00
    endloop
  endfacet
  facet normal 6.979244e-29 -1.000000e+00 -9.499743e-16
    outer loop
      vertex   4.287064e+00 9.065883e+00 -8.033703e+00
      vertex   3.706774e+00 9.065883e+00 -2.424003e+00
      vertex   3.706774e+00 9.065883e+00 -8.033703e+00
    endloop
  endfacet
  facet normal 7.652887e-14 1.184238e-15 -1.000000e+00
    outer loop
      vertex   4.287064e+00 9.065883e+00 9.266705e+00
      vertex   4.287064e+00 7.565883e+00 9.266705e+00
      vertex   3.706774e+00 9.065883e+00 9.266705e+00
    endloop
  endfacet
  facet normal 7.530441e-14 7.105427e-16 -1.000000e+00
    outer loop
      vertex   3.706774e+00 9.065883e+00 9.266705e+00
      vertex   4.287064e+00 7.565883e+00 9.266705e+00
      vertex   3.706774e+00 6.565883e+00 9.266705e+00
    endloop
  endfacet
  facet normal 7.643678e-14 5.343907e-17 -1.000000e+00
    outer loop
      vertex   3.706774e+00 6.565883e+00 9.266705e+00
      vertex   4.287064e+00 7.565883e+00 9.266705e+00
      vertex   5.287064e+00 6.565883e+00 9.266705e+00
    endloop
  endfacet
  facet normal 7.638334e-14 0.000000e+00 -1.000000e+00
    outer loop
      vertex   5.287064e+00 6.565883e+00 9.266705e+00
      vertex   4.287064e+00 7.565883e+00 9.266705e+00
      vertex   5.287064e+00 7.565883e+00 9.266705e+00
    endloop
  endfacet
  facet normal 8.881784e-16 -1.000000e+00 2.545424e-29
    outer loop
      vertex   5.287064e+00 7.565883e+00 -8.437136e-01
      vertex   4.287064e+00 7.565883e+00 -1.843714e+00
      vertex   5.287064e+00 7.565883e+00 -8.033703e+00
    endloop
  endfacet
  facet normal -6.117187e-30 -1.000000e+00 -1.434863e-16
    outer loop
      vertex   5.287064e+00 7.565883e+00 -8.033703e+00
      vertex   4.287064e+00 7.565883e+00 -1.843714e+00
      vertex   4.287064e+00 7.565883e+00 -8.033703e+00
    endloop
  endfacet
  facet normal -0.000000e+00 -1.000000e+00 0.000000e+00
    outer loop
      vertex   5.287064e+00 6.565883e+00 9.266705e+00
      vertex   5.287064e+00 6.565883e+00 1.012303e+01
      vertex   3.706774e+00 6.565883e+00 9.266705e+00
    endloop
  endfacet
  facet normal 0.000000e+00 -1.000000e+00 0.000000e+00
    outer loop
      vertex   3.706774e+00 6.565883e+00 9.266705e+00
      vertex   5.287064e+00 6.565883e+00 1.012303e+01
      vertex   5.344937e+00 6.565883e+00 1.576630e+01
    endloop
  endfacet
  facet normal 0.000000e+00 -1.000000e+00 0.000000e+00
    outer loop
      vertex   3.706774e+00 6.565883e+00 9.266705e+00
      vertex   5.344937e+00 6.565883e+00 1.576630e+01
      vertex   3.706774e+00 6.565883e+00 1.776630e+01
    endloop
  endfacet
  facet normal 0.000000e+00 -1.000000e+00 0.000000e+00
    outer loop
      vertex   3.706774e+00 6.565883e+00 1.776630e+01
      vertex   5.344937e+00 6.565883e+00 1.576630e+01
      vertex   7.887064e+00 6.565883e+00 1.776630e+01
    endloop
  endfacet
  facet normal 0.000000e+00 -1.000000e+00 0.000000e+00
    outer loop
      vertex   7.887064e+00 6.565883e+00 1.776630e+01
      vertex   5.344937e+00 6.565883e+00 1.576630e+01
      vertex   7.887064e+00 6.565883e+00 1.576630e+01
    endloop
  endfacet
  facet normal 0.000000e+00 -1.000000e+00 0.000000e+00
    outer loop
      vertex   5.287064e+00 6.565883e+00 1.012303e+01
      vertex   5.344937e+00 6.565883e+00 1.012303e+01
      vertex   5.344937e+00 6.565883e+00 1.576630e+01
    endloop
  endfacet
  facet normal 0.000000e+00 -1.000000e+00 -0.000000e+00
    outer loop
      vertex   5.287064e+00 6.565883e+00 -8.033703e+00
      vertex   3.706774e+00 6.565883e+00 -8.033703e+00
      vertex   5.287064e+00 6.565883e+00 -9.293703e+00
    endloop
  endfacet
  facet normal -0.000000e+00 -1.000000e+00 0.000000e+00
    outer loop
      vertex   5.287064e+00 6.565883e+00 -9.293703e+00
      vertex   3.706774e+00 6.565883e+00 -8.033703e+00
      vertex   5.287064e+00 6.565883e+00 -1.129370e+01
    endloop
  endfacet
  facet normal 2.442491e-15 -1.000000e+00 -2.928646e-29
    outer loop
      vertex   5.287064e+00 6.565883e+00 -9.293703e+00
      vertex   5.287064e+00 6.565883e+00 -1.129370e+01
      vertex   9.287064e+00 6.565883e+00 -9.293703e+00
    endloop
  endfacet
  facet normal 2.442491e-15 -1.000000e+00 -5.423419e-29
    outer loop
      vertex   9.287064e+00 6.565883e+00 -9.293703e+00
      vertex   5.287064e+00 6.565883e+00 -1.129370e+01
      vertex   9.287064e+00 6.565883e+00 -1.129370e+01
    endloop
  endfacet
  facet normal 0.000000e+00 -1.000000e+00 0.000000e+00
    outer loop
      vertex   3.706774e+00 6.565883e+00 -8.033703e+00
      vertex   3.706774e+00 6.565883e+00 -2.011565e+01
      vertex   5.287064e+00 6.565883e+00 -1.129370e+01
    endloop
  endfacet
  facet normal 0.000000e+00 -1.000000e+00 -0.000000e+00
    outer loop
      vertex   5.287064e+00 6.565883e+00 -1.129370e+01
      vertex   3.706774e+00 6.565883e+00 -2.011565e+01
      vertex   5.287064e+00 6.565883e+00 -1.977618e+01
    endloop
  endfacet
  facet normal 0.000000e+00 -1.000000e+00 0.000000e+00
    outer loop
      vertex   5.287064e+00 6.565883e+00 -1.977618e+01
      vertex   3.706774e+00 6.565883e+00 -2.011565e+01
      vertex   3.706729e+00 6.565883e+00 -2.011569e+01
    endloop
  endfacet
  facet normal -1.000000e+00 2.368476e-15 -2.238386e-14
    outer loop
      vertex   4.287064e+00 7.565883e+00 -1.843714e+00
      vertex   4.287064e+00 9.065883e+00 -1.843714e+00
      vertex   4.287064e+00 7.565883e+00 -8.033703e+00
    endloop
  endfacet
  facet normal -1.000000e+00 -1.065814e-13 4.017615e-15
    outer loop
      vertex   4.287064e+00 7.565883e+00 -8.033703e+00
      vertex   4.287064e+00 9.065883e+00 -1.843714e+00
      vertex   4.287064e+00 9.065883e+00 -8.033703e+00
    endloop
  endfacet
  facet normal -1.000000e+00 0.000000e+00 4.705581e-15
    outer loop
      vertex   4.287064e+00 1.759189e+01 -8.033703e+00
      vertex   4.287064e+00 1.609189e+01 -8.033703e+00
      vertex   4.287064e+00 1.759189e+01 9.331297e+00
    endloop
  endfacet
  facet normal -1.000000e+00 0.000000e+00 4.705581e-15
    outer loop
      vertex   4.287064e+00 1.759189e+01 9.331297e+00
      vertex   4.287064e+00 1.609189e+01 -8.033703e+00
      vertex   4.287064e+00 1.609189e+01 9.331297e+00
    endloop
  endfacet
  facet normal 3.197442e-14 -1.910900e-15 -1.000000e+00
    outer loop
      vertex   6.287064e+00 1.553318e+01 1.676630e+01
      vertex   5.287064e+00 1.553318e+01 1.676630e+01
      vertex   6.287064e+00 1.739236e+01 1.676630e+01
    endloop
  endfacet
  facet normal 3.197442e-14 -1.910900e-15 -1.000000e+00
    outer loop
      vertex   6.287064e+00 1.739236e+01 1.676630e+01
      vertex   5.287064e+00 1.553318e+01 1.676630e+01
      vertex   5.287064e+00 1.739236e+01 1.676630e+01
    endloop
  endfacet
  facet normal -1.000000e+00 -4.777251e-16 -2.398082e-14
    outer loop
      vertex   6.287064e+00 1.553318e+01 1.576630e+01
      vertex   6.287064e+00 1.553318e+01 1.676630e+01
      vertex   6.287064e+00 1.739236e+01 1.576630e+01
    endloop
  endfacet
  facet normal -1.000000e+00 -4.777251e-16 -2.398082e-14
    outer loop
      vertex   6.287064e+00 1.739236e+01 1.576630e+01
      vertex   6.287064e+00 1.553318e+01 1.676630e+01
      vertex   6.287064e+00 1.739236e+01 1.676630e+01
    endloop
  endfacet
  facet normal 1.008437e-29 1.000000e+00 3.147747e-16
    outer loop
      vertex   7.396012e+00 8.168359e+00 1.576630e+01
      vertex   7.396012e+00 8.168359e+00 1.012303e+01
      vertex   6.287064e+00 8.168359e+00 1.576630e+01
    endloop
  endfacet
  facet normal 8.422951e-16 1.000000e+00 4.802928e-16
    outer loop
      vertex   6.287064e+00 8.168359e+00 1.576630e+01
      vertex   7.396012e+00 8.168359e+00 1.012303e+01
      vertex   5.287064e+00 8.168359e+00 1.012303e+01
    endloop
  endfacet
  facet normal 5.347844e-16 1.000000e+00 5.347844e-16
    outer loop
      vertex   6.287064e+00 8.168359e+00 1.576630e+01
      vertex   5.287064e+00 8.168359e+00 1.012303e+01
      vertex   5.287064e+00 8.168359e+00 1.676630e+01
    endloop
  endfacet
  facet normal -0.000000e+00 1.000000e+00 0.000000e+00
    outer loop
      vertex   5.287064e+00 8.168359e+00 1.676630e+01
      vertex   6.287064e+00 8.168359e+00 1.676630e+01
      vertex   6.287064e+00 8.168359e+00 1.576630e+01
    endloop
  endfacet
  facet normal 2.779574e-14 -2.321688e-15 -1.000000e+00
    outer loop
      vertex   7.396012e+00 8.168359e+00 1.012303e+01
      vertex   5.344937e+00 6.565883e+00 1.012303e+01
      vertex   5.287064e+00 8.168359e+00 1.012303e+01
    endloop
  endfacet
  facet normal 9.208224e-14 1.377997e-27 -1.000000e+00
    outer loop
      vertex   5.287064e+00 8.168359e+00 1.012303e+01
      vertex   5.344937e+00 6.565883e+00 1.012303e+01
      vertex   5.287064e+00 6.565883e+00 1.012303e+01
    endloop
  endfacet
  facet normal 6.156615e-01 -7.880108e-01 -2.864274e-15
    outer loop
      vertex   7.396012e+00 8.168359e+00 1.576630e+01
      vertex   5.344937e+00 6.565883e+00 1.576630e+01
      vertex   7.396012e+00 8.168359e+00 1.012303e+01
    endloop
  endfacet
  facet normal 6.156615e-01 -7.880108e-01 6.953736e-16
    outer loop
      vertex   7.396012e+00 8.168359e+00 1.012303e+01
      vertex   5.344937e+00 6.565883e+00 1.576630e+01
      vertex   5.344937e+00 6.565883e+00 1.012303e+01
    endloop
  endfacet
  facet normal -6.743024e-01 -3.857825e-17 7.384553e-01
    outer loop
      vertex   3.706774e+00 6.565883e+00 -2.011565e+01
      vertex   3.706774e+00 1.549189e+01 -2.011565e+01
      vertex   3.706729e+00 6.565883e+00 -2.011569e+01
    endloop
  endfacet
  facet normal -6.743024e-01 0.000000e+00 7.384553e-01
    outer loop
      vertex   3.706729e+00 6.565883e+00 -2.011569e+01
      vertex   3.706774e+00 1.549189e+01 -2.011565e+01
      vertex   3.706729e+00 1.549189e+01 -2.011569e+01
    endloop
  endfacet
  facet normal 2.100405e-01 -3.740116e-15 -9.776927e-01
    outer loop
      vertex   5.287064e+00 6.565883e+00 -1.977618e+01
      vertex   3.706729e+00 6.565883e+00 -2.011569e+01
      vertex   5.287064e+00 1.549189e+01 -1.977618e+01
    endloop
  endfacet
  facet normal 2.100405e-01 0.000000e+00 -9.776927e-01
    outer loop
      vertex   5.287064e+00 1.549189e+01 -1.977618e+01
      vertex   3.706729e+00 6.565883e+00 -2.011569e+01
      vertex   3.706729e+00 1.549189e+01 -2.011569e+01
    endloop
  endfacet
  facet normal 1.000000e+00 0.000000e+00 -4.751755e-14
    outer loop
      vertex   7.887064e+00 6.565883e+00 1.776630e+01
      vertex   7.887064e+00 6.565883e+00 1.576630e+01
      vertex   7.887064e+00 9.568359e+00 1.776630e+01
    endloop
  endfacet
  facet normal 1.000000e+00 -2.070707e-15 -4.440892e-14
    outer loop
      vertex   7.887064e+00 9.568359e+00 1.776630e+01
      vertex   7.887064e+00 6.565883e+00 1.576630e+01
      vertex   7.887064e+00 9.568359e+00 1.576630e+01
    endloop
  endfacet
  facet normal -8.745790e-15 9.551680e-15 1.000000e+00
    outer loop
      vertex   3.706774e+00 7.681722e+00 1.776630e+01
      vertex   3.706774e+00 6.565883e+00 1.776630e+01
      vertex   5.197874e+00 7.559230e+00 1.776630e+01
    endloop
  endfacet
  facet normal -5.099236e-15 4.077885e-15 1.000000e+00
    outer loop
      vertex   5.197874e+00 7.559230e+00 1.776630e+01
      vertex   3.706774e+00 6.565883e+00 1.776630e+01
      vertex   7.887064e+00 6.565883e+00 1.776630e+01
    endloop
  endfacet
  facet normal -6.605545e-15 0.000000e+00 1.000000e+00
    outer loop
      vertex   5.197874e+00 7.559230e+00 1.776630e+01
      vertex   7.887064e+00 6.565883e+00 1.776630e+01
      vertex   7.887064e+00 9.568359e+00 1.776630e+01
    endloop
  endfacet
  facet normal -1.639714e-14 1.310591e-14 1.000000e+00
    outer loop
      vertex   7.887064e+00 9.568359e+00 1.776630e+01
      vertex   5.287064e+00 9.568359e+00 1.776630e+01
      vertex   5.197874e+00 7.559230e+00 1.776630e+01
    endloop
  endfacet
  facet normal -1.397536e-15 -4.033453e-14 -1.000000e+00
    outer loop
      vertex   5.344937e+00 6.565883e+00 1.576630e+01
      vertex   7.396012e+00 8.168359e+00 1.576630e+01
      vertex   7.887064e+00 6.565883e+00 1.576630e+01
    endloop
  endfacet
  facet normal 1.302284e-13 -2.696649e-28 -1.000000e+00
    outer loop
      vertex   7.887064e+00 6.565883e+00 1.576630e+01
      vertex   7.396012e+00 8.168359e+00 1.576630e+01
      vertex   7.887064e+00 9.568359e+00 1.576630e+01
    endloop
  endfacet
  facet normal 1.776357e-14 3.944716e-14 -1.000000e+00
    outer loop
      vertex   7.887064e+00 9.568359e+00 1.576630e+01
      vertex   7.396012e+00 8.168359e+00 1.576630e+01
      vertex   6.287064e+00 9.568359e+00 1.576630e+01
    endloop
  endfacet
  facet normal -3.203678e-14 -0.000000e+00 -1.000000e+00
    outer loop
      vertex   6.287064e+00 9.568359e+00 1.576630e+01
      vertex   7.396012e+00 8.168359e+00 1.576630e+01
      vertex   6.287064e+00 8.168359e+00 1.576630e+01
    endloop
  endfacet
  facet normal -1.000000e+00 0.000000e+00 -2.398082e-14
    outer loop
      vertex   6.287064e+00 8.168359e+00 1.576630e+01
      vertex   6.287064e+00 8.168359e+00 1.676630e+01
      vertex   6.287064e+00 9.568359e+00 1.576630e+01
    endloop
  endfacet
  facet normal -1.000000e+00 0.000000e+00 -2.398082e-14
    outer loop
      vertex   6.287064e+00 9.568359e+00 1.576630e+01
      vertex   6.287064e+00 8.168359e+00 1.676630e+01
      vertex   6.287064e+00 9.568359e+00 1.676630e+01
    endloop
  endfacet
  facet normal -7.346772e-14 0.000000e+00 1.000000e+00
    outer loop
      vertex   3.706774e+00 1.759189e+01 -8.033703e+00
      vertex   3.706774e+00 1.609189e+01 -8.033703e+00
      vertex   4.287064e+00 1.759189e+01 -8.033703e+00
    endloop
  endfacet
  facet normal -7.346772e-14 0.000000e+00 1.000000e+00
    outer loop
      vertex   4.287064e+00 1.759189e+01 -8.033703e+00
      vertex   3.706774e+00 1.609189e+01 -8.033703e+00
      vertex   4.287064e+00 1.609189e+01 -8.033703e+00
    endloop
  endfacet
  facet normal 0.000000e+00 1.000000e+00 0.000000e+00
    outer loop
      vertex   3.706774e+00 1.609189e+01 -8.033703e+00
      vertex   3.706774e+00 1.609189e+01 9.331297e+00
      vertex   4.287064e+00 1.609189e+01 -8.033703e+00
    endloop
  endfacet
  facet normal 0.000000e+00 1.000000e+00 -0.000000e+00
    outer loop
      vertex   4.287064e+00 1.609189e+01 -8.033703e+00
      vertex   3.706774e+00 1.609189e+01 9.331297e+00
      vertex   4.287064e+00 1.609189e+01 9.331297e+00
    endloop
  endfacet
  facet normal -5.510079e-14 0.000000e+00 -1.000000e+00
    outer loop
      vertex   3.706774e+00 1.609189e+01 9.331297e+00
      vertex   3.706774e+00 1.759189e+01 9.331297e+00
      vertex   4.287064e+00 1.609189e+01 9.331297e+00
    endloop
  endfacet
  facet normal -5.510079e-14 0.000000e+00 -1.000000e+00
    outer loop
      vertex   4.287064e+00 1.609189e+01 9.331297e+00
      vertex   3.706774e+00 1.759189e+01 9.331297e+00
      vertex   4.287064e+00 1.759189e+01 9.331297e+00
    endloop
  endfacet
  facet normal -0.000000e+00 1.000000e+00 -0.000000e+00
    outer loop
      vertex   7.287064e+00 8.168359e+00 -1.129370e+01
      vertex   7.287064e+00 8.168359e+00 -9.293703e+00
      vertex   9.287064e+00 8.168359e+00 -1.129370e+01
    endloop
  endfacet
  facet normal 0.000000e+00 1.000000e+00 -0.000000e+00
    outer loop
      vertex   9.287064e+00 8.168359e+00 -1.129370e+01
      vertex   7.287064e+00 8.168359e+00 -9.293703e+00
      vertex   9.287064e+00 8.168359e+00 -9.293703e+00
    endloop
  endfacet
  facet normal 1.000000e+00 1.653467e-14 1.909584e-14
    outer loop
      vertex   7.287064e+00 8.168359e+00 -1.129370e+01
      vertex   7.287064e+00 8.974101e+00 -1.129370e+01
      vertex   7.287064e+00 8.168359e+00 -9.293703e+00
    endloop
  endfacet
  facet normal 1.000000e+00 1.102311e-14 1.687539e-14
    outer loop
      vertex   7.287064e+00 8.168359e+00 -9.293703e+00
      vertex   7.287064e+00 8.974101e+00 -1.129370e+01
      vertex   7.287064e+00 8.974101e+00 -9.293703e+00
    endloop
  endfacet
  facet normal -0.000000e+00 1.000000e+00 0.000000e+00
    outer loop
      vertex   6.287064e+00 8.974101e+00 -9.293703e+00
      vertex   7.287064e+00 8.974101e+00 -9.293703e+00
      vertex   6.287064e+00 8.974101e+00 -1.129370e+01
    endloop
  endfacet
  facet normal 0.000000e+00 1.000000e+00 0.000000e+00
    outer loop
      vertex   6.287064e+00 8.974101e+00 -1.129370e+01
      vertex   7.287064e+00 8.974101e+00 -9.293703e+00
      vertex   7.287064e+00 8.974101e+00 -1.129370e+01
    endloop
  endfacet
  facet normal -1.000000e+00 0.000000e+00 -1.332268e-14
    outer loop
      vertex   6.287064e+00 8.168359e+00 -9.293703e+00
      vertex   6.287064e+00 8.974101e+00 -9.293703e+00
      vertex   6.287064e+00 8.168359e+00 -1.129370e+01
    endloop
  endfacet
  facet normal -1.000000e+00 0.000000e+00 -1.332268e-14
    outer loop
      vertex   6.287064e+00 8.168359e+00 -1.129370e+01
      vertex   6.287064e+00 8.974101e+00 -9.293703e+00
      vertex   6.287064e+00 8.974101e+00 -1.129370e+01
    endloop
  endfacet
  facet normal 6.284790e-25 1.000000e+00 1.140599e-11
    outer loop
      vertex   3.706774e+00 1.759189e+01 9.331297e+00
      vertex   3.706774e+00 1.759189e+01 1.421465e+01
      vertex   4.287064e+00 1.759189e+01 9.331297e+00
    endloop
  endfacet
  facet normal -1.055500e-10 1.000000e+00 -1.136540e-12
    outer loop
      vertex   4.287064e+00 1.759189e+01 9.331297e+00
      vertex   3.706774e+00 1.759189e+01 1.421465e+01
      vertex   4.233268e+00 1.759189e+01 1.423983e+01
    endloop
  endfacet
  facet normal -6.792305e-16 1.000000e+00 2.025850e-14
    outer loop
      vertex   4.287064e+00 1.759189e+01 9.331297e+00
      vertex   4.233268e+00 1.759189e+01 1.423983e+01
      vertex   4.760067e+00 1.759189e+01 1.425749e+01
    endloop
  endfacet
  facet normal 1.056982e-10 1.000000e+00 -1.012873e-11
    outer loop
      vertex   4.760067e+00 1.759189e+01 1.425749e+01
      vertex   5.287064e+00 1.759189e+01 1.426763e+01
      vertex   4.287064e+00 1.759189e+01 9.331297e+00
    endloop
  endfacet
  facet normal 5.569945e-11 1.000000e+00 -2.620983e-25
    outer loop
      vertex   4.287064e+00 1.759189e+01 9.331297e+00
      vertex   5.287064e+00 1.759189e+01 1.426763e+01
      vertex   4.287064e+00 1.759189e+01 -8.033703e+00
    endloop
  endfacet
  facet normal 1.671263e-11 1.000000e+00 1.748183e-12
    outer loop
      vertex   4.287064e+00 1.759189e+01 -8.033703e+00
      vertex   5.287064e+00 1.759189e+01 1.426763e+01
      vertex   5.287064e+00 1.759189e+01 -1.759370e+01
    endloop
  endfacet
  facet normal 0.000000e+00 1.000000e+00 0.000000e+00
    outer loop
      vertex   4.287064e+00 1.759189e+01 -8.033703e+00
      vertex   5.287064e+00 1.759189e+01 -1.759370e+01
      vertex   3.706774e+00 1.759189e+01 -8.033703e+00
    endloop
  endfacet
  facet normal 0.000000e+00 1.000000e+00 0.000000e+00
    outer loop
      vertex   3.706774e+00 1.759189e+01 -8.033703e+00
      vertex   5.287064e+00 1.759189e+01 -1.759370e+01
      vertex   3.706774e+00 1.759189e+01 -1.759370e+01
    endloop
  endfacet
  facet normal 0.000000e+00 3.383537e-15 -1.000000e+00
    outer loop
      vertex   3.706774e+00 1.549189e+01 -1.759370e+01
      vertex   3.706774e+00 1.759189e+01 -1.759370e+01
      vertex   5.287064e+00 1.549189e+01 -1.759370e+01
    endloop
  endfacet
  facet normal 0.000000e+00 3.383537e-15 -1.000000e+00
    outer loop
      vertex   5.287064e+00 1.549189e+01 -1.759370e+01
      vertex   3.706774e+00 1.759189e+01 -1.759370e+01
      vertex   5.287064e+00 1.759189e+01 -1.759370e+01
    endloop
  endfacet
  facet normal 0.000000e+00 1.000000e+00 0.000000e+00
    outer loop
      vertex   3.706729e+00 1.549189e+01 -2.011569e+01
      vertex   3.706774e+00 1.549189e+01 -2.011565e+01
      vertex   5.287064e+00 1.549189e+01 -1.977618e+01
    endloop
  endfacet
  facet normal 0.000000e+00 1.000000e+00 0.000000e+00
    outer loop
      vertex   5.287064e+00 1.549189e+01 -1.977618e+01
      vertex   3.706774e+00 1.549189e+01 -2.011565e+01
      vertex   3.706774e+00 1.549189e+01 -1.759370e+01
    endloop
  endfacet
  facet normal 0.000000e+00 1.000000e+00 0.000000e+00
    outer loop
      vertex   5.287064e+00 1.549189e+01 -1.977618e+01
      vertex   3.706774e+00 1.549189e+01 -1.759370e+01
      vertex   5.287064e+00 1.549189e+01 -1.759370e+01
    endloop
  endfacet
  facet normal 1.953993e-14 1.000000e+00 -2.342917e-28
    outer loop
      vertex   5.287064e+00 8.168359e+00 -9.293703e+00
      vertex   6.287064e+00 8.168359e+00 -9.293703e+00
      vertex   5.287064e+00 8.168359e+00 -1.129370e+01
    endloop
  endfacet
  facet normal 1.953993e-14 1.000000e+00 2.619018e-28
    outer loop
      vertex   5.287064e+00 8.168359e+00 -1.129370e+01
      vertex   6.287064e+00 8.168359e+00 -9.293703e+00
      vertex   6.287064e+00 8.168359e+00 -1.129370e+01
    endloop
  endfacet
  facet normal 3.197442e-14 0.000000e+00 -1.000000e+00
    outer loop
      vertex   6.287064e+00 8.168359e+00 1.676630e+01
      vertex   5.287064e+00 8.168359e+00 1.676630e+01
      vertex   6.287064e+00 9.568359e+00 1.676630e+01
    endloop
  endfacet
  facet normal 3.197442e-14 0.000000e+00 -1.000000e+00
    outer loop
      vertex   6.287064e+00 9.568359e+00 1.676630e+01
      vertex   5.287064e+00 8.168359e+00 1.676630e+01
      vertex   5.287064e+00 9.568359e+00 1.676630e+01
    endloop
  endfacet
  facet normal -8.881784e-15 1.000000e+00 -1.065814e-14
    outer loop
      vertex   5.287064e+00 9.568359e+00 1.676630e+01
      vertex   5.287064e+00 9.568359e+00 1.776630e+01
      vertex   6.287064e+00 9.568359e+00 1.676630e+01
    endloop
  endfacet
  facet normal -1.503071e-14 1.000000e+00 -1.680707e-14
    outer loop
      vertex   6.287064e+00 9.568359e+00 1.676630e+01
      vertex   5.287064e+00 9.568359e+00 1.776630e+01
      vertex   7.887064e+00 9.568359e+00 1.776630e+01
    endloop
  endfacet
  facet normal -1.276756e-14 1.000000e+00 -2.042810e-14
    outer loop
      vertex   6.287064e+00 9.568359e+00 1.676630e+01
      vertex   7.887064e+00 9.568359e+00 1.776630e+01
      vertex   7.887064e+00 9.568359e+00 1.576630e+01
    endloop
  endfacet
  facet normal 0.000000e+00 1.000000e+00 0.000000e+00
    outer loop
      vertex   7.887064e+00 9.568359e+00 1.576630e+01
      vertex   6.287064e+00 9.568359e+00 1.576630e+01
      vertex   6.287064e+00 9.568359e+00 1.676630e+01
    endloop
  endfacet
  facet normal 0.000000e+00 -1.000000e+00 0.000000e+00
    outer loop
      vertex   6.287064e+00 1.553318e+01 1.576630e+01
      vertex   7.887064e+00 1.553318e+01 1.576630e+01
      vertex   6.287064e+00 1.553318e+01 1.676630e+01
    endloop
  endfacet
  facet normal 3.164136e-14 -1.000000e+00 5.062617e-14
    outer loop
      vertex   6.287064e+00 1.553318e+01 1.676630e+01
      vertex   7.887064e+00 1.553318e+01 1.576630e+01
      vertex   7.887064e+00 1.553318e+01 1.776630e+01
    endloop
  endfacet
  facet normal 3.894321e-14 -1.000000e+00 3.894321e-14
    outer loop
      vertex   6.287064e+00 1.553318e+01 1.676630e+01
      vertex   7.887064e+00 1.553318e+01 1.776630e+01
      vertex   5.287064e+00 1.553318e+01 1.776630e+01
    endloop
  endfacet
  facet normal 0.000000e+00 -1.000000e+00 0.000000e+00
    outer loop
      vertex   5.287064e+00 1.553318e+01 1.776630e+01
      vertex   5.287064e+00 1.553318e+01 1.676630e+01
      vertex   6.287064e+00 1.553318e+01 1.676630e+01
    endloop
  endfacet
  facet normal -1.776357e-14 -1.322773e-14 1.000000e+00
    outer loop
      vertex   7.287064e+00 8.974101e+00 -9.293703e+00
      vertex   6.287064e+00 8.974101e+00 -9.293703e+00
      vertex   7.287064e+00 8.168359e+00 -9.293703e+00
    endloop
  endfacet
  facet normal -7.105427e-15 0.000000e+00 1.000000e+00
    outer loop
      vertex   7.287064e+00 8.168359e+00 -9.293703e+00
      vertex   6.287064e+00 8.974101e+00 -9.293703e+00
      vertex   6.287064e+00 8.168359e+00 -9.293703e+00
    endloop
  endfacet
  facet normal -7.105427e-15 4.434031e-14 1.000000e+00
    outer loop
      vertex   7.287064e+00 8.168359e+00 -9.293703e+00
      vertex   6.287064e+00 8.168359e+00 -9.293703e+00
      vertex   5.287064e+00 6.565883e+00 -9.293703e+00
    endloop
  endfacet
  facet normal 6.394885e-14 -0.000000e+00 1.000000e+00
    outer loop
      vertex   5.287064e+00 6.565883e+00 -9.293703e+00
      vertex   6.287064e+00 8.168359e+00 -9.293703e+00
      vertex   5.287064e+00 8.168359e+00 -9.293703e+00
    endloop
  endfacet
  facet normal 7.105427e-15 2.660419e-14 1.000000e+00
    outer loop
      vertex   5.287064e+00 6.565883e+00 -9.293703e+00
      vertex   9.287064e+00 6.565883e+00 -9.293703e+00
      vertex   7.287064e+00 8.168359e+00 -9.293703e+00
    endloop
  endfacet
  facet normal -1.421085e-14 0.000000e+00 1.000000e+00
    outer loop
      vertex   7.287064e+00 8.168359e+00 -9.293703e+00
      vertex   9.287064e+00 6.565883e+00 -9.293703e+00
      vertex   9.287064e+00 8.168359e+00 -9.293703e+00
    endloop
  endfacet
  facet normal 1.000000e+00 0.000000e+00 -2.220446e-14
    outer loop
      vertex   9.287064e+00 8.168359e+00 -1.129370e+01
      vertex   9.287064e+00 8.168359e+00 -9.293703e+00
      vertex   9.287064e+00 6.565883e+00 -1.129370e+01
    endloop
  endfacet
  facet normal 1.000000e+00 0.000000e+00 -2.220446e-14
    outer loop
      vertex   9.287064e+00 6.565883e+00 -1.129370e+01
      vertex   9.287064e+00 8.168359e+00 -9.293703e+00
      vertex   9.287064e+00 6.565883e+00 -9.293703e+00
    endloop
  endfacet
  facet normal 1.243450e-14 0.000000e+00 -1.000000e+00
    outer loop
      vertex   6.287064e+00 8.974101e+00 -1.129370e+01
      vertex   7.287064e+00 8.974101e+00 -1.129370e+01
      vertex   6.287064e+00 8.168359e+00 -1.129370e+01
    endloop
  endfacet
  facet normal -3.552714e-15 1.984160e-14 -1.000000e+00
    outer loop
      vertex   6.287064e+00 8.168359e+00 -1.129370e+01
      vertex   7.287064e+00 8.974101e+00 -1.129370e+01
      vertex   7.287064e+00 8.168359e+00 -1.129370e+01
    endloop
  endfacet
  facet normal -3.552714e-15 2.217015e-14 -1.000000e+00
    outer loop
      vertex   6.287064e+00 8.168359e+00 -1.129370e+01
      vertex   7.287064e+00 8.168359e+00 -1.129370e+01
      vertex   5.287064e+00 6.565883e+00 -1.129370e+01
    endloop
  endfacet
  facet normal -4.440892e-16 1.829038e-14 -1.000000e+00
    outer loop
      vertex   5.287064e+00 6.565883e+00 -1.129370e+01
      vertex   7.287064e+00 8.168359e+00 -1.129370e+01
      vertex   9.287064e+00 6.565883e+00 -1.129370e+01
    endloop
  endfacet
  facet normal -1.509903e-14 0.000000e+00 -1.000000e+00
    outer loop
      vertex   9.287064e+00 6.565883e+00 -1.129370e+01
      vertex   7.287064e+00 8.168359e+00 -1.129370e+01
      vertex   9.287064e+00 8.168359e+00 -1.129370e+01
    endloop
  endfacet
  facet normal 3.197442e-14 0.000000e+00 -1.000000e+00
    outer loop
      vertex   5.287064e+00 6.565883e+00 -1.129370e+01
      vertex   5.287064e+00 8.168359e+00 -1.129370e+01
      vertex   6.287064e+00 8.168359e+00 -1.129370e+01
    endloop
  endfacet
  facet normal 7.071068e-01 1.465420e-15 -7.071068e-01
    outer loop
      vertex   4.287064e+00 9.065883e+00 -1.843714e+00
      vertex   4.287064e+00 7.565883e+00 -1.843714e+00
      vertex   3.706774e+00 9.065883e+00 -2.424003e+00
    endloop
  endfacet
  facet normal 7.071068e-01 3.289094e-16 -7.071068e-01
    outer loop
      vertex   3.706774e+00 9.065883e+00 -2.424003e+00
      vertex   4.287064e+00 7.565883e+00 -1.843714e+00
      vertex   2.799240e+00 8.121266e+00 -3.331538e+00
    endloop
  endfacet
  facet normal 7.071068e-01 0.000000e+00 -7.071068e-01
    outer loop
      vertex   2.799240e+00 8.121266e+00 -3.331538e+00
      vertex   4.287064e+00 7.565883e+00 -1.843714e+00
      vertex   2.799240e+00 6.000000e+00 -3.331538e+00
    endloop
  endfacet
  facet normal 7.071068e-01 1.232386e-16 -7.071068e-01
    outer loop
      vertex   2.799240e+00 6.000000e+00 -3.331538e+00
      vertex   4.287064e+00 7.565883e+00 -1.843714e+00
      vertex   6.053702e+00 6.000000e+00 -7.707599e-02
    endloop
  endfacet
  facet normal 7.071068e-01 -1.002688e-15 -7.071068e-01
    outer loop
      vertex   6.053702e+00 6.000000e+00 -7.707599e-02
      vertex   4.287064e+00 7.565883e+00 -1.843714e+00
      vertex   5.287064e+00 7.565883e+00 -8.437136e-01
    endloop
  endfacet
  facet normal 7.071068e-01 0.000000e+00 -7.071068e-01
    outer loop
      vertex   6.053702e+00 6.000000e+00 -7.707599e-02
      vertex   5.287064e+00 7.565883e+00 -8.437136e-01
      vertex   6.053702e+00 8.168359e+00 -7.707599e-02
    endloop
  endfacet
  facet normal 7.071068e-01 2.549510e-15 -7.071068e-01
    outer loop
      vertex   6.053702e+00 8.168359e+00 -7.707599e-02
      vertex   5.287064e+00 7.565883e+00 -8.437136e-01
      vertex   5.287064e+00 8.168359e+00 -8.437136e-01
    endloop
  endfacet
  facet normal -7.211193e-01 6.928109e-01 5.147544e-17
    outer loop
      vertex   3.706774e+00 9.065883e+00 -2.424003e+00
      vertex   2.799240e+00 8.121266e+00 -3.331538e+00
      vertex   2.799240e+00 8.121266e+00 3.254462e+00
    endloop
  endfacet
  facet normal -7.211193e-01 6.928109e-01 4.341956e-17
    outer loop
      vertex   2.799240e+00 8.121266e+00 3.254462e+00
      vertex   2.799240e+00 8.121266e+00 -3.331538e+00
      vertex   2.179796e+00 7.476513e+00 -3.331538e+00
    endloop
  endfacet
  facet normal -7.211193e-01 6.928109e-01 0.000000e+00
    outer loop
      vertex   2.799240e+00 8.121266e+00 3.254462e+00
      vertex   2.179796e+00 7.476513e+00 -3.331538e+00
      vertex   2.179796e+00 7.476513e+00 3.254462e+00
    endloop
  endfacet
  facet normal -7.211193e-01 6.928109e-01 4.822116e-18
    outer loop
      vertex   2.179796e+00 7.476513e+00 3.254462e+00
      vertex   2.179796e+00 7.476513e+00 -3.331538e+00
      vertex   7.612459e-01 6.000000e+00 -2.973569e+00
    endloop
  endfacet
  facet normal -7.211193e-01 6.928109e-01 0.000000e+00
    outer loop
      vertex   2.179796e+00 7.476513e+00 3.254462e+00
      vertex   7.612459e-01 6.000000e+00 -2.973569e+00
      vertex   7.612459e-01 6.000000e+00 2.896493e+00
    endloop
  endfacet
  facet normal -7.211193e-01 6.928109e-01 -1.243531e-16
    outer loop
      vertex   2.799240e+00 8.121266e+00 3.254462e+00
      vertex   3.706774e+00 9.065883e+00 2.346927e+00
      vertex   3.706774e+00 9.065883e+00 -2.424003e+00
    endloop
  endfacet
  facet normal 7.071068e-01 8.373826e-16 7.071068e-01
    outer loop
      vertex   4.287064e+00 9.065883e+00 1.766638e+00
      vertex   3.706774e+00 9.065883e+00 2.346927e+00
      vertex   4.287064e+00 7.565883e+00 1.766638e+00
    endloop
  endfacet
  facet normal 7.071068e-01 8.633869e-16 7.071068e-01
    outer loop
      vertex   4.287064e+00 7.565883e+00 1.766638e+00
      vertex   3.706774e+00 9.065883e+00 2.346927e+00
      vertex   2.799240e+00 8.121266e+00 3.254462e+00
    endloop
  endfacet
  facet normal 7.071068e-01 0.000000e+00 7.071068e-01
    outer loop
      vertex   4.287064e+00 7.565883e+00 1.766638e+00
      vertex   2.799240e+00 8.121266e+00 3.254462e+00
      vertex   2.799240e+00 6.000000e+00 3.254462e+00
    endloop
  endfacet
  facet normal 7.071068e-01 -8.626702e-16 7.071068e-01
    outer loop
      vertex   2.799240e+00 6.000000e+00 3.254462e+00
      vertex   6.053702e+00 6.000000e+00 -1.951564e-16
      vertex   4.287064e+00 7.565883e+00 1.766638e+00
    endloop
  endfacet
  facet normal 7.071068e-01 1.604301e-15 7.071068e-01
    outer loop
      vertex   4.287064e+00 7.565883e+00 1.766638e+00
      vertex   6.053702e+00 6.000000e+00 -1.951564e-16
      vertex   5.287064e+00 7.565883e+00 7.666376e-01
    endloop
  endfacet
  facet normal 7.071068e-01 9.445044e-17 7.071068e-01
    outer loop
      vertex   5.287064e+00 7.565883e+00 7.666376e-01
      vertex   6.053702e+00 6.000000e+00 -1.951564e-16
      vertex   6.053702e+00 8.168359e+00 -5.551115e-16
    endloop
  endfacet
  facet normal 7.071068e-01 -9.121235e-16 7.071068e-01
    outer loop
      vertex   5.287064e+00 7.565883e+00 7.666376e-01
      vertex   6.053702e+00 8.168359e+00 -5.551115e-16
      vertex   5.287064e+00 8.168359e+00 7.666376e-01
    endloop
  endfacet
  facet normal 7.044160e-01 8.715574e-02 7.044160e-01
    outer loop
      vertex   6.053702e+00 5.000000e+00 1.237277e-01
      vertex   2.922967e+00 5.000000e+00 3.254462e+00
      vertex   6.053702e+00 1.500000e+00 5.567744e-01
    endloop
  endfacet
  facet normal 7.044160e-01 8.715574e-02 7.044160e-01
    outer loop
      vertex   6.053702e+00 1.500000e+00 5.567744e-01
      vertex   2.922967e+00 5.000000e+00 3.254462e+00
      vertex   3.356014e+00 1.500000e+00 3.254462e+00
    endloop
  endfacet
  facet normal 2.150751e-15 0.000000e+00 1.000000e+00
    outer loop
      vertex   2.799240e+00 6.000000e+00 3.254462e+00
      vertex   2.179796e+00 7.476513e+00 3.254462e+00
      vertex   2.799240e+00 5.000000e+00 3.254462e+00
    endloop
  endfacet
  facet normal 2.150751e-15 -1.278505e-30 1.000000e+00
    outer loop
      vertex   2.799240e+00 5.000000e+00 3.254462e+00
      vertex   2.179796e+00 7.476513e+00 3.254462e+00
      vertex   2.179796e+00 1.500000e+00 3.254462e+00
    endloop
  endfacet
  facet normal 0.000000e+00 3.806479e-16 1.000000e+00
    outer loop
      vertex   2.799240e+00 5.000000e+00 3.254462e+00
      vertex   2.179796e+00 1.500000e+00 3.254462e+00
      vertex   3.356014e+00 1.500000e+00 3.254462e+00
    endloop
  endfacet
  facet normal 1.152727e-15 -4.187020e-16 1.000000e+00
    outer loop
      vertex   2.799240e+00 6.000000e+00 3.254462e+00
      vertex   2.799240e+00 8.121266e+00 3.254462e+00
      vertex   2.179796e+00 7.476513e+00 3.254462e+00
    endloop
  endfacet
  facet normal -7.178496e-15 -7.612958e-16 1.000000e+00
    outer loop
      vertex   3.356014e+00 1.500000e+00 3.254462e+00
      vertex   2.922967e+00 5.000000e+00 3.254462e+00
      vertex   2.799240e+00 5.000000e+00 3.254462e+00
    endloop
  endfacet
  facet normal -2.446780e-01 1.454478e-16 9.696044e-01
    outer loop
      vertex   2.179796e+00 7.476513e+00 3.254462e+00
      vertex   7.612459e-01 6.000000e+00 2.896493e+00
      vertex   2.179796e+00 1.500000e+00 3.254462e+00
    endloop
  endfacet
  facet normal -2.446780e-01 -1.281085e-15 9.696044e-01
    outer loop
      vertex   2.179796e+00 1.500000e+00 3.254462e+00
      vertex   7.612459e-01 6.000000e+00 2.896493e+00
      vertex   4.570021e-01 2.522477e+00 2.819718e+00
    endloop
  endfacet
  facet normal -2.446780e-01 0.000000e+00 9.696044e-01
    outer loop
      vertex   2.179796e+00 1.500000e+00 3.254462e+00
      vertex   4.570021e-01 2.522477e+00 2.819718e+00
      vertex   4.570021e-01 1.500000e+00 2.819718e+00
    endloop
  endfacet
  facet normal -2.446780e-01 1.818098e-17 -9.696044e-01
    outer loop
      vertex   2.179796e+00 7.476513e+00 -3.331538e+00
      vertex   2.179796e+00 1.500000e+00 -3.331538e+00
      vertex   7.612459e-01 6.000000e+00 -2.973569e+00
    endloop
  endfacet
  facet normal -2.446780e-01 -2.754334e-16 -9.696044e-01
    outer loop
      vertex   7.612459e-01 6.000000e+00 -2.973569e+00
      vertex   2.179796e+00 1.500000e+00 -3.331538e+00
      vertex   4.570021e-01 2.522477e+00 -2.896794e+00
    endloop
  endfacet
  facet normal -2.446780e-01 -0.000000e+00 -9.696044e-01
    outer loop
      vertex   4.570021e-01 2.522477e+00 -2.896794e+00
      vertex   2.179796e+00 1.500000e+00 -3.331538e+00
      vertex   4.570021e-01 1.500000e+00 -2.896794e+00
    endloop
  endfacet
  facet normal -9.961947e-01 8.715574e-02 0.000000e+00
    outer loop
      vertex   4.570021e-01 2.522477e+00 2.819718e+00
      vertex   7.612459e-01 6.000000e+00 2.896493e+00
      vertex   4.570021e-01 2.522477e+00 -2.896794e+00
    endloop
  endfacet
  facet normal -9.961947e-01 8.715574e-02 0.000000e+00
    outer loop
      vertex   4.570021e-01 2.522477e+00 -2.896794e+00
      vertex   7.612459e-01 6.000000e+00 2.896493e+00
      vertex   7.612459e-01 6.000000e+00 -2.973569e+00
    endloop
  endfacet
  facet normal 1.000000e+00 -1.297995e-15 1.364248e-16
    outer loop
      vertex   5.287064e+00 1.389865e+01 1.168080e+01
      vertex   5.287064e+00 1.759189e+01 1.426763e+01
      vertex   5.287064e+00 1.394236e+01 1.209662e+01
    endloop
  endfacet
  facet normal 1.000000e+00 4.859533e-15 -1.021455e-14
    outer loop
      vertex   5.287064e+00 1.394236e+01 1.209662e+01
      vertex   5.287064e+00 1.759189e+01 1.426763e+01
      vertex   5.287064e+00 1.553318e+01 1.676630e+01
    endloop
  endfacet
  facet normal 1.000000e+00 -1.920045e-14 -2.018049e-15
    outer loop
      vertex   5.287064e+00 1.394236e+01 1.209662e+01
      vertex   5.287064e+00 1.553318e+01 1.676630e+01
      vertex   5.287064e+00 1.389865e+01 1.251244e+01
    endloop
  endfacet
  facet normal 1.000000e+00 -1.324901e-14 -4.304863e-15
    outer loop
      vertex   5.287064e+00 1.389865e+01 1.251244e+01
      vertex   5.287064e+00 1.553318e+01 1.676630e+01
      vertex   5.287064e+00 1.376945e+01 1.291009e+01
    endloop
  endfacet
  facet normal 1.000000e+00 -1.238734e-14 -4.698964e-15
    outer loop
      vertex   5.287064e+00 1.376945e+01 1.291009e+01
      vertex   5.287064e+00 1.553318e+01 1.676630e+01
      vertex   5.287064e+00 1.356039e+01 1.327219e+01
    endloop
  endfacet
  facet normal 1.000000e+00 -7.262232e-14 2.930989e-14
    outer loop
      vertex   5.287064e+00 1.356039e+01 1.327219e+01
      vertex   5.287064e+00 1.553318e+01 1.676630e+01
      vertex   5.287064e+00 1.553318e+01 1.776630e+01
    endloop
  endfacet
  facet normal 1.000000e+00 -1.918219e-15 -1.727172e-15
    outer loop
      vertex   5.287064e+00 1.356039e+01 1.327219e+01
      vertex   5.287064e+00 1.553318e+01 1.776630e+01
      vertex   5.287064e+00 1.328062e+01 1.358291e+01
    endloop
  endfacet
  facet normal 1.000000e+00 -1.441400e-15 -1.983916e-15
    outer loop
      vertex   5.287064e+00 1.328062e+01 1.358291e+01
      vertex   5.287064e+00 1.553318e+01 1.776630e+01
      vertex   5.287064e+00 1.294236e+01 1.382867e+01
    endloop
  endfacet
  facet normal 1.000000e+00 -1.009747e-15 -2.267928e-15
    outer loop
      vertex   5.287064e+00 1.294236e+01 1.382867e+01
      vertex   5.287064e+00 1.553318e+01 1.776630e+01
      vertex   5.287064e+00 1.256039e+01 1.399873e+01
    endloop
  endfacet
  facet normal 1.000000e+00 -5.578533e-16 -2.624493e-15
    outer loop
      vertex   5.287064e+00 1.256039e+01 1.399873e+01
      vertex   5.287064e+00 1.553318e+01 1.776630e+01
      vertex   5.287064e+00 1.215142e+01 1.408567e+01
    endloop
  endfacet
  facet normal 1.000000e+00 2.978058e-16 -3.410672e-15
    outer loop
      vertex   5.287064e+00 1.215142e+01 1.408567e+01
      vertex   5.287064e+00 1.553318e+01 1.776630e+01
      vertex   5.287064e+00 9.568359e+00 1.776630e+01
    endloop
  endfacet
  facet normal 1.000000e+00 0.000000e+00 -3.619671e-15
    outer loop
      vertex   5.287064e+00 1.215142e+01 1.408567e+01
      vertex   5.287064e+00 9.568359e+00 1.776630e+01
      vertex   5.287064e+00 1.173330e+01 1.408567e+01
    endloop
  endfacet
  facet normal 1.000000e+00 6.838821e-16 -3.217412e-15
    outer loop
      vertex   5.287064e+00 1.173330e+01 1.408567e+01
      vertex   5.287064e+00 9.568359e+00 1.776630e+01
      vertex   5.287064e+00 1.132433e+01 1.399873e+01
    endloop
  endfacet
  facet normal 1.000000e+00 1.303837e-15 -2.928467e-15
    outer loop
      vertex   5.287064e+00 1.132433e+01 1.399873e+01
      vertex   5.287064e+00 9.568359e+00 1.776630e+01
      vertex   5.287064e+00 1.094236e+01 1.382867e+01
    endloop
  endfacet
  facet normal 1.000000e+00 8.860215e-14 2.753353e-14
    outer loop
      vertex   5.287064e+00 1.094236e+01 1.382867e+01
      vertex   5.287064e+00 9.568359e+00 1.776630e+01
      vertex   5.287064e+00 9.568359e+00 1.676630e+01
    endloop
  endfacet
  facet normal 1.000000e+00 7.541811e-15 -1.038041e-14
    outer loop
      vertex   5.287064e+00 1.094236e+01 1.382867e+01
      vertex   5.287064e+00 9.568359e+00 1.676630e+01
      vertex   5.287064e+00 1.060410e+01 1.358291e+01
    endloop
  endfacet
  facet normal 1.000000e+00 1.047039e-14 -9.427578e-15
    outer loop
      vertex   5.287064e+00 1.060410e+01 1.358291e+01
      vertex   5.287064e+00 9.568359e+00 1.676630e+01
      vertex   5.287064e+00 1.032433e+01 1.327219e+01
    endloop
  endfacet
  facet normal 1.000000e+00 1.782245e-14 -7.836923e-15
    outer loop
      vertex   5.287064e+00 1.032433e+01 1.327219e+01
      vertex   5.287064e+00 9.568359e+00 1.676630e+01
      vertex   5.287064e+00 1.011527e+01 1.291009e+01
    endloop
  endfacet
  facet normal 1.000000e+00 2.220612e-14 -7.215205e-15
    outer loop
      vertex   5.287064e+00 1.011527e+01 1.291009e+01
      vertex   5.287064e+00 9.568359e+00 1.676630e+01
      vertex   5.287064e+00 9.986064e+00 1.251244e+01
    endloop
  endfacet
  facet normal 1.000000e+00 4.621633e-14 -4.857532e-15
    outer loop
      vertex   5.287064e+00 9.986064e+00 1.251244e+01
      vertex   5.287064e+00 9.568359e+00 1.676630e+01
      vertex   5.287064e+00 9.942359e+00 1.209662e+01
    endloop
  endfacet
  facet normal 1.000000e+00 1.104151e-14 -7.674730e-15
    outer loop
      vertex   5.287064e+00 9.942359e+00 1.209662e+01
      vertex   5.287064e+00 9.568359e+00 1.676630e+01
      vertex   5.287064e+00 8.168359e+00 1.012303e+01
    endloop
  endfacet
  facet normal 1.000000e+00 2.241253e-15 2.355652e-16
    outer loop
      vertex   5.287064e+00 9.942359e+00 1.209662e+01
      vertex   5.287064e+00 8.168359e+00 1.012303e+01
      vertex   5.287064e+00 9.986064e+00 1.168080e+01
    endloop
  endfacet
  facet normal 1.000000e+00 1.911003e-15 6.209226e-16
    outer loop
      vertex   5.287064e+00 9.986064e+00 1.168080e+01
      vertex   5.287064e+00 8.168359e+00 1.012303e+01
      vertex   5.287064e+00 1.011527e+01 1.128315e+01
    endloop
  endfacet
  facet normal 1.000000e+00 6.096523e-16 2.804856e-15
    outer loop
      vertex   5.287064e+00 1.011527e+01 1.128315e+01
      vertex   5.287064e+00 8.168359e+00 1.012303e+01
      vertex   5.287064e+00 1.032433e+01 1.092105e+01
    endloop
  endfacet
  facet normal 1.000000e+00 2.245177e-15 -1.613766e-15
    outer loop
      vertex   5.287064e+00 1.032433e+01 1.092105e+01
      vertex   5.287064e+00 8.168359e+00 1.012303e+01
      vertex   5.287064e+00 8.168359e+00 7.666376e-01
    endloop
  endfacet
  facet normal 1.000000e+00 -1.021885e-15 -9.201093e-16
    outer loop
      vertex   5.287064e+00 1.032433e+01 1.092105e+01
      vertex   5.287064e+00 8.168359e+00 7.666376e-01
      vertex   5.287064e+00 1.060410e+01 1.061033e+01
    endloop
  endfacet
  facet normal 1.000000e+00 -7.223483e-16 -9.942271e-16
    outer loop
      vertex   5.287064e+00 1.060410e+01 1.061033e+01
      vertex   5.287064e+00 8.168359e+00 7.666376e-01
      vertex   5.287064e+00 1.094236e+01 1.036457e+01
    endloop
  endfacet
  facet normal 1.000000e+00 -4.745457e-16 -1.065847e-15
    outer loop
      vertex   5.287064e+00 1.094236e+01 1.036457e+01
      vertex   5.287064e+00 8.168359e+00 7.666376e-01
      vertex   5.287064e+00 1.132433e+01 1.019451e+01
    endloop
  endfacet
  facet normal 1.000000e+00 -8.601471e-15 1.654630e-15
    outer loop
      vertex   5.287064e+00 1.132433e+01 1.019451e+01
      vertex   5.287064e+00 8.168359e+00 7.666376e-01
      vertex   5.287064e+00 8.168359e+00 -8.437136e-01
    endloop
  endfacet
  facet normal 1.000000e+00 -2.521162e-15 -8.380712e-17
    outer loop
      vertex   5.287064e+00 1.132433e+01 1.019451e+01
      vertex   5.287064e+00 8.168359e+00 -8.437136e-01
      vertex   5.287064e+00 1.132433e+01 -1.100127e+01
    endloop
  endfacet
  facet normal 1.000000e+00 -2.735992e-16 6.145139e-16
    outer loop
      vertex   5.287064e+00 1.132433e+01 -1.100127e+01
      vertex   5.287064e+00 8.168359e+00 -8.437136e-01
      vertex   5.287064e+00 1.094236e+01 -1.117133e+01
    endloop
  endfacet
  facet normal 1.000000e+00 -4.182433e-16 5.756625e-16
    outer loop
      vertex   5.287064e+00 1.094236e+01 -1.117133e+01
      vertex   5.287064e+00 8.168359e+00 -8.437136e-01
      vertex   5.287064e+00 1.060410e+01 -1.141709e+01
    endloop
  endfacet
  facet normal 1.000000e+00 -5.942956e-16 5.351062e-16
    outer loop
      vertex   5.287064e+00 1.060410e+01 -1.141709e+01
      vertex   5.287064e+00 8.168359e+00 -8.437136e-01
      vertex   5.287064e+00 1.032433e+01 -1.172781e+01
    endloop
  endfacet
  facet normal 1.000000e+00 2.907292e-14 6.411710e-15
    outer loop
      vertex   5.287064e+00 1.032433e+01 -1.172781e+01
      vertex   5.287064e+00 8.168359e+00 -8.437136e-01
      vertex   5.287064e+00 8.168359e+00 -9.293703e+00
    endloop
  endfacet
  facet normal 1.000000e+00 1.489457e-14 -6.146513e-15
    outer loop
      vertex   5.287064e+00 1.032433e+01 -1.172781e+01
      vertex   5.287064e+00 8.168359e+00 -9.293703e+00
      vertex   5.287064e+00 1.011527e+01 -1.208991e+01
    endloop
  endfacet
  facet normal 1.000000e+00 1.617443e-14 -5.255390e-15
    outer loop
      vertex   5.287064e+00 1.011527e+01 -1.208991e+01
      vertex   5.287064e+00 8.168359e+00 -9.293703e+00
      vertex   5.287064e+00 9.986064e+00 -1.248756e+01
    endloop
  endfacet
  facet normal 1.000000e+00 4.340465e-15 -1.199041e-14
    outer loop
      vertex   5.287064e+00 9.986064e+00 -1.248756e+01
      vertex   5.287064e+00 8.168359e+00 -9.293703e+00
      vertex   5.287064e+00 8.168359e+00 -1.129370e+01
    endloop
  endfacet
  facet normal 1.000000e+00 1.142684e-14 -1.201010e-15
    outer loop
      vertex   5.287064e+00 9.986064e+00 -1.248756e+01
      vertex   5.287064e+00 8.168359e+00 -1.129370e+01
      vertex   5.287064e+00 9.942359e+00 -1.290338e+01
    endloop
  endfacet
  facet normal 1.000000e+00 1.383613e-14 1.454236e-15
    outer loop
      vertex   5.287064e+00 9.942359e+00 -1.290338e+01
      vertex   5.287064e+00 8.168359e+00 -1.129370e+01
      vertex   5.287064e+00 9.986064e+00 -1.331920e+01
    endloop
  endfacet
  facet normal 1.000000e+00 1.038047e-14 -1.646914e-15
    outer loop
      vertex   5.287064e+00 9.986064e+00 -1.331920e+01
      vertex   5.287064e+00 8.168359e+00 -1.129370e+01
      vertex   5.287064e+00 6.565883e+00 -1.977618e+01
    endloop
  endfacet
  facet normal 1.000000e+00 4.506737e-15 1.464328e-15
    outer loop
      vertex   5.287064e+00 9.986064e+00 -1.331920e+01
      vertex   5.287064e+00 6.565883e+00 -1.977618e+01
      vertex   5.287064e+00 1.011527e+01 -1.371685e+01
    endloop
  endfacet
  facet normal 1.000000e+00 1.419777e-15 3.272582e-15
    outer loop
      vertex   5.287064e+00 1.011527e+01 -1.371685e+01
      vertex   5.287064e+00 6.565883e+00 -1.977618e+01
      vertex   5.287064e+00 1.032433e+01 -1.407895e+01
    endloop
  endfacet
  facet normal 1.000000e+00 2.698034e-15 2.429321e-15
    outer loop
      vertex   5.287064e+00 1.032433e+01 -1.407895e+01
      vertex   5.287064e+00 6.565883e+00 -1.977618e+01
      vertex   5.287064e+00 1.060410e+01 -1.438967e+01
    endloop
  endfacet
  facet normal 1.000000e+00 2.094007e-15 2.882154e-15
    outer loop
      vertex   5.287064e+00 1.060410e+01 -1.438967e+01
      vertex   5.287064e+00 6.565883e+00 -1.977618e+01
      vertex   5.287064e+00 1.094236e+01 -1.463543e+01
    endloop
  endfacet
  facet normal 1.000000e+00 1.506068e-15 3.382684e-15
    outer loop
      vertex   5.287064e+00 1.094236e+01 -1.463543e+01
      vertex   5.287064e+00 6.565883e+00 -1.977618e+01
      vertex   5.287064e+00 1.132433e+01 -1.480549e+01
    endloop
  endfacet
  facet normal 1.000000e+00 -2.985137e-15 7.682113e-15
    outer loop
      vertex   5.287064e+00 1.132433e+01 -1.480549e+01
      vertex   5.287064e+00 6.565883e+00 -1.977618e+01
      vertex   5.287064e+00 1.549189e+01 -1.977618e+01
    endloop
  endfacet
  facet normal 1.000000e+00 2.634350e-15 1.239364e-14
    outer loop
      vertex   5.287064e+00 1.132433e+01 -1.480549e+01
      vertex   5.287064e+00 1.549189e+01 -1.977618e+01
      vertex   5.287064e+00 1.173330e+01 -1.489242e+01
    endloop
  endfacet
  facet normal 1.000000e+00 -0.000000e+00 1.036622e-14
    outer loop
      vertex   5.287064e+00 1.173330e+01 -1.489242e+01
      vertex   5.287064e+00 1.549189e+01 -1.977618e+01
      vertex   5.287064e+00 1.215142e+01 -1.489242e+01
    endloop
  endfacet
  facet normal 1.000000e+00 -1.923723e-15 9.050405e-15
    outer loop
      vertex   5.287064e+00 1.215142e+01 -1.489242e+01
      vertex   5.287064e+00 1.549189e+01 -1.977618e+01
      vertex   5.287064e+00 1.256039e+01 -1.480549e+01
    endloop
  endfacet
  facet normal 1.000000e+00 -3.591565e-15 8.066786e-15
    outer loop
      vertex   5.287064e+00 1.256039e+01 -1.480549e+01
      vertex   5.287064e+00 1.549189e+01 -1.977618e+01
      vertex   5.287064e+00 1.294236e+01 -1.463543e+01
    endloop
  endfacet
  facet normal 1.000000e+00 -5.259768e-15 7.239450e-15
    outer loop
      vertex   5.287064e+00 1.294236e+01 -1.463543e+01
      vertex   5.287064e+00 1.549189e+01 -1.977618e+01
      vertex   5.287064e+00 1.328062e+01 -1.438967e+01
    endloop
  endfacet
  facet normal 1.000000e+00 -7.169516e-15 6.455461e-15
    outer loop
      vertex   5.287064e+00 1.328062e+01 -1.438967e+01
      vertex   5.287064e+00 1.549189e+01 -1.977618e+01
      vertex   5.287064e+00 1.356039e+01 -1.407895e+01
    endloop
  endfacet
  facet normal 1.000000e+00 -7.004724e-15 6.511330e-15
    outer loop
      vertex   5.287064e+00 1.356039e+01 -1.407895e+01
      vertex   5.287064e+00 1.549189e+01 -1.977618e+01
      vertex   5.287064e+00 1.549189e+01 -1.759370e+01
    endloop
  endfacet
  facet normal 1.000000e+00 -7.017394e-15 6.504367e-15
    outer loop
      vertex   5.287064e+00 1.356039e+01 -1.407895e+01
      vertex   5.287064e+00 1.549189e+01 -1.759370e+01
      vertex   5.287064e+00 1.376945e+01 -1.371685e+01
    endloop
  endfacet
  facet normal 1.000000e+00 -1.250912e-14 4.064459e-15
    outer loop
      vertex   5.287064e+00 1.376945e+01 -1.371685e+01
      vertex   5.287064e+00 1.549189e+01 -1.759370e+01
      vertex   5.287064e+00 1.389865e+01 -1.331920e+01
    endloop
  endfacet
  facet normal 1.000000e+00 -1.826362e-14 1.919584e-15
    outer loop
      vertex   5.287064e+00 1.389865e+01 -1.331920e+01
      vertex   5.287064e+00 1.549189e+01 -1.759370e+01
      vertex   5.287064e+00 1.394236e+01 -1.290338e+01
    endloop
  endfacet
  facet normal 1.000000e+00 -3.530667e-14 -3.710880e-15
    outer loop
      vertex   5.287064e+00 1.394236e+01 -1.290338e+01
      vertex   5.287064e+00 1.549189e+01 -1.759370e+01
      vertex   5.287064e+00 1.389865e+01 -1.248756e+01
    endloop
  endfacet
  facet normal 1.000000e+00 2.960595e-15 8.229377e-15
    outer loop
      vertex   5.287064e+00 1.389865e+01 -1.248756e+01
      vertex   5.287064e+00 1.549189e+01 -1.759370e+01
      vertex   5.287064e+00 1.759189e+01 -1.759370e+01
    endloop
  endfacet
  facet normal 1.000000e+00 -7.260849e-15 8.362912e-16
    outer loop
      vertex   5.287064e+00 1.389865e+01 -1.248756e+01
      vertex   5.287064e+00 1.759189e+01 -1.759370e+01
      vertex   5.287064e+00 1.759189e+01 1.426763e+01
    endloop
  endfacet
  facet normal 1.000000e+00 -1.556721e-15 5.058094e-16
    outer loop
      vertex   5.287064e+00 1.389865e+01 1.168080e+01
      vertex   5.287064e+00 1.376945e+01 1.128315e+01
      vertex   5.287064e+00 1.759189e+01 1.426763e+01
    endloop
  endfacet
  facet normal 1.000000e+00 -1.161796e-15 0.000000e+00
    outer loop
      vertex   5.287064e+00 1.759189e+01 1.426763e+01
      vertex   5.287064e+00 1.376945e+01 1.128315e+01
      vertex   5.287064e+00 1.376945e+01 -1.208991e+01
    endloop
  endfacet
  facet normal 1.000000e+00 -3.585262e-16 -1.164922e-16
    outer loop
      vertex   5.287064e+00 1.759189e+01 1.426763e+01
      vertex   5.287064e+00 1.376945e+01 -1.208991e+01
      vertex   5.287064e+00 1.389865e+01 -1.248756e+01
    endloop
  endfacet
  facet normal 1.000000e+00 -4.248500e-15 0.000000e+00
    outer loop
      vertex   5.287064e+00 1.376945e+01 -1.208991e+01
      vertex   5.287064e+00 1.376945e+01 1.128315e+01
      vertex   5.287064e+00 1.356039e+01 -1.172781e+01
    endloop
  endfacet
  facet normal 1.000000e+00 4.384346e-15 -7.843030e-17
    outer loop
      vertex   5.287064e+00 1.356039e+01 -1.172781e+01
      vertex   5.287064e+00 1.376945e+01 1.128315e+01
      vertex   5.287064e+00 1.356039e+01 1.092105e+01
    endloop
  endfacet
  facet normal 1.000000e+00 -8.710567e-17 -7.843030e-17
    outer loop
      vertex   5.287064e+00 1.356039e+01 -1.172781e+01
      vertex   5.287064e+00 1.356039e+01 1.092105e+01
      vertex   5.287064e+00 1.328062e+01 -1.141709e+01
    endloop
  endfacet
  facet normal 1.000000e+00 8.956310e-17 -8.064298e-17
    outer loop
      vertex   5.287064e+00 1.328062e+01 -1.141709e+01
      vertex   5.287064e+00 1.356039e+01 1.092105e+01
      vertex   5.287064e+00 1.328062e+01 1.061033e+01
    endloop
  endfacet
  facet normal 1.000000e+00 -5.859055e-17 -8.064298e-17
    outer loop
      vertex   5.287064e+00 1.328062e+01 -1.141709e+01
      vertex   5.287064e+00 1.328062e+01 1.061033e+01
      vertex   5.287064e+00 1.294236e+01 -1.117133e+01
    endloop
  endfacet
  facet normal 1.000000e+00 5.992779e-17 -8.248353e-17
    outer loop
      vertex   5.287064e+00 1.294236e+01 -1.117133e+01
      vertex   5.287064e+00 1.328062e+01 1.061033e+01
      vertex   5.287064e+00 1.294236e+01 1.036457e+01
    endloop
  endfacet
  facet normal 1.000000e+00 -3.672403e-17 -8.248353e-17
    outer loop
      vertex   5.287064e+00 1.294236e+01 -1.117133e+01
      vertex   5.287064e+00 1.294236e+01 1.036457e+01
      vertex   5.287064e+00 1.256039e+01 -1.100127e+01
    endloop
  endfacet
  facet normal 1.000000e+00 3.731334e-17 -8.380712e-17
    outer loop
      vertex   5.287064e+00 1.256039e+01 -1.100127e+01
      vertex   5.287064e+00 1.294236e+01 1.036457e+01
      vertex   5.287064e+00 1.256039e+01 1.019451e+01
    endloop
  endfacet
  facet normal 1.000000e+00 -1.781375e-17 -8.380712e-17
    outer loop
      vertex   5.287064e+00 1.256039e+01 -1.100127e+01
      vertex   5.287064e+00 1.256039e+01 1.019451e+01
      vertex   5.287064e+00 1.215142e+01 -1.091433e+01
    endloop
  endfacet
  facet normal 1.000000e+00 1.796108e-17 -8.450025e-17
    outer loop
      vertex   5.287064e+00 1.215142e+01 -1.091433e+01
      vertex   5.287064e+00 1.256039e+01 1.019451e+01
      vertex   5.287064e+00 1.215142e+01 1.010758e+01
    endloop
  endfacet
  facet normal 1.000000e+00 0.000000e+00 -8.450025e-17
    outer loop
      vertex   5.287064e+00 1.215142e+01 -1.091433e+01
      vertex   5.287064e+00 1.215142e+01 1.010758e+01
      vertex   5.287064e+00 1.173330e+01 -1.091433e+01
    endloop
  endfacet
  facet normal 1.000000e+00 0.000000e+00 -8.450025e-17
    outer loop
      vertex   5.287064e+00 1.173330e+01 -1.091433e+01
      vertex   5.287064e+00 1.215142e+01 1.010758e+01
      vertex   5.287064e+00 1.173330e+01 1.010758e+01
    endloop
  endfacet
  facet normal 1.000000e+00 1.796108e-17 -8.450025e-17
    outer loop
      vertex   5.287064e+00 1.173330e+01 -1.091433e+01
      vertex   5.287064e+00 1.173330e+01 1.010758e+01
      vertex   5.287064e+00 1.132433e+01 -1.100127e+01
    endloop
  endfacet
  facet normal 1.000000e+00 -1.781375e-17 -8.380712e-17
    outer loop
      vertex   5.287064e+00 1.132433e+01 -1.100127e+01
      vertex   5.287064e+00 1.173330e+01 1.010758e+01
      vertex   5.287064e+00 1.132433e+01 1.019451e+01
    endloop
  endfacet
  facet normal 1.000000e+00 2.801007e-14 2.865893e-14
    outer loop
      vertex   5.287064e+00 7.565883e+00 -8.437136e-01
      vertex   5.287064e+00 7.565883e+00 -8.033703e+00
      vertex   5.287064e+00 8.168359e+00 -8.437136e-01
    endloop
  endfacet
  facet normal 1.000000e+00 2.935100e-13 6.411710e-15
    outer loop
      vertex   5.287064e+00 8.168359e+00 -8.437136e-01
      vertex   5.287064e+00 7.565883e+00 -8.033703e+00
      vertex   5.287064e+00 8.168359e+00 -9.293703e+00
    endloop
  endfacet
  facet normal 1.000000e+00 -1.696421e-13 7.049035e-16
    outer loop
      vertex   5.287064e+00 6.565883e+00 -8.033703e+00
      vertex   5.287064e+00 6.565883e+00 -9.293703e+00
      vertex   5.287064e+00 7.565883e+00 -8.033703e+00
    endloop
  endfacet
  facet normal 1.000000e+00 0.000000e+00 -1.339317e-13
    outer loop
      vertex   5.287064e+00 7.565883e+00 -8.033703e+00
      vertex   5.287064e+00 6.565883e+00 -9.293703e+00
      vertex   5.287064e+00 8.168359e+00 -9.293703e+00
    endloop
  endfacet
  facet normal 1.000000e+00 0.000000e+00 3.141222e-16
    outer loop
      vertex   5.287064e+00 8.168359e+00 -1.129370e+01
      vertex   5.287064e+00 6.565883e+00 -1.129370e+01
      vertex   5.287064e+00 6.565883e+00 -1.977618e+01
    endloop
  endfacet
  facet normal 1.000000e+00 1.465494e-13 -1.823893e-15
    outer loop
      vertex   5.287064e+00 1.759236e+01 1.576630e+01
      vertex   5.287064e+00 1.739236e+01 1.576630e+01
      vertex   5.287064e+00 1.759189e+01 1.426763e+01
    endloop
  endfacet
  facet normal 1.000000e+00 -1.030249e-14 -2.270692e-14
    outer loop
      vertex   5.287064e+00 1.759189e+01 1.426763e+01
      vertex   5.287064e+00 1.739236e+01 1.576630e+01
      vertex   5.287064e+00 1.553318e+01 1.676630e+01
    endloop
  endfacet
  facet normal 1.000000e+00 4.777251e-16 -2.664535e-15
    outer loop
      vertex   5.287064e+00 1.739236e+01 1.576630e+01
      vertex   5.287064e+00 1.739236e+01 1.676630e+01
      vertex   5.287064e+00 1.553318e+01 1.676630e+01
    endloop
  endfacet
  facet normal 1.000000e+00 0.000000e+00 -5.347844e-15
    outer loop
      vertex   5.287064e+00 9.568359e+00 1.676630e+01
      vertex   5.287064e+00 8.168359e+00 1.676630e+01
      vertex   5.287064e+00 8.168359e+00 1.012303e+01
    endloop
  endfacet
  facet normal 1.000000e+00 4.504594e-14 -1.613766e-15
    outer loop
      vertex   5.287064e+00 8.168359e+00 7.666376e-01
      vertex   5.287064e+00 8.168359e+00 1.012303e+01
      vertex   5.287064e+00 7.565883e+00 9.266705e+00
    endloop
  endfacet
  facet normal 1.000000e+00 1.496485e-14 1.954999e-14
    outer loop
      vertex   5.287064e+00 7.565883e+00 9.266705e+00
      vertex   5.287064e+00 8.168359e+00 1.012303e+01
      vertex   5.287064e+00 6.565883e+00 1.012303e+01
    endloop
  endfacet
  facet normal 1.000000e+00 0.000000e+00 2.074388e-15
    outer loop
      vertex   5.287064e+00 7.565883e+00 9.266705e+00
      vertex   5.287064e+00 6.565883e+00 1.012303e+01
      vertex   5.287064e+00 6.565883e+00 9.266705e+00
    endloop
  endfacet
  facet normal 1.000000e+00 3.095850e-14 -2.612269e-15
    outer loop
      vertex   5.287064e+00 7.565883e+00 9.266705e+00
      vertex   5.287064e+00 7.565883e+00 7.666376e-01
      vertex   5.287064e+00 8.168359e+00 7.666376e-01
    endloop
  endfacet
  facet normal -2.317075e-15 1.000000e+00 0.000000e+00
    outer loop
      vertex   6.053702e+00 8.168359e+00 -5.551115e-16
      vertex   6.053702e+00 8.168359e+00 -7.707599e-02
      vertex   5.287064e+00 8.168359e+00 7.666376e-01
    endloop
  endfacet
  facet normal -2.317075e-15 1.000000e+00 -3.833901e-30
    outer loop
      vertex   5.287064e+00 8.168359e+00 7.666376e-01
      vertex   6.053702e+00 8.168359e+00 -7.707599e-02
      vertex   5.287064e+00 8.168359e+00 -8.437136e-01
    endloop
  endfacet
  facet normal 0.000000e+00 -1.000000e+00 0.000000e+00
    outer loop
      vertex   3.356014e+00 1.500000e+00 -3.331538e+00
      vertex   3.356014e+00 1.500000e+00 3.254462e+00
      vertex   2.179796e+00 1.500000e+00 -3.331538e+00
    endloop
  endfacet
  facet normal 0.000000e+00 -1.000000e+00 0.000000e+00
    outer loop
      vertex   2.179796e+00 1.500000e+00 -3.331538e+00
      vertex   3.356014e+00 1.500000e+00 3.254462e+00
      vertex   2.179796e+00 1.500000e+00 3.254462e+00
    endloop
  endfacet
  facet normal 0.000000e+00 -1.000000e+00 0.000000e+00
    outer loop
      vertex   2.179796e+00 1.500000e+00 -3.331538e+00
      vertex   2.179796e+00 1.500000e+00 3.254462e+00
      vertex   4.570021e-01 1.500000e+00 -2.896794e+00
    endloop
  endfacet
  facet normal 0.000000e+00 -1.000000e+00 0.000000e+00
    outer loop
      vertex   4.570021e-01 1.500000e+00 -2.896794e+00
      vertex   2.179796e+00 1.500000e+00 3.254462e+00
      vertex   4.570021e-01 1.500000e+00 2.819718e+00
    endloop
  endfacet
  facet normal 1.052416e-10 -1.000000e+00 -1.052416e-10
    outer loop
      vertex   6.053702e+00 1.500000e+00 -6.338504e-01
      vertex   6.053702e+00 1.500000e+00 5.567744e-01
      vertex   3.356014e+00 1.500000e+00 -3.331538e+00
    endloop
  endfacet
  facet normal -4.644842e-11 -1.000000e+00 -8.061616e-19
    outer loop
      vertex   3.356014e+00 1.500000e+00 -3.331538e+00
      vertex   6.053702e+00 1.500000e+00 5.567744e-01
      vertex   3.356014e+00 1.500000e+00 3.254462e+00
    endloop
  endfacet
  facet normal -1.000000e+00 0.000000e+00 0.000000e+00
    outer loop
      vertex   4.570021e-01 1.500000e+00 2.819718e+00
      vertex   4.570021e-01 2.522477e+00 2.819718e+00
      vertex   4.570021e-01 1.500000e+00 -2.896794e+00
    endloop
  endfacet
  facet normal -1.000000e+00 0.000000e+00 0.000000e+00
    outer loop
      vertex   4.570021e-01 1.500000e+00 -2.896794e+00
      vertex   4.570021e-01 2.522477e+00 2.819718e+00
      vertex   4.570021e-01 2.522477e+00 -2.896794e+00
    endloop
  endfacet
  facet normal -8.147889e-02 -9.918391e-01 -9.806285e-02
    outer loop
      vertex   3.706774e+00 7.846283e+00 1.610187e+01
      vertex   3.706774e+00 7.681722e+00 1.776630e+01
      vertex   3.130821e+00 7.748427e+00 1.757017e+01
    endloop
  endfacet
  facet normal -8.147889e-02 -9.918391e-01 -9.806285e-02
    outer loop
      vertex   3.130821e+00 7.748427e+00 1.757017e+01
      vertex   3.706774e+00 7.681722e+00 1.776630e+01
      vertex   8.893512e+00 5.760218e+00 3.289143e+01
    endloop
  endfacet
  facet normal -8.147889e-02 -9.918391e-01 -9.806285e-02
    outer loop
      vertex   8.893512e+00 5.760218e+00 3.289143e+01
      vertex   3.706774e+00 7.681722e+00 1.776630e+01
      vertex   1.017358e+01 5.842540e+00 3.099521e+01
    endloop
  endfacet
  facet normal -8.147889e-02 -9.918391e-01 -9.806285e-02
    outer loop
      vertex   8.893512e+00 5.760218e+00 3.289143e+01
      vertex   1.017358e+01 5.842540e+00 3.099521e+01
      vertex   1.909192e+01 4.667462e+00 3.547022e+01
    endloop
  endfacet
  facet normal -8.147889e-02 -9.918391e-01 -9.806285e-02
    outer loop
      vertex   3.706774e+00 7.681722e+00 1.776630e+01
      vertex   5.197874e+00 7.559230e+00 1.776630e+01
      vertex   1.017358e+01 5.842540e+00 3.099521e+01
    endloop
  endfacet
  facet normal -8.147889e-02 -9.918391e-01 -9.806285e-02
    outer loop
      vertex   2.449607e+01 4.301959e+00 3.467681e+01
      vertex   2.531005e+01 4.048235e+00 3.656673e+01
      vertex   1.909192e+01 4.667462e+00 3.547022e+01
    endloop
  endfacet
  facet normal -8.147889e-02 -9.918391e-01 -9.806285e-02
    outer loop
      vertex   1.909192e+01 4.667462e+00 3.547022e+01
      vertex   2.531005e+01 4.048235e+00 3.656673e+01
      vertex   1.827615e+01 4.523964e+00 3.759941e+01
    endloop
  endfacet
  facet normal -8.147889e-02 -9.918391e-01 -9.806285e-02
    outer loop
      vertex   1.909192e+01 4.667462e+00 3.547022e+01
      vertex   1.827615e+01 4.523964e+00 3.759941e+01
      vertex   8.893512e+00 5.760218e+00 3.289143e+01
    endloop
  endfacet
  facet normal -8.147889e-02 -9.918391e-01 -9.806285e-02
    outer loop
      vertex   2.760608e+01 4.299888e+00 3.211370e+01
      vertex   2.783544e+01 4.262550e+00 3.230077e+01
      vertex   2.449607e+01 4.301959e+00 3.467681e+01
    endloop
  endfacet
  facet normal -8.147889e-02 -9.918391e-01 -9.806285e-02
    outer loop
      vertex   2.449607e+01 4.301959e+00 3.467681e+01
      vertex   2.783544e+01 4.262550e+00 3.230077e+01
      vertex   2.806965e+01 4.227824e+00 3.245741e+01
    endloop
  endfacet
  facet normal -8.147889e-02 -9.918391e-01 -9.806285e-02
    outer loop
      vertex   2.449607e+01 4.301959e+00 3.467681e+01
      vertex   2.806965e+01 4.227824e+00 3.245741e+01
      vertex   2.833086e+01 4.192475e+00 3.259790e+01
    endloop
  endfacet
  facet normal -8.147889e-02 -9.918391e-01 -9.806285e-02
    outer loop
      vertex   2.833086e+01 4.192475e+00 3.259790e+01
      vertex   2.860208e+01 4.158651e+00 3.271465e+01
      vertex   2.449607e+01 4.301959e+00 3.467681e+01
    endloop
  endfacet
  facet normal -8.147889e-02 -9.918391e-01 -9.806285e-02
    outer loop
      vertex   2.449607e+01 4.301959e+00 3.467681e+01
      vertex   2.860208e+01 4.158651e+00 3.271465e+01
      vertex   2.531005e+01 4.048235e+00 3.656673e+01
    endloop
  endfacet
  facet normal -8.147889e-02 -9.918391e-01 -9.806285e-02
    outer loop
      vertex   2.860208e+01 4.158651e+00 3.271465e+01
      vertex   2.886992e+01 4.128224e+00 3.279985e+01
      vertex   2.531005e+01 4.048235e+00 3.656673e+01
    endloop
  endfacet
  facet normal -8.147889e-02 -9.918391e-01 -9.806285e-02
    outer loop
      vertex   2.531005e+01 4.048235e+00 3.656673e+01
      vertex   2.886992e+01 4.128224e+00 3.279985e+01
      vertex   2.915752e+01 4.098450e+00 3.286204e+01
    endloop
  endfacet
  facet normal -8.147889e-02 -9.918391e-01 -9.806285e-02
    outer loop
      vertex   2.531005e+01 4.048235e+00 3.656673e+01
      vertex   2.915752e+01 4.098450e+00 3.286204e+01
      vertex   2.945454e+01 4.070333e+00 3.289963e+01
    endloop
  endfacet
  facet normal -8.147889e-02 -9.918391e-01 -9.806285e-02
    outer loop
      vertex   2.945454e+01 4.070333e+00 3.289963e+01
      vertex   2.974725e+01 4.045280e+00 3.290982e+01
      vertex   2.531005e+01 4.048235e+00 3.656673e+01
    endloop
  endfacet
  facet normal 9.333954e-01 -4.143574e-02 -3.564493e-01
    outer loop
      vertex   5.287064e+00 9.568359e+00 1.776630e+01
      vertex   1.033654e+01 7.826218e+00 3.119133e+01
      vertex   5.197874e+00 7.559230e+00 1.776630e+01
    endloop
  endfacet
  facet normal 9.333954e-01 -4.143574e-02 -3.564493e-01
    outer loop
      vertex   5.197874e+00 7.559230e+00 1.776630e+01
      vertex   1.033654e+01 7.826218e+00 3.119133e+01
      vertex   1.017358e+01 5.842540e+00 3.099521e+01
    endloop
  endfacet
  facet normal 6.307513e-01 -1.274946e-01 7.654397e-01
    outer loop
      vertex   3.014120e+01 5.125597e+00 3.276513e+01
      vertex   3.036542e+01 5.425426e+00 3.263031e+01
      vertex   2.547301e+01 6.031913e+00 3.676285e+01
    endloop
  endfacet
  facet normal 6.307513e-01 -1.274946e-01 7.654397e-01
    outer loop
      vertex   2.547301e+01 6.031913e+00 3.676285e+01
      vertex   3.036542e+01 5.425426e+00 3.263031e+01
      vertex   3.042479e+01 5.635234e+00 3.261633e+01
    endloop
  endfacet
  facet normal 6.307513e-01 -1.274946e-01 7.654397e-01
    outer loop
      vertex   2.547301e+01 6.031913e+00 3.676285e+01
      vertex   3.042479e+01 5.635234e+00 3.261633e+01
      vertex   3.050042e+01 5.837125e+00 3.258764e+01
    endloop
  endfacet
  facet normal 6.307513e-01 -1.274946e-01 7.654397e-01
    outer loop
      vertex   3.050042e+01 5.837125e+00 3.258764e+01
      vertex   3.059131e+01 6.028505e+00 3.254461e+01
      vertex   2.547301e+01 6.031913e+00 3.676285e+01
    endloop
  endfacet
  facet normal 6.307513e-01 -1.274946e-01 7.654397e-01
    outer loop
      vertex   3.014120e+01 5.125597e+00 3.276513e+01
      vertex   2.547301e+01 6.031913e+00 3.676285e+01
      vertex   2.996732e+01 4.798004e+00 3.285385e+01
    endloop
  endfacet
  facet normal 6.307513e-01 -1.274946e-01 7.654397e-01
    outer loop
      vertex   2.996732e+01 4.798004e+00 3.285385e+01
      vertex   2.547301e+01 6.031913e+00 3.676285e+01
      vertex   2.531005e+01 4.048235e+00 3.656673e+01
    endloop
  endfacet
  facet normal 6.307513e-01 -1.274946e-01 7.654397e-01
    outer loop
      vertex   2.996732e+01 4.798004e+00 3.285385e+01
      vertex   2.531005e+01 4.048235e+00 3.656673e+01
      vertex   2.983190e+01 4.425753e+00 3.290344e+01
    endloop
  endfacet
  facet normal 6.307513e-01 -1.274946e-01 7.654397e-01
    outer loop
      vertex   2.983190e+01 4.425753e+00 3.290344e+01
      vertex   2.531005e+01 4.048235e+00 3.656673e+01
      vertex   2.974725e+01 4.045280e+00 3.290982e+01
    endloop
  endfacet
  facet normal 6.307513e-01 -1.274946e-01 7.654397e-01
    outer loop
      vertex   3.142300e+01 5.859384e+00 3.183110e+01
      vertex   3.127275e+01 5.719929e+00 3.193168e+01
      vertex   3.127389e+01 4.044263e+00 3.165164e+01
    endloop
  endfacet
  facet normal 6.307513e-01 -1.274946e-01 7.654397e-01
    outer loop
      vertex   3.127389e+01 4.044263e+00 3.165164e+01
      vertex   3.127275e+01 5.719929e+00 3.193168e+01
      vertex   3.109443e+01 4.424917e+00 3.186293e+01
    endloop
  endfacet
  facet normal 6.307513e-01 -1.274946e-01 7.654397e-01
    outer loop
      vertex   3.127389e+01 4.044263e+00 3.165164e+01
      vertex   3.109443e+01 4.424917e+00 3.186293e+01
      vertex   3.103079e+01 4.044425e+00 3.185200e+01
    endloop
  endfacet
  facet normal 6.307513e-01 -1.274946e-01 7.654397e-01
    outer loop
      vertex   3.103079e+01 4.044425e+00 3.185200e+01
      vertex   3.109443e+01 4.424917e+00 3.186293e+01
      vertex   3.105630e+01 4.301161e+00 3.187373e+01
    endloop
  endfacet
  facet normal 6.307513e-01 -1.274946e-01 7.654397e-01
    outer loop
      vertex   3.103079e+01 4.044425e+00 3.185200e+01
      vertex   3.105630e+01 4.301161e+00 3.187373e+01
      vertex   3.103487e+01 4.173046e+00 3.187005e+01
    endloop
  endfacet
  facet normal 6.307513e-01 -1.274946e-01 7.654397e-01
    outer loop
      vertex   3.127275e+01 5.719929e+00 3.193168e+01
      vertex   3.114791e+01 5.537744e+00 3.200422e+01
      vertex   3.109443e+01 4.424917e+00 3.186293e+01
    endloop
  endfacet
  facet normal 6.307513e-01 -1.274946e-01 7.654397e-01
    outer loop
      vertex   3.109443e+01 4.424917e+00 3.186293e+01
      vertex   3.114791e+01 5.537744e+00 3.200422e+01
      vertex   3.102262e+01 4.627894e+00 3.195591e+01
    endloop
  endfacet
  facet normal 6.307513e-01 -1.274946e-01 7.654397e-01
    outer loop
      vertex   3.102262e+01 4.627894e+00 3.195591e+01
      vertex   3.114791e+01 5.537744e+00 3.200422e+01
      vertex   3.105607e+01 5.323934e+00 3.204428e+01
    endloop
  endfacet
  facet normal 6.307513e-01 -1.274946e-01 7.654397e-01
    outer loop
      vertex   3.102262e+01 4.627894e+00 3.195591e+01
      vertex   3.105607e+01 5.323934e+00 3.204428e+01
      vertex   3.099145e+01 4.854708e+00 3.201937e+01
    endloop
  endfacet
  facet normal 6.307513e-01 -1.274946e-01 7.654397e-01
    outer loop
      vertex   3.099145e+01 4.854708e+00 3.201937e+01
      vertex   3.105607e+01 5.323934e+00 3.204428e+01
      vertex   3.100284e+01 5.091533e+00 3.204944e+01
    endloop
  endfacet
  facet normal 8.147889e-02 9.918391e-01 9.806285e-02
    outer loop
      vertex   3.706774e+00 9.802275e+00 1.671343e+01
      vertex   3.293779e+00 9.732106e+00 1.776630e+01
      vertex   3.706774e+00 9.698178e+00 1.776630e+01
    endloop
  endfacet
  facet normal 8.147889e-02 9.918391e-01 9.806285e-02
    outer loop
      vertex   3.706774e+00 9.698178e+00 1.776630e+01
      vertex   3.293779e+00 9.732106e+00 1.776630e+01
      vertex   1.033654e+01 7.826218e+00 3.119133e+01
    endloop
  endfacet
  facet normal 8.147889e-02 9.918391e-01 9.806285e-02
    outer loop
      vertex   3.706774e+00 9.698178e+00 1.776630e+01
      vertex   1.033654e+01 7.826218e+00 3.119133e+01
      vertex   5.287064e+00 9.568359e+00 1.776630e+01
    endloop
  endfacet
  facet normal 8.147889e-02 9.918391e-01 9.806285e-02
    outer loop
      vertex   3.293779e+00 9.732106e+00 1.776630e+01
      vertex   9.056469e+00 7.743896e+00 3.308756e+01
      vertex   1.033654e+01 7.826218e+00 3.119133e+01
    endloop
  endfacet
  facet normal 8.147889e-02 9.918391e-01 9.806285e-02
    outer loop
      vertex   1.033654e+01 7.826218e+00 3.119133e+01
      vertex   9.056469e+00 7.743896e+00 3.308756e+01
      vertex   1.925488e+01 6.651140e+00 3.566634e+01
    endloop
  endfacet
  facet normal 8.147889e-02 9.918391e-01 9.806285e-02
    outer loop
      vertex   1.925488e+01 6.651140e+00 3.566634e+01
      vertex   9.056469e+00 7.743896e+00 3.308756e+01
      vertex   1.843911e+01 6.507642e+00 3.779554e+01
    endloop
  endfacet
  facet normal 8.147889e-02 9.918391e-01 9.806285e-02
    outer loop
      vertex   1.925488e+01 6.651140e+00 3.566634e+01
      vertex   1.843911e+01 6.507642e+00 3.779554e+01
      vertex   2.547301e+01 6.031913e+00 3.676285e+01
    endloop
  endfacet
  facet normal 8.147889e-02 9.918391e-01 9.806285e-02
    outer loop
      vertex   3.059131e+01 6.028505e+00 3.254461e+01
      vertex   2.961612e+01 6.121822e+00 3.241105e+01
      vertex   2.547301e+01 6.031913e+00 3.676285e+01
    endloop
  endfacet
  facet normal 8.147889e-02 9.918391e-01 9.806285e-02
    outer loop
      vertex   2.547301e+01 6.031913e+00 3.676285e+01
      vertex   2.961612e+01 6.121822e+00 3.241105e+01
      vertex   2.932455e+01 6.149656e+00 3.237178e+01
    endloop
  endfacet
  facet normal 8.147889e-02 9.918391e-01 9.806285e-02
    outer loop
      vertex   2.547301e+01 6.031913e+00 3.676285e+01
      vertex   2.932455e+01 6.149656e+00 3.237178e+01
      vertex   2.465903e+01 6.285637e+00 3.487293e+01
    endloop
  endfacet
  facet normal 8.147889e-02 9.918391e-01 9.806285e-02
    outer loop
      vertex   2.465903e+01 6.285637e+00 3.487293e+01
      vertex   2.932455e+01 6.149656e+00 3.237178e+01
      vertex   2.903643e+01 6.180370e+00 3.230052e+01
    endloop
  endfacet
  facet normal 8.147889e-02 9.918391e-01 9.806285e-02
    outer loop
      vertex   2.465903e+01 6.285637e+00 3.487293e+01
      vertex   2.903643e+01 6.180370e+00 3.230052e+01
      vertex   2.877209e+01 6.212053e+00 3.219970e+01
    endloop
  endfacet
  facet normal 8.147889e-02 9.918391e-01 9.806285e-02
    outer loop
      vertex   3.048323e+01 6.059380e+00 3.232214e+01
      vertex   3.019933e+01 6.076712e+00 3.238272e+01
      vertex   3.059131e+01 6.028505e+00 3.254461e+01
    endloop
  endfacet
  facet normal 8.147889e-02 9.918391e-01 9.806285e-02
    outer loop
      vertex   3.059131e+01 6.028505e+00 3.254461e+01
      vertex   3.019933e+01 6.076712e+00 3.238272e+01
      vertex   2.990105e+01 6.098155e+00 3.241367e+01
    endloop
  endfacet
  facet normal 8.147889e-02 9.918391e-01 9.806285e-02
    outer loop
      vertex   3.059131e+01 6.028505e+00 3.254461e+01
      vertex   2.990105e+01 6.098155e+00 3.241367e+01
      vertex   2.961612e+01 6.121822e+00 3.241105e+01
    endloop
  endfacet
  facet normal 8.147889e-02 9.918391e-01 9.806285e-02
    outer loop
      vertex   2.877209e+01 6.212053e+00 3.219970e+01
      vertex   2.850830e+01 6.247390e+00 3.206148e+01
      vertex   2.465903e+01 6.285637e+00 3.487293e+01
    endloop
  endfacet
  facet normal 8.147889e-02 9.918391e-01 9.806285e-02
    outer loop
      vertex   2.465903e+01 6.285637e+00 3.487293e+01
      vertex   2.850830e+01 6.247390e+00 3.206148e+01
      vertex   2.826752e+01 6.283234e+00 3.189900e+01
    endloop
  endfacet
  facet normal 8.147889e-02 9.918391e-01 9.806285e-02
    outer loop
      vertex   2.465903e+01 6.285637e+00 3.487293e+01
      vertex   1.925488e+01 6.651140e+00 3.566634e+01
      vertex   2.547301e+01 6.031913e+00 3.676285e+01
    endloop
  endfacet
  facet normal -8.147889e-02 -9.918391e-01 -9.806285e-02
    outer loop
      vertex   3.103079e+01 4.044425e+00 3.185200e+01
      vertex   3.060142e+01 4.067949e+00 3.197082e+01
      vertex   3.127389e+01 4.044263e+00 3.165164e+01
    endloop
  endfacet
  facet normal -8.147889e-02 -9.918391e-01 -9.806285e-02
    outer loop
      vertex   3.127389e+01 4.044263e+00 3.165164e+01
      vertex   3.060142e+01 4.067949e+00 3.197082e+01
      vertex   3.001718e+01 4.298282e+00 3.012659e+01
    endloop
  endfacet
  facet normal -8.147889e-02 -9.918391e-01 -9.806285e-02
    outer loop
      vertex   3.001718e+01 4.298282e+00 3.012659e+01
      vertex   3.060142e+01 4.067949e+00 3.197082e+01
      vertex   3.015786e+01 4.100971e+00 3.200538e+01
    endloop
  endfacet
  facet normal -8.147889e-02 -9.918391e-01 -9.806285e-02
    outer loop
      vertex   3.001718e+01 4.298282e+00 3.012659e+01
      vertex   3.015786e+01 4.100971e+00 3.200538e+01
      vertex   2.971659e+01 4.142264e+00 3.195437e+01
    endloop
  endfacet
  facet normal -8.147889e-02 -9.918391e-01 -9.806285e-02
    outer loop
      vertex   2.971659e+01 4.142264e+00 3.195437e+01
      vertex   2.929399e+01 4.190295e+00 3.181969e+01
      vertex   3.001718e+01 4.298282e+00 3.012659e+01
    endloop
  endfacet
  facet normal -8.147889e-02 -9.918391e-01 -9.806285e-02
    outer loop
      vertex   3.001718e+01 4.298282e+00 3.012659e+01
      vertex   2.929399e+01 4.190295e+00 3.181969e+01
      vertex   2.890578e+01 4.243280e+00 3.160635e+01
    endloop
  endfacet
  facet normal -8.147889e-02 -9.918391e-01 -9.806285e-02
    outer loop
      vertex   3.001718e+01 4.298282e+00 3.012659e+01
      vertex   2.890578e+01 4.243280e+00 3.160635e+01
      vertex   2.856637e+01 4.299248e+00 3.132227e+01
    endloop
  endfacet
  facet normal -6.307513e-01 1.274946e-01 -7.654397e-01
    outer loop
      vertex   2.826752e+01 6.283234e+00 3.189900e+01
      vertex   2.813520e+01 6.059943e+00 3.197084e+01
      vertex   2.465903e+01 6.285637e+00 3.487293e+01
    endloop
  endfacet
  facet normal -6.307513e-01 1.274946e-01 -7.654397e-01
    outer loop
      vertex   2.465903e+01 6.285637e+00 3.487293e+01
      vertex   2.813520e+01 6.059943e+00 3.197084e+01
      vertex   2.802049e+01 5.836073e+00 3.202808e+01
    endloop
  endfacet
  facet normal -6.307513e-01 1.274946e-01 -7.654397e-01
    outer loop
      vertex   2.465903e+01 6.285637e+00 3.487293e+01
      vertex   2.802049e+01 5.836073e+00 3.202808e+01
      vertex   2.791585e+01 5.597255e+00 3.207453e+01
    endloop
  endfacet
  facet normal -6.307513e-01 1.274946e-01 -7.654397e-01
    outer loop
      vertex   2.791585e+01 5.597255e+00 3.207453e+01
      vertex   2.782199e+01 5.342986e+00 3.210952e+01
      vertex   2.465903e+01 6.285637e+00 3.487293e+01
    endloop
  endfacet
  facet normal -6.307513e-01 1.274946e-01 -7.654397e-01
    outer loop
      vertex   2.465903e+01 6.285637e+00 3.487293e+01
      vertex   2.782199e+01 5.342986e+00 3.210952e+01
      vertex   2.449607e+01 4.301959e+00 3.467681e+01
    endloop
  endfacet
  facet normal -6.307513e-01 1.274946e-01 -7.654397e-01
    outer loop
      vertex   2.449607e+01 4.301959e+00 3.467681e+01
      vertex   2.782199e+01 5.342986e+00 3.210952e+01
      vertex   2.768075e+01 4.815040e+00 3.213797e+01
    endloop
  endfacet
  facet normal -6.307513e-01 1.274946e-01 -7.654397e-01
    outer loop
      vertex   2.449607e+01 4.301959e+00 3.467681e+01
      vertex   2.768075e+01 4.815040e+00 3.213797e+01
      vertex   2.760608e+01 4.299888e+00 3.211370e+01
    endloop
  endfacet
  facet normal -6.307513e-01 1.274946e-01 -7.654397e-01
    outer loop
      vertex   2.856637e+01 4.299248e+00 3.132227e+01
      vertex   2.860823e+01 4.682393e+00 3.135160e+01
      vertex   3.001718e+01 4.298282e+00 3.012659e+01
    endloop
  endfacet
  facet normal -6.307513e-01 1.274946e-01 -7.654397e-01
    outer loop
      vertex   3.001718e+01 4.298282e+00 3.012659e+01
      vertex   2.860823e+01 4.682393e+00 3.135160e+01
      vertex   2.869906e+01 5.057908e+00 3.133930e+01
    endloop
  endfacet
  facet normal -6.307513e-01 1.274946e-01 -7.654397e-01
    outer loop
      vertex   3.001718e+01 4.298282e+00 3.012659e+01
      vertex   2.869906e+01 5.057908e+00 3.133930e+01
      vertex   2.883630e+01 5.415266e+00 3.128573e+01
    endloop
  endfacet
  facet normal -6.307513e-01 1.274946e-01 -7.654397e-01
    outer loop
      vertex   2.883630e+01 5.415266e+00 3.128573e+01
      vertex   2.901613e+01 5.744448e+00 3.119238e+01
      vertex   3.001718e+01 4.298282e+00 3.012659e+01
    endloop
  endfacet
  facet normal -6.307513e-01 1.274946e-01 -7.654397e-01
    outer loop
      vertex   3.001718e+01 4.298282e+00 3.012659e+01
      vertex   2.901613e+01 5.744448e+00 3.119238e+01
      vertex   2.923348e+01 6.036228e+00 3.106187e+01
    endloop
  endfacet
  facet normal -6.307513e-01 1.274946e-01 -7.654397e-01
    outer loop
      vertex   3.001718e+01 4.298282e+00 3.012659e+01
      vertex   2.923348e+01 6.036228e+00 3.106187e+01
      vertex   2.948228e+01 6.282425e+00 3.089786e+01
    endloop
  endfacet
  facet normal -6.307513e-01 1.274946e-01 -7.654397e-01
    outer loop
      vertex   2.948228e+01 6.282425e+00 3.089786e+01
      vertex   3.018014e+01 6.281960e+00 3.032272e+01
      vertex   3.001718e+01 4.298282e+00 3.012659e+01
    endloop
  endfacet
  facet normal -9.333954e-01 4.143574e-02 3.564493e-01
    outer loop
      vertex   9.056469e+00 7.743896e+00 3.308756e+01
      vertex   3.293779e+00 9.732106e+00 1.776630e+01
      vertex   8.893512e+00 5.760218e+00 3.289143e+01
    endloop
  endfacet
  facet normal -9.333954e-01 4.143574e-02 3.564493e-01
    outer loop
      vertex   8.893512e+00 5.760218e+00 3.289143e+01
      vertex   3.293779e+00 9.732106e+00 1.776630e+01
      vertex   3.130821e+00 7.748427e+00 1.757017e+01
    endloop
  endfacet
  facet normal -4.532396e-01 -5.075505e-02 8.899426e-01
    outer loop
      vertex   1.843911e+01 6.507642e+00 3.779554e+01
      vertex   9.056469e+00 7.743896e+00 3.308756e+01
      vertex   1.827615e+01 4.523964e+00 3.759941e+01
    endloop
  endfacet
  facet normal -4.532396e-01 -5.075505e-02 8.899426e-01
    outer loop
      vertex   1.827615e+01 4.523964e+00 3.759941e+01
      vertex   9.056469e+00 7.743896e+00 3.308756e+01
      vertex   8.893512e+00 5.760218e+00 3.289143e+01
    endloop
  endfacet
  facet normal 1.372038e-01 -1.086153e-01 9.845699e-01
    outer loop
      vertex   2.547301e+01 6.031913e+00 3.676285e+01
      vertex   1.843911e+01 6.507642e+00 3.779554e+01
      vertex   2.531005e+01 4.048235e+00 3.656673e+01
    endloop
  endfacet
  facet normal 1.372038e-01 -1.086153e-01 9.845699e-01
    outer loop
      vertex   2.531005e+01 4.048235e+00 3.656673e+01
      vertex   1.843911e+01 6.507642e+00 3.779554e+01
      vertex   1.827615e+01 4.523964e+00 3.759941e+01
    endloop
  endfacet
  facet normal 7.716955e-01 -5.139121e-04 -6.359919e-01
    outer loop
      vertex   3.142300e+01 5.859384e+00 3.183110e+01
      vertex   3.127389e+01 4.044263e+00 3.165164e+01
      vertex   3.109347e+01 5.728351e+00 3.143137e+01
    endloop
  endfacet
  facet normal 7.716955e-01 -5.139121e-04 -6.359919e-01
    outer loop
      vertex   3.109347e+01 5.728351e+00 3.143137e+01
      vertex   3.127389e+01 4.044263e+00 3.165164e+01
      vertex   3.001718e+01 4.298282e+00 3.012659e+01
    endloop
  endfacet
  facet normal 7.716955e-01 -5.139121e-04 -6.359919e-01
    outer loop
      vertex   3.109347e+01 5.728351e+00 3.143137e+01
      vertex   3.001718e+01 4.298282e+00 3.012659e+01
      vertex   3.102248e+01 5.877097e+00 3.134511e+01
    endloop
  endfacet
  facet normal 7.716955e-01 -5.139121e-04 -6.359919e-01
    outer loop
      vertex   3.102248e+01 5.877097e+00 3.134511e+01
      vertex   3.001718e+01 4.298282e+00 3.012659e+01
      vertex   3.094401e+01 6.016233e+00 3.124978e+01
    endloop
  endfacet
  facet normal 7.716955e-01 -5.139121e-04 -6.359919e-01
    outer loop
      vertex   3.094401e+01 6.016233e+00 3.124978e+01
      vertex   3.001718e+01 4.298282e+00 3.012659e+01
      vertex   3.018014e+01 6.281960e+00 3.032272e+01
    endloop
  endfacet
  facet normal 7.716955e-01 -5.139121e-04 -6.359919e-01
    outer loop
      vertex   3.094401e+01 6.016233e+00 3.124978e+01
      vertex   3.018014e+01 6.281960e+00 3.032272e+01
      vertex   3.085857e+01 6.144829e+00 3.114601e+01
    endloop
  endfacet
  facet normal -1.372038e-01 1.086153e-01 -9.845699e-01
    outer loop
      vertex   1.925488e+01 6.651140e+00 3.566634e+01
      vertex   2.465903e+01 6.285637e+00 3.487293e+01
      vertex   1.909192e+01 4.667462e+00 3.547022e+01
    endloop
  endfacet
  facet normal -1.372038e-01 1.086153e-01 -9.845699e-01
    outer loop
      vertex   1.909192e+01 4.667462e+00 3.547022e+01
      vertex   2.465903e+01 6.285637e+00 3.487293e+01
      vertex   2.449607e+01 4.301959e+00 3.467681e+01
    endloop
  endfacet
  facet normal 4.532396e-01 5.075505e-02 -8.899426e-01
    outer loop
      vertex   1.033654e+01 7.826218e+00 3.119133e+01
      vertex   1.925488e+01 6.651140e+00 3.566634e+01
      vertex   1.017358e+01 5.842540e+00 3.099521e+01
    endloop
  endfacet
  facet normal 4.532396e-01 5.075505e-02 -8.899426e-01
    outer loop
      vertex   1.017358e+01 5.842540e+00 3.099521e+01
      vertex   1.925488e+01 6.651140e+00 3.566634e+01
      vertex   1.909192e+01 4.667462e+00 3.547022e+01
    endloop
  endfacet
  facet normal -9.276440e-01 1.114473e-01 -3.564493e-01
    outer loop
      vertex   3.706774e+00 7.846283e+00 1.610187e+01
      vertex   3.130821e+00 7.748427e+00 1.757017e+01
      vertex   3.706774e+00 9.802275e+00 1.671343e+01
    endloop
  endfacet
  facet normal -9.276440e-01 1.114473e-01 -3.564493e-01
    outer loop
      vertex   3.706774e+00 9.802275e+00 1.671343e+01
      vertex   3.130821e+00 7.748427e+00 1.757017e+01
      vertex   3.293779e+00 9.732106e+00 1.776630e+01
    endloop
  endfacet
  facet normal 8.147889e-02 9.918391e-01 9.806285e-02
    outer loop
      vertex   2.948228e+01 6.282425e+00 3.089786e+01
      vertex   2.972062e+01 6.246020e+00 3.106804e+01
      vertex   3.018014e+01 6.281960e+00 3.032272e+01
    endloop
  endfacet
  facet normal 8.147889e-02 9.918391e-01 9.806285e-02
    outer loop
      vertex   3.018014e+01 6.281960e+00 3.032272e+01
      vertex   2.972062e+01 6.246020e+00 3.106804e+01
      vertex   2.999081e+01 6.212564e+00 3.118193e+01
    endloop
  endfacet
  facet normal 8.147889e-02 9.918391e-01 9.806285e-02
    outer loop
      vertex   3.018014e+01 6.281960e+00 3.032272e+01
      vertex   2.999081e+01 6.212564e+00 3.118193e+01
      vertex   3.027985e+01 6.183667e+00 3.123404e+01
    endloop
  endfacet
  facet normal 8.147889e-02 9.918391e-01 9.806285e-02
    outer loop
      vertex   3.027985e+01 6.183667e+00 3.123404e+01
      vertex   3.057382e+01 6.160720e+00 3.122188e+01
      vertex   3.018014e+01 6.281960e+00 3.032272e+01
    endloop
  endfacet
  facet normal 8.147889e-02 9.918391e-01 9.806285e-02
    outer loop
      vertex   3.018014e+01 6.281960e+00 3.032272e+01
      vertex   3.057382e+01 6.160720e+00 3.122188e+01
      vertex   3.085857e+01 6.144829e+00 3.114601e+01
    endloop
  endfacet
  facet normal 7.395305e-01 1.290364e-01 -6.606392e-01
    outer loop
      vertex   3.276664e+01 5.472331e+00 3.412718e+01
      vertex   3.099145e+01 4.854708e+00 3.201937e+01
      vertex   3.270567e+01 5.697939e+00 3.410300e+01
    endloop
  endfacet
  facet normal 7.623698e-01 4.532651e-02 -6.455524e-01
    outer loop
      vertex   3.270567e+01 5.697939e+00 3.410300e+01
      vertex   3.099145e+01 4.854708e+00 3.201937e+01
      vertex   3.100284e+01 5.091533e+00 3.204944e+01
    endloop
  endfacet
  facet normal 7.815159e-01 -1.238803e-01 -6.114627e-01
    outer loop
      vertex   3.270567e+01 5.697939e+00 3.410300e+01
      vertex   3.100284e+01 5.091533e+00 3.204944e+01
      vertex   3.269185e+01 5.923743e+00 3.403958e+01
    endloop
  endfacet
  facet normal 7.864468e-01 -1.931526e-01 -5.866801e-01
    outer loop
      vertex   3.269185e+01 5.923743e+00 3.403958e+01
      vertex   3.100284e+01 5.091533e+00 3.204944e+01
      vertex   3.105607e+01 5.323934e+00 3.204428e+01
    endloop
  endfacet
  facet normal 7.701902e-01 -3.683758e-01 -5.206787e-01
    outer loop
      vertex   3.269185e+01 5.923743e+00 3.403958e+01
      vertex   3.105607e+01 5.323934e+00 3.204428e+01
      vertex   3.272611e+01 6.134356e+00 3.394125e+01
    endloop
  endfacet
  facet normal 7.626508e-01 -4.197931e-01 -4.920747e-01
    outer loop
      vertex   3.272611e+01 6.134356e+00 3.394125e+01
      vertex   3.105607e+01 5.323934e+00 3.204428e+01
      vertex   3.114791e+01 5.537744e+00 3.200422e+01
    endloop
  endfacet
  facet normal 7.063410e-01 -5.877819e-01 -3.944551e-01
    outer loop
      vertex   3.272611e+01 6.134356e+00 3.394125e+01
      vertex   3.114791e+01 5.537744e+00 3.200422e+01
      vertex   3.280612e+01 6.315425e+00 3.381471e+01
    endloop
  endfacet
  facet normal 6.924461e-01 -6.208384e-01 -3.675298e-01
    outer loop
      vertex   3.280612e+01 6.315425e+00 3.381471e+01
      vertex   3.114791e+01 5.537744e+00 3.200422e+01
      vertex   3.127275e+01 5.719929e+00 3.193168e+01
    endloop
  endfacet
  facet normal 5.943374e-01 -7.671392e-01 -2.413720e-01
    outer loop
      vertex   3.280612e+01 6.315425e+00 3.381471e+01
      vertex   3.127275e+01 5.719929e+00 3.193168e+01
      vertex   3.292643e+01 6.454610e+00 3.366858e+01
    endloop
  endfacet
  facet normal 5.800920e-01 -7.841004e-01 -2.206349e-01
    outer loop
      vertex   3.292643e+01 6.454610e+00 3.366858e+01
      vertex   3.127275e+01 5.719929e+00 3.193168e+01
      vertex   3.142300e+01 5.859384e+00 3.183110e+01
    endloop
  endfacet
  facet normal 4.418314e-01 -8.942171e-01 -7.183858e-02
    outer loop
      vertex   3.292643e+01 6.454610e+00 3.366858e+01
      vertex   3.142300e+01 5.859384e+00 3.183110e+01
      vertex   3.307883e+01 6.542427e+00 3.351282e+01
    endloop
  endfacet
  facet normal 4.382858e-01 -8.962973e-01 -6.750269e-02
    outer loop
      vertex   3.307883e+01 6.542427e+00 3.351282e+01
      vertex   3.142300e+01 5.859384e+00 3.183110e+01
      vertex   3.109347e+01 5.728351e+00 3.143137e+01
    endloop
  endfacet
  facet normal 4.291853e-01 -9.014277e-01 -5.681573e-02
    outer loop
      vertex   3.307883e+01 6.542427e+00 3.351282e+01
      vertex   3.109347e+01 5.728351e+00 3.143137e+01
      vertex   3.124264e+01 5.808872e+00 3.128071e+01
    endloop
  endfacet
  facet normal 6.918557e-01 2.811354e-01 -6.650553e-01
    outer loop
      vertex   3.099145e+01 4.854708e+00 3.201937e+01
      vertex   3.276664e+01 5.472331e+00 3.412718e+01
      vertex   3.102262e+01 4.627894e+00 3.195591e+01
    endloop
  endfacet
  facet normal 6.470830e-01 3.731336e-01 -6.648721e-01
    outer loop
      vertex   3.102262e+01 4.627894e+00 3.195591e+01
      vertex   3.276664e+01 5.472331e+00 3.412718e+01
      vertex   3.287059e+01 5.262296e+00 3.411047e+01
    endloop
  endfacet
  facet normal 5.791719e-01 4.998911e-01 -6.439478e-01
    outer loop
      vertex   3.102262e+01 4.627894e+00 3.195591e+01
      vertex   3.287059e+01 5.262296e+00 3.411047e+01
      vertex   3.109443e+01 4.424917e+00 3.186293e+01
    endloop
  endfacet
  facet normal 5.104645e-01 5.917731e-01 -6.238835e-01
    outer loop
      vertex   3.109443e+01 4.424917e+00 3.186293e+01
      vertex   3.287059e+01 5.262296e+00 3.411047e+01
      vertex   3.301045e+01 5.082146e+00 3.405403e+01
    endloop
  endfacet
  facet normal 4.291395e-01 6.904309e-01 -5.823611e-01
    outer loop
      vertex   3.109443e+01 4.424917e+00 3.186293e+01
      vertex   3.301045e+01 5.082146e+00 3.405403e+01
      vertex   3.124378e+01 4.270596e+00 3.179002e+01
    endloop
  endfacet
  facet normal 3.389448e-01 7.700387e-01 -5.405154e-01
    outer loop
      vertex   3.124378e+01 4.270596e+00 3.179002e+01
      vertex   3.301045e+01 5.082146e+00 3.405403e+01
      vertex   3.317668e+01 4.944158e+00 3.396168e+01
    endloop
  endfacet
  facet normal 2.509384e-01 8.386285e-01 -4.834585e-01
    outer loop
      vertex   3.124378e+01 4.270596e+00 3.179002e+01
      vertex   3.317668e+01 4.944158e+00 3.396168e+01
      vertex   3.141263e+01 4.160285e+00 3.168632e+01
    endloop
  endfacet
  facet normal 1.442331e-01 8.957902e-01 -4.204245e-01
    outer loop
      vertex   3.141263e+01 4.160285e+00 3.168632e+01
      vertex   3.317668e+01 4.944158e+00 3.396168e+01
      vertex   3.335795e+01 4.857735e+00 3.383973e+01
    endloop
  endfacet
  facet normal 5.688132e-02 9.336045e-01 -3.537613e-01
    outer loop
      vertex   3.141263e+01 4.160285e+00 3.168632e+01
      vertex   3.335795e+01 4.857735e+00 3.383973e+01
      vertex   3.159027e+01 4.100989e+00 3.155839e+01
    endloop
  endfacet
  facet normal -6.040048e-02 9.604582e-01 -2.717939e-01
    outer loop
      vertex   3.159027e+01 4.100989e+00 3.155839e+01
      vertex   3.335795e+01 4.857735e+00 3.383973e+01
      vertex   3.354191e+01 4.828769e+00 3.369649e+01
    endloop
  endfacet
  facet normal -1.407100e-01 9.693275e-01 -2.015067e-01
    outer loop
      vertex   3.159027e+01 4.100989e+00 3.155839e+01
      vertex   3.354191e+01 4.828769e+00 3.369649e+01
      vertex   3.176540e+01 4.096473e+00 3.141437e+01
    endloop
  endfacet
  facet normal -2.610090e-01 9.596362e-01 -1.047505e-01
    outer loop
      vertex   3.176540e+01 4.096473e+00 3.141437e+01
      vertex   3.354191e+01 4.828769e+00 3.369649e+01
      vertex   3.371603e+01 4.859232e+00 3.354171e+01
    endloop
  endfacet
  facet normal -3.292907e-01 9.435281e-01 -3.636523e-02
    outer loop
      vertex   3.176540e+01 4.096473e+00 3.141437e+01
      vertex   3.371603e+01 4.859232e+00 3.354171e+01
      vertex   3.192692e+01 4.147024e+00 3.126340e+01
    endloop
  endfacet
  facet normal -4.439184e-01 8.933815e-01 6.932534e-02
    outer loop
      vertex   3.192692e+01 4.147024e+00 3.126340e+01
      vertex   3.371603e+01 4.859232e+00 3.354171e+01
      vertex   3.386843e+01 4.947048e+00 3.338595e+01
    endloop
  endfacet
  facet normal -4.968889e-01 8.578433e-01 1.311728e-01
    outer loop
      vertex   3.192692e+01 4.147024e+00 3.126340e+01
      vertex   3.386843e+01 4.947048e+00 3.338595e+01
      vertex   3.206456e+01 4.249432e+00 3.111507e+01
    endloop
  endfacet
  facet normal -5.966601e-01 7.662105e-01 2.385753e-01
    outer loop
      vertex   3.206456e+01 4.249432e+00 3.111507e+01
      vertex   3.386843e+01 4.947048e+00 3.338595e+01
      vertex   3.398874e+01 5.086233e+00 3.323982e+01
    endloop
  endfacet
  facet normal -6.328661e-01 7.177125e-01 2.904637e-01
    outer loop
      vertex   3.206456e+01 4.249432e+00 3.111507e+01
      vertex   3.398874e+01 5.086233e+00 3.323982e+01
      vertex   3.216959e+01 4.397193e+00 3.097879e+01
    endloop
  endfacet
  facet normal -7.088199e-01 5.867919e-01 3.914711e-01
    outer loop
      vertex   3.216959e+01 4.397193e+00 3.097879e+01
      vertex   3.398874e+01 5.086233e+00 3.323982e+01
      vertex   3.406875e+01 5.267302e+00 3.311328e+01
    endloop
  endfacet
  facet normal -7.285929e-01 5.320320e-01 4.313865e-01
    outer loop
      vertex   3.216959e+01 4.397193e+00 3.097879e+01
      vertex   3.406875e+01 5.267302e+00 3.311328e+01
      vertex   3.223533e+01 4.580926e+00 3.086322e+01
    endloop
  endfacet
  facet normal -7.727485e-01 3.673548e-01 5.176005e-01
    outer loop
      vertex   3.223533e+01 4.580926e+00 3.086322e+01
      vertex   3.406875e+01 5.267302e+00 3.311328e+01
      vertex   3.410301e+01 5.477915e+00 3.301495e+01
    endloop
  endfacet
  facet normal -7.779964e-01 3.125902e-01 5.449853e-01
    outer loop
      vertex   3.223533e+01 4.580926e+00 3.086322e+01
      vertex   3.410301e+01 5.477915e+00 3.301495e+01
      vertex   3.225761e+01 4.788963e+00 3.077570e+01
    endloop
  endfacet
  facet normal -7.840821e-01 1.228564e-01 6.083762e-01
    outer loop
      vertex   3.225761e+01 4.788963e+00 3.077570e+01
      vertex   3.410301e+01 5.477915e+00 3.301495e+01
      vertex   3.408919e+01 5.703720e+00 3.295154e+01
    endloop
  endfacet
  facet normal -7.779466e-01 7.331865e-02 6.240380e-01
    outer loop
      vertex   3.225761e+01 4.788963e+00 3.077570e+01
      vertex   3.408919e+01 5.703720e+00 3.295154e+01
      vertex   3.223501e+01 5.008093e+00 3.072179e+01
    endloop
  endfacet
  facet normal -7.420402e-01 -1.300380e-01 6.576218e-01
    outer loop
      vertex   3.223501e+01 5.008093e+00 3.072179e+01
      vertex   3.408919e+01 5.703720e+00 3.295154e+01
      vertex   3.402822e+01 5.929327e+00 3.292736e+01
    endloop
  endfacet
  facet normal -7.284546e-01 -1.705919e-01 6.635151e-01
    outer loop
      vertex   3.223501e+01 5.008093e+00 3.072179e+01
      vertex   3.402822e+01 5.929327e+00 3.292736e+01
      vertex   3.216898e+01 5.224402e+00 3.070491e+01
    endloop
  endfacet
  facet normal -6.494788e-01 -3.740903e-01 6.619923e-01
    outer loop
      vertex   3.216898e+01 5.224402e+00 3.070491e+01
      vertex   3.402822e+01 5.929327e+00 3.292736e+01
      vertex   3.392427e+01 6.139363e+00 3.294406e+01
    endloop
  endfacet
  facet normal -6.326722e-01 -4.036566e-01 6.608988e-01
    outer loop
      vertex   3.216898e+01 5.224402e+00 3.070491e+01
      vertex   3.392427e+01 6.139363e+00 3.294406e+01
      vertex   3.206370e+01 5.424154e+00 3.072612e+01
    endloop
  endfacet
  facet normal -5.126955e-01 -5.926648e-01 6.212019e-01
    outer loop
      vertex   3.206370e+01 5.424154e+00 3.072612e+01
      vertex   3.392427e+01 6.139363e+00 3.294406e+01
      vertex   3.378441e+01 6.319513e+00 3.300051e+01
    endloop
  endfacet
  facet normal -4.966915e-01 -6.110798e-01 6.163433e-01
    outer loop
      vertex   3.206370e+01 5.424154e+00 3.072612e+01
      vertex   3.378441e+01 6.319513e+00 3.300051e+01
      vertex   3.192585e+01 5.594665e+00 3.078410e+01
    endloop
  endfacet
  facet normal -3.410006e-01 -7.708614e-01 5.380440e-01
    outer loop
      vertex   3.192585e+01 5.594665e+00 3.078410e+01
      vertex   3.378441e+01 6.319513e+00 3.300051e+01
      vertex   3.361819e+01 6.457501e+00 3.309285e+01
    endloop
  endfacet
  facet normal -3.291582e-01 -7.796943e-01 5.326646e-01
    outer loop
      vertex   3.192585e+01 5.594665e+00 3.078410e+01
      vertex   3.361819e+01 6.457501e+00 3.309285e+01
      vertex   3.176420e+01 5.725107e+00 3.087514e+01
    endloop
  endfacet
  facet normal -1.460825e-01 -8.965312e-01 4.182005e-01
    outer loop
      vertex   3.176420e+01 5.725107e+00 3.087514e+01
      vertex   3.361819e+01 6.457501e+00 3.309285e+01
      vertex   3.343691e+01 6.543923e+00 3.321480e+01
    endloop
  endfacet
  facet normal -1.407229e-01 -8.987979e-01 4.151620e-01
    outer loop
      vertex   3.176420e+01 5.725107e+00 3.087514e+01
      vertex   3.343691e+01 6.543923e+00 3.321480e+01
      vertex   3.158901e+01 5.807197e+00 3.099348e+01
    endloop
  endfacet
  facet normal 5.676221e-02 -9.607820e-01 2.714333e-01
    outer loop
      vertex   3.158901e+01 5.807197e+00 3.099348e+01
      vertex   3.343691e+01 6.543923e+00 3.321480e+01
      vertex   3.141140e+01 5.835723e+00 3.113159e+01
    endloop
  endfacet
  facet normal 5.866670e-02 -9.611534e-01 2.697078e-01
    outer loop
      vertex   3.141140e+01 5.835723e+00 3.113159e+01
      vertex   3.343691e+01 6.543923e+00 3.321480e+01
      vertex   3.325295e+01 6.572890e+00 3.335805e+01
    endloop
  endfacet
  facet normal 2.509438e-01 -9.616360e-01 1.108307e-01
    outer loop
      vertex   3.141140e+01 5.835723e+00 3.113159e+01
      vertex   3.325295e+01 6.572890e+00 3.335805e+01
      vertex   3.124264e+01 5.808872e+00 3.128071e+01
    endloop
  endfacet
  facet normal 2.591135e-01 -9.603960e-01 1.024686e-01
    outer loop
      vertex   3.124264e+01 5.808872e+00 3.128071e+01
      vertex   3.325295e+01 6.572890e+00 3.335805e+01
      vertex   3.307883e+01 6.542427e+00 3.351282e+01
    endloop
  endfacet
  facet normal 2.090089e-01 2.667486e-01 9.408297e-01
    outer loop
      vertex   3.036542e+01 5.425426e+00 3.263031e+01
      vertex   3.014120e+01 5.125597e+00 3.276513e+01
      vertex   3.039527e+01 5.048220e+00 3.273062e+01
    endloop
  endfacet
  facet normal 1.821203e-01 1.658099e-01 9.691952e-01
    outer loop
      vertex   3.039527e+01 5.048220e+00 3.273062e+01
      vertex   3.014120e+01 5.125597e+00 3.276513e+01
      vertex   2.996732e+01 4.798004e+00 3.285385e+01
    endloop
  endfacet
  facet normal 1.830884e-01 1.641994e-01 9.692870e-01
    outer loop
      vertex   3.039527e+01 5.048220e+00 3.273062e+01
      vertex   2.996732e+01 4.798004e+00 3.285385e+01
      vertex   3.049056e+01 4.671316e+00 3.277647e+01
    endloop
  endfacet
  facet normal 1.820766e-01 1.594167e-01 9.702754e-01
    outer loop
      vertex   3.049056e+01 4.671316e+00 3.277647e+01
      vertex   2.996732e+01 4.798004e+00 3.285385e+01
      vertex   2.999501e+01 4.650542e+00 3.287288e+01
    endloop
  endfacet
  facet normal 1.859026e-01 1.010279e-01 9.773605e-01
    outer loop
      vertex   3.049056e+01 4.671316e+00 3.277647e+01
      vertex   2.999501e+01 4.650542e+00 3.287288e+01
      vertex   3.011228e+01 4.321500e+00 3.288458e+01
    endloop
  endfacet
  facet normal 9.214593e-02 6.818372e-02 9.934083e-01
    outer loop
      vertex   3.011228e+01 4.321500e+00 3.288458e+01
      vertex   2.999501e+01 4.650542e+00 3.287288e+01
      vertex   2.983190e+01 4.425753e+00 3.290344e+01
    endloop
  endfacet
  facet normal 6.770098e-02 1.664192e-03 9.977043e-01
    outer loop
      vertex   3.011228e+01 4.321500e+00 3.288458e+01
      vertex   2.983190e+01 4.425753e+00 3.290344e+01
      vertex   2.974725e+01 4.045280e+00 3.290982e+01
    endloop
  endfacet
  facet normal 7.458885e-03 1.293827e-01 9.915667e-01
    outer loop
      vertex   2.996732e+01 4.798004e+00 3.285385e+01
      vertex   2.983190e+01 4.425753e+00 3.290344e+01
      vertex   2.999501e+01 4.650542e+00 3.287288e+01
    endloop
  endfacet
  facet normal -4.372712e-02 -1.070620e-01 9.932903e-01
    outer loop
      vertex   2.945454e+01 4.070333e+00 3.289963e+01
      vertex   2.984353e+01 3.763140e+00 3.288364e+01
      vertex   2.974725e+01 4.045280e+00 3.290982e+01
    endloop
  endfacet
  facet normal 9.154338e-02 -6.096186e-02 9.939333e-01
    outer loop
      vertex   2.974725e+01 4.045280e+00 3.290982e+01
      vertex   2.984353e+01 3.763140e+00 3.288364e+01
      vertex   3.026707e+01 4.008787e+00 3.285970e+01
    endloop
  endfacet
  facet normal 9.362690e-02 -3.283804e-02 9.950657e-01
    outer loop
      vertex   2.974725e+01 4.045280e+00 3.290982e+01
      vertex   3.026707e+01 4.008787e+00 3.285970e+01
      vertex   3.011228e+01 4.321500e+00 3.288458e+01
    endloop
  endfacet
  facet normal 2.175210e-01 3.003821e-02 9.755933e-01
    outer loop
      vertex   3.011228e+01 4.321500e+00 3.288458e+01
      vertex   3.026707e+01 4.008787e+00 3.285970e+01
      vertex   3.064677e+01 4.312538e+00 3.276569e+01
    endloop
  endfacet
  facet normal 2.177191e-01 6.552507e-02 9.738094e-01
    outer loop
      vertex   3.011228e+01 4.321500e+00 3.288458e+01
      vertex   3.064677e+01 4.312538e+00 3.276569e+01
      vertex   3.049056e+01 4.671316e+00 3.277647e+01
    endloop
  endfacet
  facet normal -1.291751e-01 -4.010502e-02 9.908105e-01
    outer loop
      vertex   2.915752e+01 4.098450e+00 3.286204e+01
      vertex   2.921256e+01 3.940577e+00 3.286283e+01
      vertex   2.945454e+01 4.070333e+00 3.289963e+01
    endloop
  endfacet
  facet normal -8.545543e-02 -1.211105e-01 9.889538e-01
    outer loop
      vertex   2.945454e+01 4.070333e+00 3.289963e+01
      vertex   2.921256e+01 3.940577e+00 3.286283e+01
      vertex   2.941735e+01 3.526968e+00 3.282987e+01
    endloop
  endfacet
  facet normal -5.666424e-02 -1.233117e-01 9.907489e-01
    outer loop
      vertex   2.945454e+01 4.070333e+00 3.289963e+01
      vertex   2.941735e+01 3.526968e+00 3.282987e+01
      vertex   2.984353e+01 3.763140e+00 3.288364e+01
    endloop
  endfacet
  facet normal -6.602202e-03 -2.106438e-01 9.775406e-01
    outer loop
      vertex   2.984353e+01 3.763140e+00 3.288364e+01
      vertex   2.941735e+01 3.526968e+00 3.282987e+01
      vertex   3.006381e+01 3.425943e+00 3.281247e+01
    endloop
  endfacet
  facet normal 1.276760e-01 -1.242890e-01 9.839975e-01
    outer loop
      vertex   2.984353e+01 3.763140e+00 3.288364e+01
      vertex   3.006381e+01 3.425943e+00 3.281247e+01
      vertex   3.045513e+01 3.720877e+00 3.279895e+01
    endloop
  endfacet
  facet normal 1.845513e-01 -2.007555e-01 9.621008e-01
    outer loop
      vertex   3.045513e+01 3.720877e+00 3.279895e+01
      vertex   3.006381e+01 3.425943e+00 3.281247e+01
      vertex   3.067226e+01 3.464085e+00 3.270371e+01
    endloop
  endfacet
  facet normal 3.014155e-01 -9.691535e-02 9.485547e-01
    outer loop
      vertex   3.045513e+01 3.720877e+00 3.279895e+01
      vertex   3.067226e+01 3.464085e+00 3.270371e+01
      vertex   3.085651e+01 3.988857e+00 3.269878e+01
    endloop
  endfacet
  facet normal 3.288853e-01 -1.066563e-01 9.383277e-01
    outer loop
      vertex   3.085651e+01 3.988857e+00 3.269878e+01
      vertex   3.067226e+01 3.464085e+00 3.270371e+01
      vertex   3.110987e+01 3.715581e+00 3.257892e+01
    endloop
  endfacet
  facet normal 3.507325e-01 -1.517303e-01 9.241021e-01
    outer loop
      vertex   3.110987e+01 3.715581e+00 3.257892e+01
      vertex   3.067226e+01 3.464085e+00 3.270371e+01
      vertex   3.091298e+01 3.244996e+00 3.257638e+01
    endloop
  endfacet
  facet normal 4.006924e-01 -1.725029e-01 8.998268e-01
    outer loop
      vertex   3.110987e+01 3.715581e+00 3.257892e+01
      vertex   3.091298e+01 3.244996e+00 3.257638e+01
      vertex   3.139487e+01 3.505635e+00 3.241176e+01
    endloop
  endfacet
  facet normal 4.087542e-01 -1.922462e-01 8.921667e-01
    outer loop
      vertex   3.139487e+01 3.505635e+00 3.241176e+01
      vertex   3.091298e+01 3.244996e+00 3.257638e+01
      vertex   3.117135e+01 3.069003e+00 3.242008e+01
    endloop
  endfacet
  facet normal 4.684572e-01 -2.235218e-01 8.547431e-01
    outer loop
      vertex   3.139487e+01 3.505635e+00 3.241176e+01
      vertex   3.117135e+01 3.069003e+00 3.242008e+01
      vertex   3.144101e+01 2.940439e+00 3.223867e+01
    endloop
  endfacet
  facet normal 3.930977e-01 -3.658430e-01 8.435835e-01
    outer loop
      vertex   3.144101e+01 2.940439e+00 3.223867e+01
      vertex   3.117135e+01 3.069003e+00 3.242008e+01
      vertex   3.090339e+01 2.661789e+00 3.236835e+01
    endloop
  endfacet
  facet normal 3.930977e-01 -3.658430e-01 8.435835e-01
    outer loop
      vertex   3.144101e+01 2.940439e+00 3.223867e+01
      vertex   3.090339e+01 2.661789e+00 3.236835e+01
      vertex   3.121950e+01 2.511082e+00 3.215569e+01
    endloop
  endfacet
  facet normal 3.083887e-01 -4.973691e-01 8.108763e-01
    outer loop
      vertex   3.121950e+01 2.511082e+00 3.215569e+01
      vertex   3.090339e+01 2.661789e+00 3.236835e+01
      vertex   3.061102e+01 2.286702e+00 3.224947e+01
    endloop
  endfacet
  facet normal 3.083887e-01 -4.973691e-01 8.108763e-01
    outer loop
      vertex   3.121950e+01 2.511082e+00 3.215569e+01
      vertex   3.061102e+01 2.286702e+00 3.224947e+01
      vertex   3.096711e+01 2.116939e+00 3.200992e+01
    endloop
  endfacet
  facet normal 2.158954e-01 -6.160816e-01 7.575174e-01
    outer loop
      vertex   3.096711e+01 2.116939e+00 3.200992e+01
      vertex   3.061102e+01 2.286702e+00 3.224947e+01
      vertex   3.030171e+01 1.953320e+00 3.206649e+01
    endloop
  endfacet
  facet normal 2.158954e-01 -6.160816e-01 7.575174e-01
    outer loop
      vertex   3.096711e+01 2.116939e+00 3.200992e+01
      vertex   3.030171e+01 1.953320e+00 3.206649e+01
      vertex   3.069026e+01 1.768076e+00 3.180509e+01
    endloop
  endfacet
  facet normal 1.179874e-01 -7.190028e-01 6.849190e-01
    outer loop
      vertex   3.069026e+01 1.768076e+00 3.180509e+01
      vertex   3.030171e+01 1.953320e+00 3.206649e+01
      vertex   2.998335e+01 1.670155e+00 3.182408e+01
    endloop
  endfacet
  facet normal 1.179874e-01 -7.190028e-01 6.849190e-01
    outer loop
      vertex   3.069026e+01 1.768076e+00 3.180509e+01
      vertex   2.998335e+01 1.670155e+00 3.182408e+01
      vertex   3.039605e+01 1.473400e+00 3.154644e+01
    endloop
  endfacet
  facet normal 1.715047e-02 -8.035716e-01 5.949610e-01
    outer loop
      vertex   3.039605e+01 1.473400e+00 3.154644e+01
      vertex   2.998335e+01 1.670155e+00 3.182408e+01
      vertex   2.966407e+01 1.444437e+00 3.152842e+01
    endloop
  endfacet
  facet normal 1.715047e-02 -8.035716e-01 5.949610e-01
    outer loop
      vertex   3.039605e+01 1.473400e+00 3.154644e+01
      vertex   2.966407e+01 1.444437e+00 3.152842e+01
      vertex   3.009197e+01 1.240436e+00 3.124056e+01
    endloop
  endfacet
  facet normal -8.407366e-02 -8.676939e-01 4.899377e-01
    outer loop
      vertex   3.009197e+01 1.240436e+00 3.124056e+01
      vertex   2.966407e+01 1.444437e+00 3.152842e+01
      vertex   2.935202e+01 1.281931e+00 3.118707e+01
    endloop
  endfacet
  facet normal -8.407366e-02 -8.676939e-01 4.899377e-01
    outer loop
      vertex   3.009197e+01 1.240436e+00 3.124056e+01
      vertex   2.935202e+01 1.281931e+00 3.118707e+01
      vertex   2.978579e+01 1.075132e+00 3.089526e+01
    endloop
  endfacet
  facet normal -1.831447e-01 -9.097814e-01 3.724994e-01
    outer loop
      vertex   2.978579e+01 1.075132e+00 3.089526e+01
      vertex   2.935202e+01 1.281931e+00 3.118707e+01
      vertex   2.905518e+01 1.186785e+00 3.080874e+01
    endloop
  endfacet
  facet normal -1.831447e-01 -9.097814e-01 3.724994e-01
    outer loop
      vertex   2.978579e+01 1.075132e+00 3.089526e+01
      vertex   2.905518e+01 1.186785e+00 3.080874e+01
      vertex   2.948533e+01 9.817096e-01 3.051936e+01
    endloop
  endfacet
  facet normal -2.775786e-01 -9.287812e-01 2.455923e-01
    outer loop
      vertex   2.948533e+01 9.817096e-01 3.051936e+01
      vertex   2.905518e+01 1.186785e+00 3.080874e+01
      vertex   2.878112e+01 1.161430e+00 3.040310e+01
    endloop
  endfacet
  facet normal -2.775786e-01 -9.287812e-01 2.455923e-01
    outer loop
      vertex   2.948533e+01 9.817096e-01 3.051936e+01
      vertex   2.878112e+01 1.161430e+00 3.040310e+01
      vertex   2.919827e+01 9.625533e-01 3.012246e+01
    endloop
  endfacet
  facet normal -3.650012e-01 -9.241978e-01 1.123947e-01
    outer loop
      vertex   2.919827e+01 9.625533e-01 3.012246e+01
      vertex   2.878112e+01 1.161430e+00 3.040310e+01
      vertex   2.853684e+01 1.206511e+00 2.998049e+01
    endloop
  endfacet
  facet normal -3.650012e-01 -9.241978e-01 1.123947e-01
    outer loop
      vertex   2.919827e+01 9.625533e-01 3.012246e+01
      vertex   2.853684e+01 1.206511e+00 2.998049e+01
      vertex   2.893193e+01 1.018153e+00 2.971470e+01
    endloop
  endfacet
  facet normal -4.364960e-01 -8.996354e-01 -1.128568e-02
    outer loop
      vertex   2.893193e+01 1.018153e+00 2.971470e+01
      vertex   2.853684e+01 1.206511e+00 2.998049e+01
      vertex   2.844899e+01 1.255497e+00 2.947335e+01
    endloop
  endfacet
  facet normal -4.131390e-01 -9.082379e-01 -6.648333e-02
    outer loop
      vertex   2.893193e+01 1.018153e+00 2.971470e+01
      vertex   2.844899e+01 1.255497e+00 2.947335e+01
      vertex   2.884670e+01 1.094874e+00 2.919618e+01
    endloop
  endfacet
  facet normal -2.178467e-01 -7.110948e-02 9.733891e-01
    outer loop
      vertex   2.915752e+01 4.098450e+00 3.286204e+01
      vertex   2.886992e+01 4.128224e+00 3.279985e+01
      vertex   2.921256e+01 3.940577e+00 3.286283e+01
    endloop
  endfacet
  facet normal -2.361432e-01 -1.070653e-01 9.658019e-01
    outer loop
      vertex   2.921256e+01 3.940577e+00 3.286283e+01
      vertex   2.886992e+01 4.128224e+00 3.279985e+01
      vertex   2.877572e+01 3.758014e+00 3.273578e+01
    endloop
  endfacet
  facet normal -2.053378e-01 -1.783431e-01 9.623046e-01
    outer loop
      vertex   2.921256e+01 3.940577e+00 3.286283e+01
      vertex   2.877572e+01 3.758014e+00 3.273578e+01
      vertex   2.941735e+01 3.526968e+00 3.282987e+01
    endloop
  endfacet
  facet normal -2.053616e-01 -1.784167e-01 9.622859e-01
    outer loop
      vertex   2.941735e+01 3.526968e+00 3.282987e+01
      vertex   2.877572e+01 3.758014e+00 3.273578e+01
      vertex   2.899940e+01 3.306313e+00 3.269977e+01
    endloop
  endfacet
  facet normal -1.405802e-01 -2.916086e-01 9.461510e-01
    outer loop
      vertex   2.941735e+01 3.526968e+00 3.282987e+01
      vertex   2.899940e+01 3.306313e+00 3.269977e+01
      vertex   2.966528e+01 3.147477e+00 3.274975e+01
    endloop
  endfacet
  facet normal -1.405959e-01 -2.916822e-01 9.461260e-01
    outer loop
      vertex   2.966528e+01 3.147477e+00 3.274975e+01
      vertex   2.899940e+01 3.306313e+00 3.269977e+01
      vertex   2.926972e+01 2.892590e+00 3.261239e+01
    endloop
  endfacet
  facet normal -6.425558e-02 -3.943112e-01 9.167278e-01
    outer loop
      vertex   2.966528e+01 3.147477e+00 3.274975e+01
      vertex   2.926972e+01 2.892590e+00 3.261239e+01
      vertex   2.995200e+01 2.808394e+00 3.262400e+01
    endloop
  endfacet
  facet normal -6.425558e-02 -3.943112e-01 9.167278e-01
    outer loop
      vertex   2.995200e+01 2.808394e+00 3.262400e+01
      vertex   2.926972e+01 2.892590e+00 3.261239e+01
      vertex   2.958259e+01 2.522585e+00 3.247517e+01
    endloop
  endfacet
  facet normal 2.212123e-02 -4.840896e-01 8.747388e-01
    outer loop
      vertex   2.995200e+01 2.808394e+00 3.262400e+01
      vertex   2.958259e+01 2.522585e+00 3.247517e+01
      vertex   3.026985e+01 2.519094e+00 3.245586e+01
    endloop
  endfacet
  facet normal 2.212123e-02 -4.840896e-01 8.747388e-01
    outer loop
      vertex   3.026985e+01 2.519094e+00 3.245586e+01
      vertex   2.958259e+01 2.522585e+00 3.247517e+01
      vertex   2.992943e+01 2.206904e+00 3.229170e+01
    endloop
  endfacet
  facet normal 1.162777e-01 -5.586248e-01 8.212295e-01
    outer loop
      vertex   3.026985e+01 2.519094e+00 3.245586e+01
      vertex   2.992943e+01 2.206904e+00 3.229170e+01
      vertex   3.061102e+01 2.286702e+00 3.224947e+01
    endloop
  endfacet
  facet normal 1.162777e-01 -5.586248e-01 8.212295e-01
    outer loop
      vertex   3.061102e+01 2.286702e+00 3.224947e+01
      vertex   2.992943e+01 2.206904e+00 3.229170e+01
      vertex   3.030171e+01 1.953320e+00 3.206649e+01
    endloop
  endfacet
  facet normal -3.107791e-01 -8.476791e-02 9.466946e-01
    outer loop
      vertex   2.886992e+01 4.128224e+00 3.279985e+01
      vertex   2.860208e+01 4.158651e+00 3.271465e+01
      vertex   2.877572e+01 3.758014e+00 3.273578e+01
    endloop
  endfacet
  facet normal -3.925517e-01 -1.220601e-01 9.115945e-01
    outer loop
      vertex   2.877572e+01 3.758014e+00 3.273578e+01
      vertex   2.860208e+01 4.158651e+00 3.271465e+01
      vertex   2.836254e+01 3.586989e+00 3.253496e+01
    endloop
  endfacet
  facet normal -3.415068e-01 -2.415302e-01 9.083151e-01
    outer loop
      vertex   2.877572e+01 3.758014e+00 3.273578e+01
      vertex   2.836254e+01 3.586989e+00 3.253496e+01
      vertex   2.899940e+01 3.306313e+00 3.269977e+01
    endloop
  endfacet
  facet normal -3.415339e-01 -2.416102e-01 9.082836e-01
    outer loop
      vertex   2.899940e+01 3.306313e+00 3.269977e+01
      vertex   2.836254e+01 3.586989e+00 3.253496e+01
      vertex   2.860034e+01 3.106824e+00 3.249665e+01
    endloop
  endfacet
  facet normal -2.708568e-01 -3.650892e-01 8.907000e-01
    outer loop
      vertex   2.899940e+01 3.306313e+00 3.269977e+01
      vertex   2.860034e+01 3.106824e+00 3.249665e+01
      vertex   2.926972e+01 2.892590e+00 3.261239e+01
    endloop
  endfacet
  facet normal -2.708755e-01 -3.651683e-01 8.906619e-01
    outer loop
      vertex   2.926972e+01 2.892590e+00 3.261239e+01
      vertex   2.860034e+01 3.106824e+00 3.249665e+01
      vertex   2.888724e+01 2.667790e+00 3.240390e+01
    endloop
  endfacet
  facet normal -1.876284e-01 -4.770742e-01 8.586011e-01
    outer loop
      vertex   2.926972e+01 2.892590e+00 3.261239e+01
      vertex   2.888724e+01 2.667790e+00 3.240390e+01
      vertex   2.958259e+01 2.522585e+00 3.247517e+01
    endloop
  endfacet
  facet normal -1.876284e-01 -4.770742e-01 8.586011e-01
    outer loop
      vertex   2.958259e+01 2.522585e+00 3.247517e+01
      vertex   2.888724e+01 2.667790e+00 3.240390e+01
      vertex   2.921954e+01 2.274794e+00 3.225815e+01
    endloop
  endfacet
  facet normal -9.340023e-02 -5.750131e-01 8.127954e-01
    outer loop
      vertex   2.958259e+01 2.522585e+00 3.247517e+01
      vertex   2.921954e+01 2.274794e+00 3.225815e+01
      vertex   2.992943e+01 2.206904e+00 3.229170e+01
    endloop
  endfacet
  facet normal -9.340023e-02 -5.750131e-01 8.127954e-01
    outer loop
      vertex   2.992943e+01 2.206904e+00 3.229170e+01
      vertex   2.921954e+01 2.274794e+00 3.225815e+01
      vertex   2.958794e+01 1.939497e+00 3.206328e+01
    endloop
  endfacet
  facet normal 9.314776e-03 -6.563234e-01 7.544222e-01
    outer loop
      vertex   2.992943e+01 2.206904e+00 3.229170e+01
      vertex   2.958794e+01 1.939497e+00 3.206328e+01
      vertex   3.030171e+01 1.953320e+00 3.206649e+01
    endloop
  endfacet
  facet normal 9.314776e-03 -6.563234e-01 7.544222e-01
    outer loop
      vertex   3.030171e+01 1.953320e+00 3.206649e+01
      vertex   2.958794e+01 1.939497e+00 3.206328e+01
      vertex   2.998335e+01 1.670155e+00 3.182408e+01
    endloop
  endfacet
  facet normal -4.086609e-01 -1.134289e-01 9.056104e-01
    outer loop
      vertex   2.836254e+01 3.586989e+00 3.253496e+01
      vertex   2.860208e+01 4.158651e+00 3.271465e+01
      vertex   2.818306e+01 4.090559e+00 3.251704e+01
    endloop
  endfacet
  facet normal -4.056600e-01 -1.295386e-01 9.047982e-01
    outer loop
      vertex   2.818306e+01 4.090559e+00 3.251704e+01
      vertex   2.860208e+01 4.158651e+00 3.271465e+01
      vertex   2.833086e+01 4.192475e+00 3.259790e+01
    endloop
  endfacet
  facet normal -4.746745e-01 -9.863210e-03 8.801062e-01
    outer loop
      vertex   2.818306e+01 4.090559e+00 3.251704e+01
      vertex   2.833086e+01 4.192475e+00 3.259790e+01
      vertex   2.806965e+01 4.227824e+00 3.245741e+01
    endloop
  endfacet
  facet normal -5.637755e-01 -1.102325e-01 8.185389e-01
    outer loop
      vertex   2.806965e+01 4.227824e+00 3.245741e+01
      vertex   2.783544e+01 4.262550e+00 3.230077e+01
      vertex   2.818306e+01 4.090559e+00 3.251704e+01
    endloop
  endfacet
  facet normal -5.537487e-01 -7.662259e-02 8.291510e-01
    outer loop
      vertex   2.818306e+01 4.090559e+00 3.251704e+01
      vertex   2.783544e+01 4.262550e+00 3.230077e+01
      vertex   2.779748e+01 3.953988e+00 3.224691e+01
    endloop
  endfacet
  facet normal -5.282285e-01 -1.585851e-01 8.341615e-01
    outer loop
      vertex   2.818306e+01 4.090559e+00 3.251704e+01
      vertex   2.779748e+01 3.953988e+00 3.224691e+01
      vertex   2.836254e+01 3.586989e+00 3.253496e+01
    endloop
  endfacet
  facet normal -5.282285e-01 -1.585851e-01 8.341615e-01
    outer loop
      vertex   2.836254e+01 3.586989e+00 3.253496e+01
      vertex   2.779748e+01 3.953988e+00 3.224691e+01
      vertex   2.798356e+01 3.431871e+00 3.226548e+01
    endloop
  endfacet
  facet normal -4.688907e-01 -2.985388e-01 8.312738e-01
    outer loop
      vertex   2.836254e+01 3.586989e+00 3.253496e+01
      vertex   2.798356e+01 3.431871e+00 3.226548e+01
      vertex   2.860034e+01 3.106824e+00 3.249665e+01
    endloop
  endfacet
  facet normal -4.689175e-01 -2.986215e-01 8.312289e-01
    outer loop
      vertex   2.860034e+01 3.106824e+00 3.249665e+01
      vertex   2.798356e+01 3.431871e+00 3.226548e+01
      vertex   2.823036e+01 2.933610e+00 3.222570e+01
    endloop
  endfacet
  facet normal -3.941535e-01 -4.292458e-01 8.126445e-01
    outer loop
      vertex   2.860034e+01 3.106824e+00 3.249665e+01
      vertex   2.823036e+01 2.933610e+00 3.222570e+01
      vertex   2.888724e+01 2.667790e+00 3.240390e+01
    endloop
  endfacet
  facet normal -3.941721e-01 -4.293262e-01 8.125930e-01
    outer loop
      vertex   2.888724e+01 2.667790e+00 3.240390e+01
      vertex   2.823036e+01 2.933610e+00 3.222570e+01
      vertex   2.852759e+01 2.478816e+00 3.212960e+01
    endloop
  endfacet
  facet normal -3.061426e-01 -5.476495e-01 7.786891e-01
    outer loop
      vertex   2.888724e+01 2.667790e+00 3.240390e+01
      vertex   2.852759e+01 2.478816e+00 3.212960e+01
      vertex   2.921954e+01 2.274794e+00 3.225815e+01
    endloop
  endfacet
  facet normal -3.061426e-01 -5.476495e-01 7.786891e-01
    outer loop
      vertex   2.921954e+01 2.274794e+00 3.225815e+01
      vertex   2.852759e+01 2.478816e+00 3.212960e+01
      vertex   2.887213e+01 2.071346e+00 3.197848e+01
    endloop
  endfacet
  facet normal -2.064641e-01 -6.512534e-01 7.302339e-01
    outer loop
      vertex   2.921954e+01 2.274794e+00 3.225815e+01
      vertex   2.887213e+01 2.071346e+00 3.197848e+01
      vertex   2.958794e+01 1.939497e+00 3.206328e+01
    endloop
  endfacet
  facet normal -2.064641e-01 -6.512534e-01 7.302339e-01
    outer loop
      vertex   2.958794e+01 1.939497e+00 3.206328e+01
      vertex   2.887213e+01 2.071346e+00 3.197848e+01
      vertex   2.925409e+01 1.723699e+00 3.177643e+01
    endloop
  endfacet
  facet normal -9.780795e-02 -7.372667e-01 6.684844e-01
    outer loop
      vertex   2.958794e+01 1.939497e+00 3.206328e+01
      vertex   2.925409e+01 1.723699e+00 3.177643e+01
      vertex   2.998335e+01 1.670155e+00 3.182408e+01
    endloop
  endfacet
  facet normal -9.780795e-02 -7.372667e-01 6.684844e-01
    outer loop
      vertex   2.998335e+01 1.670155e+00 3.182408e+01
      vertex   2.925409e+01 1.723699e+00 3.177643e+01
      vertex   2.966407e+01 1.444437e+00 3.152842e+01
    endloop
  endfacet
  facet normal -6.365212e-01 -5.597757e-02 7.692251e-01
    outer loop
      vertex   2.783544e+01 4.262550e+00 3.230077e+01
      vertex   2.760608e+01 4.299888e+00 3.211370e+01
      vertex   2.779748e+01 3.953988e+00 3.224691e+01
    endloop
  endfacet
  facet normal -6.787826e-01 -9.518266e-02 7.281446e-01
    outer loop
      vertex   2.779748e+01 3.953988e+00 3.224691e+01
      vertex   2.760608e+01 4.299888e+00 3.211370e+01
      vertex   2.745984e+01 3.825896e+00 3.191541e+01
    endloop
  endfacet
  facet normal -6.454095e-01 -2.038362e-01 7.361368e-01
    outer loop
      vertex   2.779748e+01 3.953988e+00 3.224691e+01
      vertex   2.745984e+01 3.825896e+00 3.191541e+01
      vertex   2.798356e+01 3.431871e+00 3.226548e+01
    endloop
  endfacet
  facet normal -6.454095e-01 -2.038362e-01 7.361368e-01
    outer loop
      vertex   2.798356e+01 3.431871e+00 3.226548e+01
      vertex   2.745984e+01 3.825896e+00 3.191541e+01
      vertex   2.764847e+01 3.296619e+00 3.193424e+01
    endloop
  endfacet
  facet normal -5.843028e-01 -3.479434e-01 7.331614e-01
    outer loop
      vertex   2.798356e+01 3.431871e+00 3.226548e+01
      vertex   2.764847e+01 3.296619e+00 3.193424e+01
      vertex   2.823036e+01 2.933610e+00 3.222570e+01
    endloop
  endfacet
  facet normal -5.843254e-01 -3.480252e-01 7.331045e-01
    outer loop
      vertex   2.823036e+01 2.933610e+00 3.222570e+01
      vertex   2.764847e+01 3.296619e+00 3.193424e+01
      vertex   2.789889e+01 2.791108e+00 3.189385e+01
    endloop
  endfacet
  facet normal -5.073832e-01 -4.824781e-01 7.139868e-01
    outer loop
      vertex   2.823036e+01 2.933610e+00 3.222570e+01
      vertex   2.789889e+01 2.791108e+00 3.189385e+01
      vertex   2.852759e+01 2.478816e+00 3.212960e+01
    endloop
  endfacet
  facet normal -5.073982e-01 -4.825561e-01 7.139235e-01
    outer loop
      vertex   2.852759e+01 2.478816e+00 3.212960e+01
      vertex   2.789889e+01 2.791108e+00 3.189385e+01
      vertex   2.819996e+01 2.330495e+00 3.179649e+01
    endloop
  endfacet
  facet normal -4.168257e-01 -6.042840e-01 6.790413e-01
    outer loop
      vertex   2.852759e+01 2.478816e+00 3.212960e+01
      vertex   2.819996e+01 2.330495e+00 3.179649e+01
      vertex   2.887213e+01 2.071346e+00 3.197848e+01
    endloop
  endfacet
  facet normal -4.168257e-01 -6.042840e-01 6.790413e-01
    outer loop
      vertex   2.887213e+01 2.071346e+00 3.197848e+01
      vertex   2.819996e+01 2.330495e+00 3.179649e+01
      vertex   2.854922e+01 1.917436e+00 3.164330e+01
    endloop
  endfacet
  facet normal -3.142308e-01 -7.109191e-01 6.291684e-01
    outer loop
      vertex   2.887213e+01 2.071346e+00 3.197848e+01
      vertex   2.854922e+01 1.917436e+00 3.164330e+01
      vertex   2.925409e+01 1.723699e+00 3.177643e+01
    endloop
  endfacet
  facet normal -3.142308e-01 -7.109191e-01 6.291684e-01
    outer loop
      vertex   2.925409e+01 1.723699e+00 3.177643e+01
      vertex   2.854922e+01 1.917436e+00 3.164330e+01
      vertex   2.893642e+01 1.565023e+00 3.143848e+01
    endloop
  endfacet
  facet normal -2.023956e-01 -7.994491e-01 5.656122e-01
    outer loop
      vertex   2.925409e+01 1.723699e+00 3.177643e+01
      vertex   2.893642e+01 1.565023e+00 3.143848e+01
      vertex   2.966407e+01 1.444437e+00 3.152842e+01
    endloop
  endfacet
  facet normal -2.023956e-01 -7.994491e-01 5.656122e-01
    outer loop
      vertex   2.966407e+01 1.444437e+00 3.152842e+01
      vertex   2.893642e+01 1.565023e+00 3.143848e+01
      vertex   2.935202e+01 1.281931e+00 3.118707e+01
    endloop
  endfacet
  facet normal -5.872151e-01 1.993727e-01 7.844928e-01
    outer loop
      vertex   2.782199e+01 5.342986e+00 3.210952e+01
      vertex   2.761996e+01 5.025435e+00 3.203900e+01
      vertex   2.768075e+01 4.815040e+00 3.213797e+01
    endloop
  endfacet
  facet normal -7.158261e-01 1.170106e-01 6.884051e-01
    outer loop
      vertex   2.768075e+01 4.815040e+00 3.213797e+01
      vertex   2.761996e+01 5.025435e+00 3.203900e+01
      vertex   2.727989e+01 4.912037e+00 3.170465e+01
    endloop
  endfacet
  facet normal -7.201022e-01 9.472332e-02 6.873720e-01
    outer loop
      vertex   2.768075e+01 4.815040e+00 3.213797e+01
      vertex   2.727989e+01 4.912037e+00 3.170465e+01
      vertex   2.733596e+01 4.368825e+00 3.183824e+01
    endloop
  endfacet
  facet normal -8.149993e-01 5.768050e-02 5.765840e-01
    outer loop
      vertex   2.733596e+01 4.368825e+00 3.183824e+01
      vertex   2.727989e+01 4.912037e+00 3.170465e+01
      vertex   2.700031e+01 4.786648e+00 3.132201e+01
    endloop
  endfacet
  facet normal -8.149993e-01 5.768050e-02 5.765840e-01
    outer loop
      vertex   2.733596e+01 4.368825e+00 3.183824e+01
      vertex   2.700031e+01 4.786648e+00 3.132201e+01
      vertex   2.705591e+01 4.247961e+00 3.145449e+01
    endloop
  endfacet
  facet normal -8.953108e-01 1.705704e-02 4.451154e-01
    outer loop
      vertex   2.705591e+01 4.247961e+00 3.145449e+01
      vertex   2.700031e+01 4.786648e+00 3.132201e+01
      vertex   2.678836e+01 4.652468e+00 3.090084e+01
    endloop
  endfacet
  facet normal -8.953108e-01 1.705704e-02 4.451154e-01
    outer loop
      vertex   2.705591e+01 4.247961e+00 3.145449e+01
      vertex   2.678836e+01 4.652468e+00 3.090084e+01
      vertex   2.684229e+01 4.130066e+00 3.102932e+01
    endloop
  endfacet
  facet normal -9.529145e-01 -2.401649e-02 3.022864e-01
    outer loop
      vertex   2.684229e+01 4.130066e+00 3.102932e+01
      vertex   2.678836e+01 4.652468e+00 3.090084e+01
      vertex   2.664947e+01 4.512924e+00 3.045192e+01
    endloop
  endfacet
  facet normal -9.529145e-01 -2.401649e-02 3.022864e-01
    outer loop
      vertex   2.684229e+01 4.130066e+00 3.102932e+01
      vertex   2.664947e+01 4.512924e+00 3.045192e+01
      vertex   2.670054e+01 4.018150e+00 3.057360e+01
    endloop
  endfacet
  facet normal -9.847164e-01 -6.157581e-02 1.629173e-01
    outer loop
      vertex   2.670054e+01 4.018150e+00 3.057360e+01
      vertex   2.664947e+01 4.512924e+00 3.045192e+01
      vertex   2.661811e+01 4.022191e+00 3.007687e+01
    endloop
  endfacet
  facet normal -9.719784e-01 -1.723053e-01 1.599026e-01
    outer loop
      vertex   2.670054e+01 4.018150e+00 3.057360e+01
      vertex   2.661811e+01 4.022191e+00 3.007687e+01
      vertex   2.671890e+01 3.528009e+00 3.015705e+01
    endloop
  endfacet
  facet normal -6.603467e-01 2.639922e-01 7.030294e-01
    outer loop
      vertex   2.761996e+01 5.025435e+00 3.203900e+01
      vertex   2.782199e+01 5.342986e+00 3.210952e+01
      vertex   2.763290e+01 5.548384e+00 3.185478e+01
    endloop
  endfacet
  facet normal -6.143845e-01 3.256827e-01 7.186532e-01
    outer loop
      vertex   2.763290e+01 5.548384e+00 3.185478e+01
      vertex   2.782199e+01 5.342986e+00 3.210952e+01
      vertex   2.791585e+01 5.597255e+00 3.207453e+01
    endloop
  endfacet
  facet normal -6.044402e-01 3.989606e-01 6.895524e-01
    outer loop
      vertex   2.763290e+01 5.548384e+00 3.185478e+01
      vertex   2.791585e+01 5.597255e+00 3.207453e+01
      vertex   2.802049e+01 5.836073e+00 3.202808e+01
    endloop
  endfacet
  facet normal -5.382752e-01 4.568602e-01 7.081939e-01
    outer loop
      vertex   2.813520e+01 6.059943e+00 3.197084e+01
      vertex   2.810233e+01 6.107814e+00 3.191498e+01
      vertex   2.802049e+01 5.836073e+00 3.202808e+01
    endloop
  endfacet
  facet normal -5.806137e-01 4.556789e-01 6.747181e-01
    outer loop
      vertex   2.802049e+01 5.836073e+00 3.202808e+01
      vertex   2.810233e+01 6.107814e+00 3.191498e+01
      vertex   2.771378e+01 6.045540e+00 3.162267e+01
    endloop
  endfacet
  facet normal -6.097536e-01 4.145696e-01 6.755239e-01
    outer loop
      vertex   2.802049e+01 5.836073e+00 3.202808e+01
      vertex   2.771378e+01 6.045540e+00 3.162267e+01
      vertex   2.763290e+01 5.548384e+00 3.185478e+01
    endloop
  endfacet
  facet normal -7.067488e-01 3.904131e-01 5.899862e-01
    outer loop
      vertex   2.763290e+01 5.548384e+00 3.185478e+01
      vertex   2.771378e+01 6.045540e+00 3.162267e+01
      vertex   2.737498e+01 5.946131e+00 3.128261e+01
    endloop
  endfacet
  facet normal -7.067488e-01 3.904131e-01 5.899862e-01
    outer loop
      vertex   2.763290e+01 5.548384e+00 3.185478e+01
      vertex   2.737498e+01 5.946131e+00 3.128261e+01
      vertex   2.729300e+01 5.442157e+00 3.151790e+01
    endloop
  endfacet
  facet normal -8.077132e-01 3.521510e-01 4.728521e-01
    outer loop
      vertex   2.729300e+01 5.442157e+00 3.151790e+01
      vertex   2.737498e+01 5.946131e+00 3.128261e+01
      vertex   2.709461e+01 5.812126e+00 3.090349e+01
    endloop
  endfacet
  facet normal -8.077132e-01 3.521510e-01 4.728521e-01
    outer loop
      vertex   2.729300e+01 5.442157e+00 3.151790e+01
      vertex   2.709461e+01 5.812126e+00 3.090349e+01
      vertex   2.701331e+01 5.312351e+00 3.113682e+01
    endloop
  endfacet
  facet normal -8.881874e-01 3.049458e-01 3.437021e-01
    outer loop
      vertex   2.701331e+01 5.312351e+00 3.113682e+01
      vertex   2.709461e+01 5.812126e+00 3.090349e+01
      vertex   2.687982e+01 5.646946e+00 3.049498e+01
    endloop
  endfacet
  facet normal -8.881874e-01 3.049458e-01 3.437021e-01
    outer loop
      vertex   2.701331e+01 5.312351e+00 3.113682e+01
      vertex   2.687982e+01 5.646946e+00 3.049498e+01
      vertex   2.680098e+01 5.162279e+00 3.072126e+01
    endloop
  endfacet
  facet normal -9.461351e-01 2.499755e-01 2.057685e-01
    outer loop
      vertex   2.680098e+01 5.162279e+00 3.072126e+01
      vertex   2.687982e+01 5.646946e+00 3.049498e+01
      vertex   2.673609e+01 5.454809e+00 3.006752e+01
    endloop
  endfacet
  facet normal -9.461351e-01 2.499755e-01 2.057685e-01
    outer loop
      vertex   2.680098e+01 5.162279e+00 3.072126e+01
      vertex   2.673609e+01 5.454809e+00 3.006752e+01
      vertex   2.666142e+01 4.995774e+00 3.028182e+01
    endloop
  endfacet
  facet normal -9.778207e-01 1.948839e-01 7.672569e-02
    outer loop
      vertex   2.666142e+01 4.995774e+00 3.028182e+01
      vertex   2.673609e+01 5.454809e+00 3.006752e+01
      vertex   2.661862e+01 4.988007e+00 2.975608e+01
    endloop
  endfacet
  facet normal -9.915609e-01 1.026313e-01 7.920714e-02
    outer loop
      vertex   2.666142e+01 4.995774e+00 3.028182e+01
      vertex   2.661862e+01 4.988007e+00 2.975608e+01
      vertex   2.658436e+01 4.513569e+00 2.994192e+01
    endloop
  endfacet
  facet normal -4.737302e-01 5.114104e-01 7.169652e-01
    outer loop
      vertex   2.813520e+01 6.059943e+00 3.197084e+01
      vertex   2.826752e+01 6.283234e+00 3.189900e+01
      vertex   2.810233e+01 6.107814e+00 3.191498e+01
    endloop
  endfacet
  facet normal -5.256817e-01 5.538380e-01 6.456951e-01
    outer loop
      vertex   2.810233e+01 6.107814e+00 3.191498e+01
      vertex   2.826752e+01 6.283234e+00 3.189900e+01
      vertex   2.824393e+01 6.550627e+00 3.165044e+01
    endloop
  endfacet
  facet normal -5.565848e-01 5.499755e-01 6.226880e-01
    outer loop
      vertex   2.810233e+01 6.107814e+00 3.191498e+01
      vertex   2.824393e+01 6.550627e+00 3.165044e+01
      vertex   2.786059e+01 6.504663e+00 3.134839e+01
    endloop
  endfacet
  facet normal -5.077466e-01 6.691916e-01 5.425643e-01
    outer loop
      vertex   2.786059e+01 6.504663e+00 3.134839e+01
      vertex   2.824393e+01 6.550627e+00 3.165044e+01
      vertex   2.806973e+01 6.914447e+00 3.103869e+01
    endloop
  endfacet
  facet normal -6.243283e-01 6.481599e-01 4.360079e-01
    outer loop
      vertex   2.786059e+01 6.504663e+00 3.134839e+01
      vertex   2.806973e+01 6.914447e+00 3.103869e+01
      vertex   2.773582e+01 6.826954e+00 3.069062e+01
    endloop
  endfacet
  facet normal -5.571852e-01 7.555043e-01 3.446128e-01
    outer loop
      vertex   2.773582e+01 6.826954e+00 3.069062e+01
      vertex   2.806973e+01 6.914447e+00 3.103869e+01
      vertex   2.800580e+01 7.182114e+00 3.034850e+01
    endloop
  endfacet
  facet normal -6.576947e-01 7.183522e-01 2.267327e-01
    outer loop
      vertex   2.773582e+01 6.826954e+00 3.069062e+01
      vertex   2.800580e+01 7.182114e+00 3.034850e+01
      vertex   2.772017e+01 7.037811e+00 2.997716e+01
    endloop
  endfacet
  facet normal -5.750784e-01 8.079652e-01 1.283629e-01
    outer loop
      vertex   2.772017e+01 7.037811e+00 2.997716e+01
      vertex   2.800580e+01 7.182114e+00 3.034850e+01
      vertex   2.803878e+01 7.321597e+00 2.961830e+01
    endloop
  endfacet
  facet normal -6.607523e-01 7.505722e-01 6.912459e-03
    outer loop
      vertex   2.772017e+01 7.037811e+00 2.997716e+01
      vertex   2.803878e+01 7.321597e+00 2.961830e+01
      vertex   2.779544e+01 7.110786e+00 2.924864e+01
    endloop
  endfacet
  facet normal -5.670436e-01 8.183709e-01 -9.343793e-02
    outer loop
      vertex   2.779544e+01 7.110786e+00 2.924864e+01
      vertex   2.803878e+01 7.321597e+00 2.961830e+01
      vertex   2.814616e+01 7.312871e+00 2.889020e+01
    endloop
  endfacet
  facet normal -6.404933e-01 7.386168e-01 -2.102702e-01
    outer loop
      vertex   2.779544e+01 7.110786e+00 2.924864e+01
      vertex   2.814616e+01 7.312871e+00 2.889020e+01
      vertex   2.793546e+01 7.032630e+00 2.854761e+01
    endloop
  endfacet
  facet normal -5.411897e-01 7.826989e-01 -3.074022e-01
    outer loop
      vertex   2.793546e+01 7.032630e+00 2.854761e+01
      vertex   2.814616e+01 7.312871e+00 2.889020e+01
      vertex   2.829898e+01 7.150059e+00 2.820661e+01
    endloop
  endfacet
  facet normal -6.035209e-01 6.854451e-01 -4.073421e-01
    outer loop
      vertex   2.793546e+01 7.032630e+00 2.854761e+01
      vertex   2.829898e+01 7.150059e+00 2.820661e+01
      vertex   2.806844e+01 6.795668e+00 2.795183e+01
    endloop
  endfacet
  facet normal -5.181227e-01 6.952206e-01 -4.982139e-01
    outer loop
      vertex   2.806844e+01 6.795668e+00 2.795183e+01
      vertex   2.829898e+01 7.150059e+00 2.820661e+01
      vertex   2.845194e+01 6.842091e+00 2.761780e+01
    endloop
  endfacet
  facet normal -5.061808e-01 7.032026e-01 -4.992866e-01
    outer loop
      vertex   2.845194e+01 6.842091e+00 2.761780e+01
      vertex   2.829898e+01 7.150059e+00 2.820661e+01
      vertex   2.868491e+01 7.190628e+00 2.787249e+01
    endloop
  endfacet
  facet normal -4.048341e-01 7.002755e-01 -5.879827e-01
    outer loop
      vertex   2.845194e+01 6.842091e+00 2.761780e+01
      vertex   2.868491e+01 7.190628e+00 2.787249e+01
      vertex   2.908373e+01 7.153338e+00 2.755348e+01
    endloop
  endfacet
  facet normal -3.221973e-01 8.057196e-01 -4.969957e-01
    outer loop
      vertex   2.908373e+01 7.153338e+00 2.755348e+01
      vertex   2.868491e+01 7.190628e+00 2.787249e+01
      vertex   2.893745e+01 7.479691e+00 2.817739e+01
    endloop
  endfacet
  facet normal -3.221973e-01 8.057196e-01 -4.969957e-01
    outer loop
      vertex   2.908373e+01 7.153338e+00 2.755348e+01
      vertex   2.893745e+01 7.479691e+00 2.817739e+01
      vertex   2.935855e+01 7.440319e+00 2.784057e+01
    endloop
  endfacet
  facet normal -2.326038e-01 8.888771e-01 -3.947061e-01
    outer loop
      vertex   2.935855e+01 7.440319e+00 2.784057e+01
      vertex   2.893745e+01 7.479691e+00 2.817739e+01
      vertex   2.921639e+01 7.702002e+00 2.851365e+01
    endloop
  endfacet
  facet normal -2.326038e-01 8.888771e-01 -3.947061e-01
    outer loop
      vertex   2.935855e+01 7.440319e+00 2.784057e+01
      vertex   2.921639e+01 7.702002e+00 2.851365e+01
      vertex   2.965061e+01 7.661402e+00 2.816633e+01
    endloop
  endfacet
  facet normal -1.371416e-01 9.494321e-01 -2.824375e-01
    outer loop
      vertex   2.965061e+01 7.661402e+00 2.816633e+01
      vertex   2.921639e+01 7.702002e+00 2.851365e+01
      vertex   2.951459e+01 7.851884e+00 2.887270e+01
    endloop
  endfacet
  facet normal -1.371416e-01 9.494321e-01 -2.824375e-01
    outer loop
      vertex   2.965061e+01 7.661402e+00 2.816633e+01
      vertex   2.951459e+01 7.851884e+00 2.887270e+01
      vertex   2.995246e+01 7.810944e+00 2.852246e+01
    endloop
  endfacet
  facet normal -3.821004e-02 9.858836e-01 -1.630139e-01
    outer loop
      vertex   2.995246e+01 7.810944e+00 2.852246e+01
      vertex   2.951459e+01 7.851884e+00 2.887270e+01
      vertex   2.982443e+01 7.925512e+00 2.924536e+01
    endloop
  endfacet
  facet normal -3.821004e-02 9.858836e-01 -1.630139e-01
    outer loop
      vertex   2.995246e+01 7.810944e+00 2.852246e+01
      vertex   2.982443e+01 7.925512e+00 2.924536e+01
      vertex   3.025638e+01 7.885125e+00 2.889986e+01
    endloop
  endfacet
  facet normal 6.171034e-02 9.973150e-01 -3.942936e-02
    outer loop
      vertex   3.025638e+01 7.885125e+00 2.889986e+01
      vertex   2.982443e+01 7.925512e+00 2.924536e+01
      vertex   3.013802e+01 7.921003e+00 2.962212e+01
    endloop
  endfacet
  facet normal 6.171034e-02 9.973150e-01 -3.942936e-02
    outer loop
      vertex   3.025638e+01 7.885125e+00 2.889986e+01
      vertex   3.013802e+01 7.921003e+00 2.962212e+01
      vertex   3.055462e+01 7.882051e+00 2.928889e+01
    endloop
  endfacet
  facet normal 1.601108e-01 9.834138e-01 8.521621e-02
    outer loop
      vertex   3.055462e+01 7.882051e+00 2.928889e+01
      vertex   3.013802e+01 7.921003e+00 2.962212e+01
      vertex   3.044733e+01 7.838475e+00 2.999335e+01
    endloop
  endfacet
  facet normal 1.601108e-01 9.834138e-01 8.521621e-02
    outer loop
      vertex   3.055462e+01 7.882051e+00 2.928889e+01
      vertex   3.044733e+01 7.838475e+00 2.999335e+01
      vertex   3.083956e+01 7.801802e+00 2.967962e+01
    endloop
  endfacet
  facet normal 2.545090e-01 9.444846e-01 2.077837e-01
    outer loop
      vertex   3.083956e+01 7.801802e+00 2.967962e+01
      vertex   3.044733e+01 7.838475e+00 2.999335e+01
      vertex   3.074447e+01 7.680034e+00 3.034959e+01
    endloop
  endfacet
  facet normal 2.545090e-01 9.444846e-01 2.077837e-01
    outer loop
      vertex   3.083956e+01 7.801802e+00 2.967962e+01
      vertex   3.074447e+01 7.680034e+00 3.034959e+01
      vertex   3.110392e+01 7.646425e+00 3.006207e+01
    endloop
  endfacet
  facet normal 3.425053e-01 8.814521e-01 3.251651e-01
    outer loop
      vertex   3.110392e+01 7.646425e+00 3.006207e+01
      vertex   3.074447e+01 7.680034e+00 3.034959e+01
      vertex   3.102186e+01 7.449725e+00 3.068172e+01
    endloop
  endfacet
  facet normal 3.425053e-01 8.814521e-01 3.251651e-01
    outer loop
      vertex   3.110392e+01 7.646425e+00 3.006207e+01
      vertex   3.102186e+01 7.449725e+00 3.068172e+01
      vertex   3.134096e+01 7.419889e+00 3.042648e+01
    endloop
  endfacet
  facet normal 4.218419e-01 7.958534e-01 4.343578e-01
    outer loop
      vertex   3.134096e+01 7.419889e+00 3.042648e+01
      vertex   3.102186e+01 7.449725e+00 3.068172e+01
      vertex   3.127241e+01 7.153430e+00 3.098128e+01
    endloop
  endfacet
  facet normal 4.218419e-01 7.958534e-01 4.343578e-01
    outer loop
      vertex   3.134096e+01 7.419889e+00 3.042648e+01
      vertex   3.127241e+01 7.153430e+00 3.098128e+01
      vertex   3.154463e+01 7.127978e+00 3.076354e+01
    endloop
  endfacet
  facet normal 4.894441e-01 6.916860e-01 5.310508e-01
    outer loop
      vertex   3.154463e+01 7.127978e+00 3.076354e+01
      vertex   3.127241e+01 7.153430e+00 3.098128e+01
      vertex   3.167997e+01 6.783393e+00 3.108762e+01
    endloop
  endfacet
  facet normal 5.518466e-01 6.760174e-01 4.883296e-01
    outer loop
      vertex   3.154463e+01 7.127978e+00 3.076354e+01
      vertex   3.167997e+01 6.783393e+00 3.108762e+01
      vertex   3.181895e+01 7.050010e+00 3.056148e+01
    endloop
  endfacet
  facet normal 5.563107e-01 6.727094e-01 4.878325e-01
    outer loop
      vertex   3.181895e+01 7.050010e+00 3.056148e+01
      vertex   3.167997e+01 6.783393e+00 3.108762e+01
      vertex   3.198711e+01 6.692627e+00 3.086253e+01
    endloop
  endfacet
  facet normal 6.102862e-01 6.583358e-01 4.406186e-01
    outer loop
      vertex   3.181895e+01 7.050010e+00 3.056148e+01
      vertex   3.198711e+01 6.692627e+00 3.086253e+01
      vertex   3.208861e+01 6.921447e+00 3.038006e+01
    endloop
  endfacet
  facet normal 6.389079e-01 6.343155e-01 4.352477e-01
    outer loop
      vertex   3.208861e+01 6.921447e+00 3.038006e+01
      vertex   3.198711e+01 6.692627e+00 3.086253e+01
      vertex   3.228439e+01 6.524389e+00 3.067133e+01
    endloop
  endfacet
  facet normal 6.690394e-01 6.249661e-01 4.022483e-01
    outer loop
      vertex   3.208861e+01 6.921447e+00 3.038006e+01
      vertex   3.228439e+01 6.524389e+00 3.067133e+01
      vertex   3.234698e+01 6.745454e+00 3.022377e+01
    endloop
  endfacet
  facet normal 7.156237e-01 5.813346e-01 3.872117e-01
    outer loop
      vertex   3.234698e+01 6.745454e+00 3.022377e+01
      vertex   3.228439e+01 6.524389e+00 3.067133e+01
      vertex   3.255776e+01 6.286636e+00 3.052306e+01
    endloop
  endfacet
  facet normal 7.245986e-01 5.778540e-01 3.755552e-01
    outer loop
      vertex   3.234698e+01 6.745454e+00 3.022377e+01
      vertex   3.255776e+01 6.286636e+00 3.052306e+01
      vertex   3.258770e+01 6.526364e+00 3.009643e+01
    endloop
  endfacet
  facet normal 7.753076e-01 5.258193e-01 3.498745e-01
    outer loop
      vertex   3.258770e+01 6.526364e+00 3.009643e+01
      vertex   3.255776e+01 6.286636e+00 3.052306e+01
      vertex   3.280483e+01 6.269573e+00 3.000120e+01
    endloop
  endfacet
  facet normal 7.835376e-01 5.872373e-01 2.030299e-01
    outer loop
      vertex   3.258770e+01 6.526364e+00 3.009643e+01
      vertex   3.280483e+01 6.269573e+00 3.000120e+01
      vertex   3.281823e+01 6.413631e+00 2.953283e+01
    endloop
  endfacet
  facet normal 8.404626e-01 5.107041e-01 1.811183e-01
    outer loop
      vertex   3.281823e+01 6.413631e+00 2.953283e+01
      vertex   3.280483e+01 6.269573e+00 3.000120e+01
      vertex   3.303885e+01 6.075826e+00 2.946157e+01
    endloop
  endfacet
  facet normal 8.393676e-01 5.430075e-01 2.459429e-02
    outer loop
      vertex   3.281823e+01 6.413631e+00 2.953283e+01
      vertex   3.303885e+01 6.075826e+00 2.946157e+01
      vertex   3.301649e+01 6.132416e+00 2.897516e+01
    endloop
  endfacet
  facet normal 8.965156e-01 4.428920e-01 1.031992e-02
    outer loop
      vertex   3.301649e+01 6.132416e+00 2.897516e+01
      vertex   3.303885e+01 6.075826e+00 2.946157e+01
      vertex   3.322069e+01 5.719834e+00 2.894235e+01
    endloop
  endfacet
  facet normal 8.815444e-01 4.481171e-01 -1.485618e-01
    outer loop
      vertex   3.301649e+01 6.132416e+00 2.897516e+01
      vertex   3.322069e+01 5.719834e+00 2.894235e+01
      vertex   3.314936e+01 5.699523e+00 2.845779e+01
    endloop
  endfacet
  facet normal 9.328429e-01 3.270943e-01 -1.510409e-01
    outer loop
      vertex   3.314936e+01 5.699523e+00 2.845779e+01
      vertex   3.322069e+01 5.719834e+00 2.894235e+01
      vertex   3.331833e+01 5.225413e+00 2.847465e+01
    endloop
  endfacet
  facet normal 9.001031e-01 3.099048e-01 -3.062244e-01
    outer loop
      vertex   3.314936e+01 5.699523e+00 2.845779e+01
      vertex   3.331833e+01 5.225413e+00 2.847465e+01
      vertex   3.318742e+01 5.145571e+00 2.800905e+01
    endloop
  endfacet
  facet normal 9.400881e-01 1.727206e-01 -2.939423e-01
    outer loop
      vertex   3.318742e+01 5.145571e+00 2.800905e+01
      vertex   3.331833e+01 5.225413e+00 2.847465e+01
      vertex   3.330528e+01 4.629012e+00 2.808246e+01
    endloop
  endfacet
  facet normal 8.868025e-01 1.397302e-01 -4.405189e-01
    outer loop
      vertex   3.318742e+01 5.145571e+00 2.800905e+01
      vertex   3.330528e+01 4.629012e+00 2.808246e+01
      vertex   3.310835e+01 4.512272e+00 2.764900e+01
    endloop
  endfacet
  facet normal 9.111580e-01 -7.275054e-03 -4.119929e-01
    outer loop
      vertex   3.310835e+01 4.512272e+00 2.764900e+01
      vertex   3.330528e+01 4.629012e+00 2.808246e+01
      vertex   3.316366e+01 3.976409e+00 2.778079e+01
    endloop
  endfacet
  facet normal 8.360911e-01 -4.809907e-02 -5.464780e-01
    outer loop
      vertex   3.310835e+01 4.512272e+00 2.764900e+01
      vertex   3.316366e+01 3.976409e+00 2.778079e+01
      vertex   3.289961e+01 3.848625e+00 2.738805e+01
    endloop
  endfacet
  facet normal 8.420749e-01 -1.976210e-01 -5.018524e-01
    outer loop
      vertex   3.289961e+01 3.848625e+00 2.738805e+01
      vertex   3.316366e+01 3.976409e+00 2.778079e+01
      vertex   3.288649e+01 3.318505e+00 2.757479e+01
    endloop
  endfacet
  facet normal 7.458199e-01 -2.376711e-01 -6.223063e-01
    outer loop
      vertex   3.289961e+01 3.848625e+00 2.738805e+01
      vertex   3.288649e+01 3.318505e+00 2.757479e+01
      vertex   3.256020e+01 3.206392e+00 2.722656e+01
    endloop
  endfacet
  facet normal 7.325317e-01 -3.821650e-01 -5.633357e-01
    outer loop
      vertex   3.256020e+01 3.206392e+00 2.722656e+01
      vertex   3.288649e+01 3.318505e+00 2.757479e+01
      vertex   3.247890e+01 2.706617e+00 2.745989e+01
    endloop
  endfacet
  facet normal 6.176316e-01 -4.129575e-01 -6.693260e-01
    outer loop
      vertex   3.256020e+01 3.206392e+00 2.722656e+01
      vertex   3.247890e+01 2.706617e+00 2.745989e+01
      vertex   3.210134e+01 2.635316e+00 2.715548e+01
    endloop
  endfacet
  facet normal 5.861013e-01 -5.453832e-01 -5.992015e-01
    outer loop
      vertex   3.210134e+01 2.635316e+00 2.715548e+01
      vertex   3.247890e+01 2.706617e+00 2.745989e+01
      vertex   3.195822e+01 2.187727e+00 2.742287e+01
    endloop
  endfacet
  facet normal 4.569877e-01 -5.593070e-01 -6.916198e-01
    outer loop
      vertex   3.210134e+01 2.635316e+00 2.715548e+01
      vertex   3.195822e+01 2.187727e+00 2.742287e+01
      vertex   3.154591e+01 2.178533e+00 2.715787e+01
    endloop
  endfacet
  facet normal 4.100741e-01 -6.738250e-01 -6.146536e-01
    outer loop
      vertex   3.154591e+01 2.178533e+00 2.715787e+01
      vertex   3.195822e+01 2.187727e+00 2.742287e+01
      vertex   3.135281e+01 1.800170e+00 2.744383e+01
    endloop
  endfacet
  facet normal 2.738201e-01 -6.649329e-01 -6.949006e-01
    outer loop
      vertex   3.154591e+01 2.178533e+00 2.715787e+01
      vertex   3.135281e+01 1.800170e+00 2.744383e+01
      vertex   3.110225e+01 2.211204e+00 2.695179e+01
    endloop
  endfacet
  facet normal 2.640378e-01 -6.698147e-01 -6.939974e-01
    outer loop
      vertex   3.110225e+01 2.211204e+00 2.695179e+01
      vertex   3.135281e+01 1.800170e+00 2.744383e+01
      vertex   3.090646e+01 1.836801e+00 2.723866e+01
    endloop
  endfacet
  facet normal 2.198663e-01 -7.583066e-01 -6.137018e-01
    outer loop
      vertex   3.090646e+01 1.836801e+00 2.723866e+01
      vertex   3.135281e+01 1.800170e+00 2.744383e+01
      vertex   3.110691e+01 1.476680e+00 2.775544e+01
    endloop
  endfacet
  facet normal 1.964021e-01 -7.670977e-01 -6.107268e-01
    outer loop
      vertex   3.090646e+01 1.836801e+00 2.723866e+01
      vertex   3.110691e+01 1.476680e+00 2.775544e+01
      vertex   3.065435e+01 1.522464e+00 2.755240e+01
    endloop
  endfacet
  facet normal 1.517043e-01 -8.363886e-01 -5.267257e-01
    outer loop
      vertex   3.065435e+01 1.522464e+00 2.755240e+01
      vertex   3.110691e+01 1.476680e+00 2.775544e+01
      vertex   3.081427e+01 1.216027e+00 2.808505e+01
    endloop
  endfacet
  facet normal 1.149351e-01 -8.457417e-01 -5.210671e-01
    outer loop
      vertex   3.065435e+01 1.522464e+00 2.755240e+01
      vertex   3.081427e+01 1.216027e+00 2.808505e+01
      vertex   3.035316e+01 1.277237e+00 2.788399e+01
    endloop
  endfacet
  facet normal 7.110761e-02 -8.970489e-01 -4.361731e-01
    outer loop
      vertex   3.035316e+01 1.277237e+00 2.788399e+01
      vertex   3.081427e+01 1.216027e+00 2.808505e+01
      vertex   3.048210e+01 1.024630e+00 2.842453e+01
    endloop
  endfacet
  facet normal 2.184904e-02 -9.037298e-01 -4.275455e-01
    outer loop
      vertex   3.035316e+01 1.277237e+00 2.788399e+01
      vertex   3.048210e+01 1.024630e+00 2.842453e+01
      vertex   3.001157e+01 1.108173e+00 2.822390e+01
    endloop
  endfacet
  facet normal -1.981757e-02 -9.386282e-01 -3.443609e-01
    outer loop
      vertex   3.001157e+01 1.108173e+00 2.822390e+01
      vertex   3.048210e+01 1.024630e+00 2.842453e+01
      vertex   3.011858e+01 9.072010e-01 2.876553e+01
    endloop
  endfacet
  facet normal -8.033922e-02 -9.395836e-01 -3.327586e-01
    outer loop
      vertex   3.001157e+01 1.108173e+00 2.822390e+01
      vertex   3.011858e+01 9.072010e-01 2.876553e+01
      vertex   2.963940e+01 1.020137e+00 2.856233e+01
    endloop
  endfacet
  facet normal -1.186904e-01 -9.599846e-01 -2.536577e-01
    outer loop
      vertex   2.963940e+01 1.020137e+00 2.856233e+01
      vertex   3.011858e+01 9.072010e-01 2.876553e+01
      vertex   2.973265e+01 8.666321e-01 2.909965e+01
    endloop
  endfacet
  facet normal -1.888712e-01 -9.523963e-01 -2.393092e-01
    outer loop
      vertex   2.963940e+01 1.020137e+00 2.856233e+01
      vertex   2.973265e+01 8.666321e-01 2.909965e+01
      vertex   2.924735e+01 1.015661e+00 2.888957e+01
    endloop
  endfacet
  facet normal -2.229216e-01 -9.605265e-01 -1.664178e-01
    outer loop
      vertex   2.924735e+01 1.015661e+00 2.888957e+01
      vertex   2.973265e+01 8.666321e-01 2.909965e+01
      vertex   2.933383e+01 9.039221e-01 2.941865e+01
    endloop
  endfacet
  facet normal -3.008154e-01 -9.418532e-01 -1.497423e-01
    outer loop
      vertex   2.924735e+01 1.015661e+00 2.888957e+01
      vertex   2.933383e+01 9.039221e-01 2.941865e+01
      vertex   2.884670e+01 1.094874e+00 2.919618e+01
    endloop
  endfacet
  facet normal -3.297855e-01 -9.402291e-01 -8.491635e-02
    outer loop
      vertex   2.884670e+01 1.094874e+00 2.919618e+01
      vertex   2.933383e+01 9.039221e-01 2.941865e+01
      vertex   2.893193e+01 1.018153e+00 2.971470e+01
    endloop
  endfacet
  facet normal -4.090751e-01 6.016460e-01 6.860610e-01
    outer loop
      vertex   2.824393e+01 6.550627e+00 3.165044e+01
      vertex   2.826752e+01 6.283234e+00 3.189900e+01
      vertex   2.866406e+01 6.548270e+00 3.190302e+01
    endloop
  endfacet
  facet normal -3.947054e-01 5.797411e-01 7.128169e-01
    outer loop
      vertex   2.866406e+01 6.548270e+00 3.190302e+01
      vertex   2.826752e+01 6.283234e+00 3.189900e+01
      vertex   2.850830e+01 6.247390e+00 3.206148e+01
    endloop
  endfacet
  facet normal -3.217732e-01 5.662282e-01 7.588462e-01
    outer loop
      vertex   2.866406e+01 6.548270e+00 3.190302e+01
      vertex   2.850830e+01 6.247390e+00 3.206148e+01
      vertex   2.877209e+01 6.212053e+00 3.219970e+01
    endloop
  endfacet
  facet normal -2.698554e-01 5.868992e-01 7.633658e-01
    outer loop
      vertex   2.866406e+01 6.548270e+00 3.190302e+01
      vertex   2.877209e+01 6.212053e+00 3.219970e+01
      vertex   2.911023e+01 6.497651e+00 3.209966e+01
    endloop
  endfacet
  facet normal -2.363604e-01 5.583915e-01 7.951935e-01
    outer loop
      vertex   2.911023e+01 6.497651e+00 3.209966e+01
      vertex   2.877209e+01 6.212053e+00 3.219970e+01
      vertex   2.903643e+01 6.180370e+00 3.230052e+01
    endloop
  endfacet
  facet normal -1.439986e-01 5.530143e-01 8.206337e-01
    outer loop
      vertex   2.911023e+01 6.497651e+00 3.209966e+01
      vertex   2.903643e+01 6.180370e+00 3.230052e+01
      vertex   2.932455e+01 6.149656e+00 3.237178e+01
    endloop
  endfacet
  facet normal -1.210339e-01 5.641327e-01 8.167650e-01
    outer loop
      vertex   2.911023e+01 6.497651e+00 3.209966e+01
      vertex   2.932455e+01 6.149656e+00 3.237178e+01
      vertex   2.957106e+01 6.400063e+00 3.223535e+01
    endloop
  endfacet
  facet normal -6.412962e-02 5.253769e-01 8.484495e-01
    outer loop
      vertex   2.957106e+01 6.400063e+00 3.223535e+01
      vertex   2.932455e+01 6.149656e+00 3.237178e+01
      vertex   2.961612e+01 6.121822e+00 3.241105e+01
    endloop
  endfacet
  facet normal 3.692681e-02 5.378250e-01 8.422474e-01
    outer loop
      vertex   2.957106e+01 6.400063e+00 3.223535e+01
      vertex   2.961612e+01 6.121822e+00 3.241105e+01
      vertex   2.990105e+01 6.098155e+00 3.241367e+01
    endloop
  endfacet
  facet normal 3.454587e-02 5.359774e-01 8.435253e-01
    outer loop
      vertex   2.957106e+01 6.400063e+00 3.223535e+01
      vertex   2.990105e+01 6.098155e+00 3.241367e+01
      vertex   3.003478e+01 6.257999e+00 3.230663e+01
    endloop
  endfacet
  facet normal 1.245894e-01 4.780183e-01 8.694688e-01
    outer loop
      vertex   3.003478e+01 6.257999e+00 3.230663e+01
      vertex   2.990105e+01 6.098155e+00 3.241367e+01
      vertex   3.019933e+01 6.076712e+00 3.238272e+01
    endloop
  endfacet
  facet normal 2.075909e-01 5.327638e-01 8.204077e-01
    outer loop
      vertex   3.003478e+01 6.257999e+00 3.230663e+01
      vertex   3.019933e+01 6.076712e+00 3.238272e+01
      vertex   3.048323e+01 6.059380e+00 3.232214e+01
    endloop
  endfacet
  facet normal 2.027547e-01 5.224537e-01 8.282105e-01
    outer loop
      vertex   3.003478e+01 6.257999e+00 3.230663e+01
      vertex   3.048323e+01 6.059380e+00 3.232214e+01
      vertex   3.016659e+01 6.516248e+00 3.211145e+01
    endloop
  endfacet
  facet normal 2.120703e-01 5.266127e-01 8.232286e-01
    outer loop
      vertex   3.016659e+01 6.516248e+00 3.211145e+01
      vertex   3.048323e+01 6.059380e+00 3.232214e+01
      vertex   3.063604e+01 6.343819e+00 3.210082e+01
    endloop
  endfacet
  facet normal 2.302590e-01 5.786506e-01 7.823965e-01
    outer loop
      vertex   3.016659e+01 6.516248e+00 3.211145e+01
      vertex   3.063604e+01 6.343819e+00 3.210082e+01
      vertex   3.033442e+01 6.737045e+00 3.189876e+01
    endloop
  endfacet
  facet normal 2.637685e-01 5.931731e-01 7.606391e-01
    outer loop
      vertex   3.033442e+01 6.737045e+00 3.189876e+01
      vertex   3.063604e+01 6.343819e+00 3.210082e+01
      vertex   3.084289e+01 6.567283e+00 3.185482e+01
    endloop
  endfacet
  facet normal 2.713949e-01 6.230071e-01 7.336259e-01
    outer loop
      vertex   3.033442e+01 6.737045e+00 3.189876e+01
      vertex   3.084289e+01 6.567283e+00 3.185482e+01
      vertex   3.053416e+01 6.914952e+00 3.167379e+01
    endloop
  endfacet
  facet normal 3.223627e-01 6.463731e-01 6.915809e-01
    outer loop
      vertex   3.053416e+01 6.914952e+00 3.167379e+01
      vertex   3.084289e+01 6.567283e+00 3.185482e+01
      vertex   3.109400e+01 6.719203e+00 3.159578e+01
    endloop
  endfacet
  facet normal 3.236952e-01 6.528814e-01 6.848118e-01
    outer loop
      vertex   3.053416e+01 6.914952e+00 3.167379e+01
      vertex   3.109400e+01 6.719203e+00 3.159578e+01
      vertex   3.076088e+01 7.045589e+00 3.144207e+01
    endloop
  endfacet
  facet normal 3.735693e-01 6.789381e-01 6.320514e-01
    outer loop
      vertex   3.076088e+01 7.045589e+00 3.144207e+01
      vertex   3.109400e+01 6.719203e+00 3.159578e+01
      vertex   3.100900e+01 7.125740e+00 3.120933e+01
    endloop
  endfacet
  facet normal 2.747813e-01 7.803943e-01 5.616761e-01
    outer loop
      vertex   3.076088e+01 7.045589e+00 3.144207e+01
      vertex   3.100900e+01 7.125740e+00 3.120933e+01
      vertex   3.071308e+01 7.417266e+00 3.094905e+01
    endloop
  endfacet
  facet normal 3.466197e-01 7.955391e-01 4.969631e-01
    outer loop
      vertex   3.071308e+01 7.417266e+00 3.094905e+01
      vertex   3.100900e+01 7.125740e+00 3.120933e+01
      vertex   3.102186e+01 7.449725e+00 3.068172e+01
    endloop
  endfacet
  facet normal 2.532238e-01 8.810791e-01 3.994714e-01
    outer loop
      vertex   3.071308e+01 7.417266e+00 3.094905e+01
      vertex   3.102186e+01 7.449725e+00 3.068172e+01
      vertex   3.074447e+01 7.680034e+00 3.034959e+01
    endloop
  endfacet
  facet normal 3.964193e-01 6.747157e-01 6.225837e-01
    outer loop
      vertex   3.109400e+01 6.719203e+00 3.159578e+01
      vertex   3.137750e+01 6.792393e+00 3.133595e+01
      vertex   3.100900e+01 7.125740e+00 3.120933e+01
    endloop
  endfacet
  facet normal 4.284444e-01 6.935998e-01 5.790981e-01
    outer loop
      vertex   3.100900e+01 7.125740e+00 3.120933e+01
      vertex   3.137750e+01 6.792393e+00 3.133595e+01
      vertex   3.127241e+01 7.153430e+00 3.098128e+01
    endloop
  endfacet
  facet normal 3.466197e-01 7.955391e-01 4.969631e-01
    outer loop
      vertex   3.100900e+01 7.125740e+00 3.120933e+01
      vertex   3.127241e+01 7.153430e+00 3.098128e+01
      vertex   3.102186e+01 7.449725e+00 3.068172e+01
    endloop
  endfacet
  facet normal 4.754977e-01 6.830364e-01 5.544035e-01
    outer loop
      vertex   3.137750e+01 6.792393e+00 3.133595e+01
      vertex   3.167997e+01 6.783393e+00 3.108762e+01
      vertex   3.127241e+01 7.153430e+00 3.098128e+01
    endloop
  endfacet
  facet normal 7.843636e-01 5.088714e-01 3.547162e-01
    outer loop
      vertex   3.255776e+01 6.286636e+00 3.052306e+01
      vertex   3.279428e+01 5.990612e+00 3.042473e+01
      vertex   3.280483e+01 6.269573e+00 3.000120e+01
    endloop
  endfacet
  facet normal 8.211049e-01 4.670578e-01 3.280912e-01
    outer loop
      vertex   3.280483e+01 6.269573e+00 3.000120e+01
      vertex   3.279428e+01 5.990612e+00 3.042473e+01
      vertex   3.299304e+01 5.981403e+00 2.994041e+01
    endloop
  endfacet
  facet normal 8.404626e-01 5.107041e-01 1.811183e-01
    outer loop
      vertex   3.280483e+01 6.269573e+00 3.000120e+01
      vertex   3.299304e+01 5.981403e+00 2.994041e+01
      vertex   3.303885e+01 6.075826e+00 2.946157e+01
    endloop
  endfacet
  facet normal 8.886114e-01 4.263540e-01 1.690918e-01
    outer loop
      vertex   3.303885e+01 6.075826e+00 2.946157e+01
      vertex   3.299304e+01 5.981403e+00 2.994041e+01
      vertex   3.322013e+01 5.709556e+00 2.943244e+01
    endloop
  endfacet
  facet normal 8.965156e-01 4.428920e-01 1.031992e-02
    outer loop
      vertex   3.303885e+01 6.075826e+00 2.946157e+01
      vertex   3.322013e+01 5.709556e+00 2.943244e+01
      vertex   3.322069e+01 5.719834e+00 2.894235e+01
    endloop
  endfacet
  facet normal 9.418399e-01 3.359637e-01 8.129532e-03
    outer loop
      vertex   3.322069e+01 5.719834e+00 2.894235e+01
      vertex   3.322013e+01 5.709556e+00 2.943244e+01
      vertex   3.337554e+01 5.285346e+00 2.895780e+01
    endloop
  endfacet
  facet normal 9.328429e-01 3.270943e-01 -1.510409e-01
    outer loop
      vertex   3.322069e+01 5.719834e+00 2.894235e+01
      vertex   3.337554e+01 5.285346e+00 2.895780e+01
      vertex   3.331833e+01 5.225413e+00 2.847465e+01
    endloop
  endfacet
  facet normal 9.694962e-01 2.013407e-01 -1.397822e-01
    outer loop
      vertex   3.331833e+01 5.225413e+00 2.847465e+01
      vertex   3.337554e+01 5.285346e+00 2.895780e+01
      vertex   3.342930e+01 4.739075e+00 2.854377e+01
    endloop
  endfacet
  facet normal 9.400881e-01 1.727206e-01 -2.939423e-01
    outer loop
      vertex   3.331833e+01 5.225413e+00 2.847465e+01
      vertex   3.342930e+01 4.739075e+00 2.854377e+01
      vertex   3.330528e+01 4.629012e+00 2.808246e+01
    endloop
  endfacet
  facet normal 9.631119e-01 3.375337e-02 -2.669761e-01
    outer loop
      vertex   3.330528e+01 4.629012e+00 2.808246e+01
      vertex   3.342930e+01 4.739075e+00 2.854377e+01
      vertex   3.335863e+01 4.112184e+00 2.820957e+01
    endloop
  endfacet
  facet normal 9.111580e-01 -7.275054e-03 -4.119929e-01
    outer loop
      vertex   3.330528e+01 4.629012e+00 2.808246e+01
      vertex   3.335863e+01 4.112184e+00 2.820957e+01
      vertex   3.316366e+01 3.976409e+00 2.778079e+01
    endloop
  endfacet
  facet normal 9.169717e-01 -1.525466e-01 -3.686358e-01
    outer loop
      vertex   3.316366e+01 3.976409e+00 2.778079e+01
      vertex   3.335863e+01 4.112184e+00 2.820957e+01
      vertex   3.315072e+01 3.453461e+00 2.796501e+01
    endloop
  endfacet
  facet normal 8.420749e-01 -1.976210e-01 -5.018524e-01
    outer loop
      vertex   3.316366e+01 3.976409e+00 2.778079e+01
      vertex   3.315072e+01 3.453461e+00 2.796501e+01
      vertex   3.288649e+01 3.318505e+00 2.757479e+01
    endloop
  endfacet
  facet normal 8.288270e-01 -3.416769e-01 -4.430606e-01
    outer loop
      vertex   3.288649e+01 3.318505e+00 2.757479e+01
      vertex   3.315072e+01 3.453461e+00 2.796501e+01
      vertex   3.280451e+01 2.814531e+00 2.781008e+01
    endloop
  endfacet
  facet normal 7.325317e-01 -3.821650e-01 -5.633357e-01
    outer loop
      vertex   3.288649e+01 3.318505e+00 2.757479e+01
      vertex   3.280451e+01 2.814531e+00 2.781008e+01
      vertex   3.247890e+01 2.706617e+00 2.745989e+01
    endloop
  endfacet
  facet normal 7.002806e-01 -5.176182e-01 -4.916080e-01
    outer loop
      vertex   3.247890e+01 2.706617e+00 2.745989e+01
      vertex   3.280451e+01 2.814531e+00 2.781008e+01
      vertex   3.233131e+01 2.245075e+00 2.773561e+01
    endloop
  endfacet
  facet normal 5.861013e-01 -5.453832e-01 -5.992015e-01
    outer loop
      vertex   3.247890e+01 2.706617e+00 2.745989e+01
      vertex   3.233131e+01 2.245075e+00 2.773561e+01
      vertex   3.195822e+01 2.187727e+00 2.742287e+01
    endloop
  endfacet
  facet normal 5.368082e-01 -6.657096e-01 -5.183316e-01
    outer loop
      vertex   3.195822e+01 2.187727e+00 2.742287e+01
      vertex   3.233131e+01 2.245075e+00 2.773561e+01
      vertex   3.175433e+01 1.788238e+00 2.772479e+01
    endloop
  endfacet
  facet normal 4.100741e-01 -6.738250e-01 -6.146536e-01
    outer loop
      vertex   3.195822e+01 2.187727e+00 2.742287e+01
      vertex   3.175433e+01 1.788238e+00 2.772479e+01
      vertex   3.135281e+01 1.800170e+00 2.744383e+01
    endloop
  endfacet
  facet normal 3.474103e-01 -7.740080e-01 -5.293559e-01
    outer loop
      vertex   3.135281e+01 1.800170e+00 2.744383e+01
      vertex   3.175433e+01 1.788238e+00 2.772479e+01
      vertex   3.110691e+01 1.476680e+00 2.775544e+01
    endloop
  endfacet
  facet normal 8.412421e-01 4.226201e-01 3.372002e-01
    outer loop
      vertex   3.279428e+01 5.990612e+00 3.042473e+01
      vertex   3.298276e+01 5.650318e+00 3.038100e+01
      vertex   3.299304e+01 5.981403e+00 2.994041e+01
    endloop
  endfacet
  facet normal 8.588922e-01 3.996183e-01 3.203271e-01
    outer loop
      vertex   3.299304e+01 5.981403e+00 2.994041e+01
      vertex   3.298276e+01 5.650318e+00 3.038100e+01
      vertex   3.314768e+01 5.668950e+00 2.991556e+01
    endloop
  endfacet
  facet normal 8.886114e-01 4.263540e-01 1.690918e-01
    outer loop
      vertex   3.299304e+01 5.981403e+00 2.994041e+01
      vertex   3.314768e+01 5.668950e+00 2.991556e+01
      vertex   3.322013e+01 5.709556e+00 2.943244e+01
    endloop
  endfacet
  facet normal 9.267984e-01 3.362638e-01 1.672463e-01
    outer loop
      vertex   3.322013e+01 5.709556e+00 2.943244e+01
      vertex   3.314768e+01 5.668950e+00 2.991556e+01
      vertex   3.335760e+01 5.323838e+00 2.944617e+01
    endloop
  endfacet
  facet normal 9.418399e-01 3.359637e-01 8.129532e-03
    outer loop
      vertex   3.322013e+01 5.709556e+00 2.943244e+01
      vertex   3.335760e+01 5.323838e+00 2.944617e+01
      vertex   3.337554e+01 5.285346e+00 2.895780e+01
    endloop
  endfacet
  facet normal 9.742244e-01 2.248554e-01 1.807705e-02
    outer loop
      vertex   3.337554e+01 5.285346e+00 2.895780e+01
      vertex   3.335760e+01 5.323838e+00 2.944617e+01
      vertex   3.347724e+01 4.839651e+00 2.902115e+01
    endloop
  endfacet
  facet normal 9.694962e-01 2.013407e-01 -1.397822e-01
    outer loop
      vertex   3.337554e+01 5.285346e+00 2.895780e+01
      vertex   3.347724e+01 4.839651e+00 2.902115e+01
      vertex   3.342930e+01 4.739075e+00 2.854377e+01
    endloop
  endfacet
  facet normal 9.906016e-01 7.395268e-02 -1.150629e-01
    outer loop
      vertex   3.342930e+01 4.739075e+00 2.854377e+01
      vertex   3.347724e+01 4.839651e+00 2.902115e+01
      vertex   3.347952e+01 4.252483e+00 2.866345e+01
    endloop
  endfacet
  facet normal 9.631119e-01 3.375337e-02 -2.669761e-01
    outer loop
      vertex   3.342930e+01 4.739075e+00 2.854377e+01
      vertex   3.347952e+01 4.252483e+00 2.866345e+01
      vertex   3.335863e+01 4.112184e+00 2.820957e+01
    endloop
  endfacet
  facet normal 9.686077e-01 -1.035749e-01 -2.259897e-01
    outer loop
      vertex   3.335863e+01 4.112184e+00 2.820957e+01
      vertex   3.347952e+01 4.252483e+00 2.866345e+01
      vertex   3.334615e+01 3.607812e+00 2.838725e+01
    endloop
  endfacet
  facet normal 9.169717e-01 -1.525466e-01 -3.686358e-01
    outer loop
      vertex   3.335863e+01 4.112184e+00 2.820957e+01
      vertex   3.334615e+01 3.607812e+00 2.838725e+01
      vertex   3.315072e+01 3.453461e+00 2.796501e+01
    endloop
  endfacet
  facet normal 9.041004e-01 -2.925075e-01 -3.115153e-01
    outer loop
      vertex   3.315072e+01 3.453461e+00 2.796501e+01
      vertex   3.334615e+01 3.607812e+00 2.838725e+01
      vertex   3.306985e+01 2.956304e+00 2.819711e+01
    endloop
  endfacet
  facet normal 8.288270e-01 -3.416769e-01 -4.430606e-01
    outer loop
      vertex   3.315072e+01 3.453461e+00 2.796501e+01
      vertex   3.306985e+01 2.956304e+00 2.819711e+01
      vertex   3.280451e+01 2.814531e+00 2.781008e+01
    endloop
  endfacet
  facet normal 7.966736e-01 -4.767195e-01 -3.715503e-01
    outer loop
      vertex   3.280451e+01 2.814531e+00 2.781008e+01
      vertex   3.306985e+01 2.956304e+00 2.819711e+01
      vertex   3.265568e+01 2.349112e+00 2.808812e+01
    endloop
  endfacet
  facet normal 7.002806e-01 -5.176182e-01 -4.916080e-01
    outer loop
      vertex   3.280451e+01 2.814531e+00 2.781008e+01
      vertex   3.265568e+01 2.349112e+00 2.808812e+01
      vertex   3.233131e+01 2.245075e+00 2.773561e+01
    endloop
  endfacet
  facet normal 6.498606e-01 -6.406955e-01 -4.088893e-01
    outer loop
      vertex   3.233131e+01 2.245075e+00 2.773561e+01
      vertex   3.265568e+01 2.349112e+00 2.808812e+01
      vertex   3.212107e+01 1.833133e+00 2.804694e+01
    endloop
  endfacet
  facet normal 5.368082e-01 -6.657096e-01 -5.183316e-01
    outer loop
      vertex   3.233131e+01 2.245075e+00 2.773561e+01
      vertex   3.212107e+01 1.833133e+00 2.804694e+01
      vertex   3.175433e+01 1.788238e+00 2.772479e+01
    endloop
  endfacet
  facet normal 4.709662e-01 -7.709738e-01 -4.287076e-01
    outer loop
      vertex   3.175433e+01 1.788238e+00 2.772479e+01
      vertex   3.212107e+01 1.833133e+00 2.804694e+01
      vertex   3.149470e+01 1.446684e+00 2.805381e+01
    endloop
  endfacet
  facet normal 3.474103e-01 -7.740080e-01 -5.293559e-01
    outer loop
      vertex   3.175433e+01 1.788238e+00 2.772479e+01
      vertex   3.149470e+01 1.446684e+00 2.805381e+01
      vertex   3.110691e+01 1.476680e+00 2.775544e+01
    endloop
  endfacet
  facet normal 2.705394e-01 -8.573890e-01 -4.378270e-01
    outer loop
      vertex   3.110691e+01 1.476680e+00 2.775544e+01
      vertex   3.149470e+01 1.446684e+00 2.805381e+01
      vertex   3.081427e+01 1.216027e+00 2.808505e+01
    endloop
  endfacet
  facet normal 8.862699e-01 3.278643e-01 3.271554e-01
    outer loop
      vertex   3.298276e+01 5.650318e+00 3.038100e+01
      vertex   3.311430e+01 5.281848e+00 3.039393e+01
      vertex   3.314768e+01 5.668950e+00 2.991556e+01
    endloop
  endfacet
  facet normal 8.864623e-01 3.275690e-01 3.269298e-01
    outer loop
      vertex   3.314768e+01 5.668950e+00 2.991556e+01
      vertex   3.311430e+01 5.281848e+00 3.039393e+01
      vertex   3.326495e+01 5.339908e+00 2.992727e+01
    endloop
  endfacet
  facet normal 9.267984e-01 3.362638e-01 1.672463e-01
    outer loop
      vertex   3.314768e+01 5.668950e+00 2.991556e+01
      vertex   3.326495e+01 5.339908e+00 2.992727e+01
      vertex   3.335760e+01 5.323838e+00 2.944617e+01
    endloop
  endfacet
  facet normal 9.540834e-01 2.426519e-01 1.756274e-01
    outer loop
      vertex   3.335760e+01 5.323838e+00 2.944617e+01
      vertex   3.326495e+01 5.339908e+00 2.992727e+01
      vertex   3.344788e+01 4.928172e+00 2.950240e+01
    endloop
  endfacet
  facet normal 9.742244e-01 2.248554e-01 1.807705e-02
    outer loop
      vertex   3.335760e+01 5.323838e+00 2.944617e+01
      vertex   3.344788e+01 4.928172e+00 2.950240e+01
      vertex   3.347724e+01 4.839651e+00 2.902115e+01
    endloop
  endfacet
  facet normal 9.928719e-01 1.123031e-01 3.991752e-02
    outer loop
      vertex   3.347724e+01 4.839651e+00 2.902115e+01
      vertex   3.344788e+01 4.928172e+00 2.950240e+01
      vertex   3.352327e+01 4.393724e+00 2.913082e+01
    endloop
  endfacet
  facet normal 9.906016e-01 7.395268e-02 -1.150629e-01
    outer loop
      vertex   3.347724e+01 4.839651e+00 2.902115e+01
      vertex   3.352327e+01 4.393724e+00 2.913082e+01
      vertex   3.347952e+01 4.252483e+00 2.866345e+01
    endloop
  endfacet
  facet normal 9.956395e-01 -5.193304e-02 -7.749163e-02
    outer loop
      vertex   3.347952e+01 4.252483e+00 2.866345e+01
      vertex   3.352327e+01 4.393724e+00 2.913082e+01
      vertex   3.346777e+01 3.777618e+00 2.883073e+01
    endloop
  endfacet
  facet normal 9.686077e-01 -1.035749e-01 -2.259897e-01
    outer loop
      vertex   3.347952e+01 4.252483e+00 2.866345e+01
      vertex   3.346777e+01 3.777618e+00 2.883073e+01
      vertex   3.334615e+01 3.607812e+00 2.838725e+01
    endloop
  endfacet
  facet normal 9.564402e-01 -2.358829e-01 -1.719925e-01
    outer loop
      vertex   3.334615e+01 3.607812e+00 2.838725e+01
      vertex   3.346777e+01 3.777618e+00 2.883073e+01
      vertex   3.326815e+01 3.128316e+00 2.861111e+01
    endloop
  endfacet
  facet normal 9.041004e-01 -2.925075e-01 -3.115153e-01
    outer loop
      vertex   3.334615e+01 3.607812e+00 2.838725e+01
      vertex   3.326815e+01 3.128316e+00 2.861111e+01
      vertex   3.306985e+01 2.956304e+00 2.819711e+01
    endloop
  endfacet
  facet normal 8.728611e-01 -4.237113e-01 -2.420378e-01
    outer loop
      vertex   3.306985e+01 2.956304e+00 2.819711e+01
      vertex   3.326815e+01 3.128316e+00 2.861111e+01
      vertex   3.292303e+01 2.497182e+00 2.847139e+01
    endloop
  endfacet
  facet normal 7.966736e-01 -4.767195e-01 -3.715503e-01
    outer loop
      vertex   3.306985e+01 2.956304e+00 2.819711e+01
      vertex   3.292303e+01 2.497182e+00 2.847139e+01
      vertex   3.265568e+01 2.349112e+00 2.808812e+01
    endloop
  endfacet
  facet normal 7.464065e-01 -5.994237e-01 -2.890824e-01
    outer loop
      vertex   3.265568e+01 2.349112e+00 2.808812e+01
      vertex   3.292303e+01 2.497182e+00 2.847139e+01
      vertex   3.244367e+01 1.933708e+00 2.840207e+01
    endloop
  endfacet
  facet normal 6.498606e-01 -6.406955e-01 -4.088893e-01
    outer loop
      vertex   3.265568e+01 2.349112e+00 2.808812e+01
      vertex   3.244367e+01 1.933708e+00 2.840207e+01
      vertex   3.212107e+01 1.833133e+00 2.804694e+01
    endloop
  endfacet
  facet normal 5.825133e-01 -7.483663e-01 -3.172163e-01
    outer loop
      vertex   3.212107e+01 1.833133e+00 2.804694e+01
      vertex   3.244367e+01 1.933708e+00 2.840207e+01
      vertex   3.185335e+01 1.480932e+00 2.838622e+01
    endloop
  endfacet
  facet normal 4.709662e-01 -7.709738e-01 -4.287076e-01
    outer loop
      vertex   3.212107e+01 1.833133e+00 2.804694e+01
      vertex   3.185335e+01 1.480932e+00 2.838622e+01
      vertex   3.149470e+01 1.446684e+00 2.805381e+01
    endloop
  endfacet
  facet normal 3.901964e-01 -8.585839e-01 -3.325364e-01
    outer loop
      vertex   3.149470e+01 1.446684e+00 2.805381e+01
      vertex   3.185335e+01 1.480932e+00 2.838622e+01
      vertex   3.118572e+01 1.171477e+00 2.840182e+01
    endloop
  endfacet
  facet normal 2.705394e-01 -8.573890e-01 -4.378270e-01
    outer loop
      vertex   3.149470e+01 1.446684e+00 2.805381e+01
      vertex   3.118572e+01 1.171477e+00 2.840182e+01
      vertex   3.081427e+01 1.216027e+00 2.808505e+01
    endloop
  endfacet
  facet normal 1.813541e-01 -9.219150e-01 -3.423207e-01
    outer loop
      vertex   3.081427e+01 1.216027e+00 2.808505e+01
      vertex   3.118572e+01 1.171477e+00 2.840182e+01
      vertex   3.048210e+01 1.024630e+00 2.842453e+01
    endloop
  endfacet
  facet normal 9.107237e-01 2.540763e-01 3.256187e-01
    outer loop
      vertex   3.326495e+01 5.339908e+00 2.992727e+01
      vertex   3.311430e+01 5.281848e+00 3.039393e+01
      vertex   3.334196e+01 5.002378e+00 2.997524e+01
    endloop
  endfacet
  facet normal 9.111466e-01 2.268488e-01 3.440225e-01
    outer loop
      vertex   3.334196e+01 5.002378e+00 2.997524e+01
      vertex   3.311430e+01 5.281848e+00 3.039393e+01
      vertex   3.318267e+01 4.902631e+00 3.046292e+01
    endloop
  endfacet
  facet normal 9.239298e-01 1.785776e-01 3.383249e-01
    outer loop
      vertex   3.334196e+01 5.002378e+00 2.997524e+01
      vertex   3.318267e+01 4.902631e+00 3.046292e+01
      vertex   3.337682e+01 4.664672e+00 3.005830e+01
    endloop
  endfacet
  facet normal 9.212142e-01 1.254140e-01 3.682876e-01
    outer loop
      vertex   3.337682e+01 4.664672e+00 3.005830e+01
      vertex   3.318267e+01 4.902631e+00 3.046292e+01
      vertex   3.318463e+01 4.530600e+00 3.058469e+01
    endloop
  endfacet
  facet normal 9.251353e-01 1.055678e-01 3.646644e-01
    outer loop
      vertex   3.337682e+01 4.664672e+00 3.005830e+01
      vertex   3.318463e+01 4.530600e+00 3.058469e+01
      vertex   3.336867e+01 4.335106e+00 3.017439e+01
    endloop
  endfacet
  facet normal 9.179942e-01 3.509910e-02 3.950375e-01
    outer loop
      vertex   3.336867e+01 4.335106e+00 3.017439e+01
      vertex   3.318463e+01 4.530600e+00 3.058469e+01
      vertex   3.331770e+01 4.021794e+00 3.032067e+01
    endloop
  endfacet
  facet normal 9.652418e-01 -3.617126e-02 2.588436e-01
    outer loop
      vertex   3.336867e+01 4.335106e+00 3.017439e+01
      vertex   3.331770e+01 4.021794e+00 3.032067e+01
      vertex   3.341943e+01 3.778690e+00 2.990732e+01
    endloop
  endfacet
  facet normal 9.450902e-01 -1.208068e-01 3.036614e-01
    outer loop
      vertex   3.341943e+01 3.778690e+00 2.990732e+01
      vertex   3.331770e+01 4.021794e+00 3.032067e+01
      vertex   3.331097e+01 3.439511e+00 3.010995e+01
    endloop
  endfacet
  facet normal 9.635504e-01 -2.065349e-01 1.700410e-01
    outer loop
      vertex   3.341943e+01 3.778690e+00 2.990732e+01
      vertex   3.331097e+01 3.439511e+00 3.010995e+01
      vertex   3.332302e+01 3.162760e+00 2.970552e+01
    endloop
  endfacet
  facet normal 9.261582e-01 -2.978109e-01 2.313865e-01
    outer loop
      vertex   3.332302e+01 3.162760e+00 2.970552e+01
      vertex   3.331097e+01 3.439511e+00 3.010995e+01
      vertex   3.314898e+01 2.821752e+00 2.996324e+01
    endloop
  endfacet
  facet normal 9.150942e-01 -3.902192e-01 1.016440e-01
    outer loop
      vertex   3.332302e+01 3.162760e+00 2.970552e+01
      vertex   3.314898e+01 2.821752e+00 2.996324e+01
      vertex   3.307111e+01 2.537161e+00 2.957178e+01
    endloop
  endfacet
  facet normal 8.585650e-01 -4.805947e-01 1.785914e-01
    outer loop
      vertex   3.307111e+01 2.537161e+00 2.957178e+01
      vertex   3.314898e+01 2.821752e+00 2.996324e+01
      vertex   3.282928e+01 2.219021e+00 2.987824e+01
    endloop
  endfacet
  facet normal 8.190736e-01 -5.712006e-01 5.337045e-02
    outer loop
      vertex   3.307111e+01 2.537161e+00 2.957178e+01
      vertex   3.282928e+01 2.219021e+00 2.987824e+01
      vertex   3.266797e+01 1.952366e+00 2.949985e+01
    endloop
  endfacet
  facet normal 7.434247e-01 -6.532560e-01 1.434443e-01
    outer loop
      vertex   3.266797e+01 1.952366e+00 2.949985e+01
      vertex   3.282928e+01 2.219021e+00 2.987824e+01
      vertex   3.236229e+01 1.680095e+00 2.984415e+01
    endloop
  endfacet
  facet normal 6.787638e-01 -7.340220e-01 2.216670e-02
    outer loop
      vertex   3.266797e+01 1.952366e+00 2.949985e+01
      vertex   3.236229e+01 1.680095e+00 2.984415e+01
      vertex   3.213063e+01 1.454743e+00 2.947557e+01
    endloop
  endfacet
  facet normal 5.859198e-01 -8.011951e-01 1.215911e-01
    outer loop
      vertex   3.213063e+01 1.454743e+00 2.947557e+01
      vertex   3.236229e+01 1.680095e+00 2.984415e+01
      vertex   3.177088e+01 1.247451e+00 2.984325e+01
    endloop
  endfacet
  facet normal 5.013369e-01 -8.652479e-01 2.717796e-03
    outer loop
      vertex   3.213063e+01 1.454743e+00 2.947557e+01
      vertex   3.177088e+01 1.247451e+00 2.984325e+01
      vertex   3.148773e+01 1.082244e+00 2.947879e+01
    endloop
  endfacet
  facet normal 3.949348e-01 -9.124811e-01 1.067932e-01
    outer loop
      vertex   3.148773e+01 1.082244e+00 2.947879e+01
      vertex   3.177088e+01 1.247451e+00 2.984325e+01
      vertex   3.108861e+01 9.533186e-01 2.985317e+01
    endloop
  endfacet
  facet normal 2.973203e-01 -9.547048e-01 -1.181002e-02
    outer loop
      vertex   3.148773e+01 1.082244e+00 2.947879e+01
      vertex   3.108861e+01 9.533186e-01 2.985317e+01
      vertex   3.077730e+01 8.609106e-01 2.948595e+01
    endloop
  endfacet
  facet normal 1.823480e-01 -9.789431e-01 9.175864e-02
    outer loop
      vertex   3.077730e+01 8.609106e-01 2.948595e+01
      vertex   3.108861e+01 9.533186e-01 2.985317e+01
      vertex   3.035713e+01 8.167412e-01 2.984972e+01
    endloop
  endfacet
  facet normal 7.974498e-02 -9.963970e-01 -2.887363e-02
    outer loop
      vertex   3.077730e+01 8.609106e-01 2.948595e+01
      vertex   3.035713e+01 8.167412e-01 2.984972e+01
      vertex   3.004371e+01 8.025719e-01 2.947307e+01
    endloop
  endfacet
  facet normal -3.795211e-02 -9.968888e-01 6.908216e-02
    outer loop
      vertex   3.004371e+01 8.025719e-01 2.947307e+01
      vertex   3.035713e+01 8.167412e-01 2.984972e+01
      vertex   2.962261e+01 8.419441e-01 2.980989e+01
    endloop
  endfacet
  facet normal -1.369418e-01 -9.890178e-01 -5.559514e-02
    outer loop
      vertex   3.004371e+01 8.025719e-01 2.947307e+01
      vertex   2.962261e+01 8.419441e-01 2.980989e+01
      vertex   2.933383e+01 9.039221e-01 2.941865e+01
    endloop
  endfacet
  facet normal -2.512383e-01 -9.673896e-01 3.219782e-02
    outer loop
      vertex   2.933383e+01 9.039221e-01 2.941865e+01
      vertex   2.962261e+01 8.419441e-01 2.980989e+01
      vertex   2.893193e+01 1.018153e+00 2.971470e+01
    endloop
  endfacet
  facet normal 9.132226e-01 2.790080e-02 4.065047e-01
    outer loop
      vertex   3.318463e+01 4.530600e+00 3.058469e+01
      vertex   3.312010e+01 4.183353e+00 3.075349e+01
      vertex   3.331770e+01 4.021794e+00 3.032067e+01
    endloop
  endfacet
  facet normal 9.041654e-01 -3.477540e-02 4.257648e-01
    outer loop
      vertex   3.331770e+01 4.021794e+00 3.032067e+01
      vertex   3.312010e+01 4.183353e+00 3.075349e+01
      vertex   3.322518e+01 3.732451e+00 3.049352e+01
    endloop
  endfacet
  facet normal 9.450902e-01 -1.208068e-01 3.036614e-01
    outer loop
      vertex   3.331770e+01 4.021794e+00 3.032067e+01
      vertex   3.322518e+01 3.732451e+00 3.049352e+01
      vertex   3.331097e+01 3.439511e+00 3.010995e+01
    endloop
  endfacet
  facet normal 9.135862e-01 -1.977094e-01 3.553467e-01
    outer loop
      vertex   3.331097e+01 3.439511e+00 3.010995e+01
      vertex   3.322518e+01 3.732451e+00 3.049352e+01
      vertex   3.315647e+01 3.136780e+00 3.033874e+01
    endloop
  endfacet
  facet normal 9.261582e-01 -2.978109e-01 2.313865e-01
    outer loop
      vertex   3.331097e+01 3.439511e+00 3.010995e+01
      vertex   3.315647e+01 3.136780e+00 3.033874e+01
      vertex   3.314898e+01 2.821752e+00 2.996324e+01
    endloop
  endfacet
  facet normal 8.762124e-01 -3.776611e-01 2.993725e-01
    outer loop
      vertex   3.314898e+01 2.821752e+00 2.996324e+01
      vertex   3.315647e+01 3.136780e+00 3.033874e+01
      vertex   3.292736e+01 2.530198e+00 3.024409e+01
    endloop
  endfacet
  facet normal 8.585650e-01 -4.805947e-01 1.785914e-01
    outer loop
      vertex   3.314898e+01 2.821752e+00 2.996324e+01
      vertex   3.292736e+01 2.530198e+00 3.024409e+01
      vertex   3.282928e+01 2.219021e+00 2.987824e+01
    endloop
  endfacet
  facet normal 7.892194e-01 -5.558131e-01 2.611600e-01
    outer loop
      vertex   3.282928e+01 2.219021e+00 2.987824e+01
      vertex   3.292736e+01 2.530198e+00 3.024409e+01
      vertex   3.254148e+01 1.962678e+00 3.020240e+01
    endloop
  endfacet
  facet normal 7.434247e-01 -6.532560e-01 1.434443e-01
    outer loop
      vertex   3.282928e+01 2.219021e+00 2.987824e+01
      vertex   3.254148e+01 1.962678e+00 3.020240e+01
      vertex   3.236229e+01 1.680095e+00 2.984415e+01
    endloop
  endfacet
  facet normal 6.556572e-01 -7.167562e-01 2.374323e-01
    outer loop
      vertex   3.236229e+01 1.680095e+00 2.984415e+01
      vertex   3.254148e+01 1.962678e+00 3.020240e+01
      vertex   3.201532e+01 1.480166e+00 3.019877e+01
    endloop
  endfacet
  facet normal 5.859198e-01 -8.011951e-01 1.215911e-01
    outer loop
      vertex   3.236229e+01 1.680095e+00 2.984415e+01
      vertex   3.201532e+01 1.480166e+00 3.019877e+01
      vertex   3.177088e+01 1.247451e+00 2.984325e+01
    endloop
  endfacet
  facet normal 4.825424e-01 -8.470856e-01 2.227080e-01
    outer loop
      vertex   3.177088e+01 1.247451e+00 2.984325e+01
      vertex   3.201532e+01 1.480166e+00 3.019877e+01
      vertex   3.137717e+01 1.120270e+00 3.021256e+01
    endloop
  endfacet
  facet normal 3.949348e-01 -9.124811e-01 1.067932e-01
    outer loop
      vertex   3.177088e+01 1.247451e+00 2.984325e+01
      vertex   3.137717e+01 1.120270e+00 3.021256e+01
      vertex   3.108861e+01 9.533186e-01 2.985317e+01
    endloop
  endfacet
  facet normal 2.803111e-01 -9.366459e-01 2.100479e-01
    outer loop
      vertex   3.108861e+01 9.533186e-01 2.985317e+01
      vertex   3.137717e+01 1.120270e+00 3.021256e+01
      vertex   3.066491e+01 9.087781e-01 3.021999e+01
    endloop
  endfacet
  facet normal 1.823480e-01 -9.789431e-01 9.175864e-02
    outer loop
      vertex   3.108861e+01 9.533186e-01 2.985317e+01
      vertex   3.066491e+01 9.087781e-01 3.021999e+01
      vertex   3.035713e+01 8.167412e-01 2.984972e+01
    endloop
  endfacet
  facet normal 6.196018e-02 -9.794461e-01 1.919539e-01
    outer loop
      vertex   3.035713e+01 8.167412e-01 2.984972e+01
      vertex   3.066491e+01 9.087781e-01 3.021999e+01
      vertex   2.992291e+01 8.573407e-01 3.019704e+01
    endloop
  endfacet
  facet normal -3.795211e-02 -9.968888e-01 6.908216e-02
    outer loop
      vertex   3.035713e+01 8.167412e-01 2.984972e+01
      vertex   2.992291e+01 8.573407e-01 3.019704e+01
      vertex   2.962261e+01 8.419441e-01 2.980989e+01
    endloop
  endfacet
  facet normal -1.580457e-01 -9.741637e-01 1.613280e-01
    outer loop
      vertex   2.962261e+01 8.419441e-01 2.980989e+01
      vertex   2.992291e+01 8.573407e-01 3.019704e+01
      vertex   2.919827e+01 9.625533e-01 3.012246e+01
    endloop
  endfacet
  facet normal -2.512383e-01 -9.673896e-01 3.219782e-02
    outer loop
      vertex   2.962261e+01 8.419441e-01 2.980989e+01
      vertex   2.919827e+01 9.625533e-01 3.012246e+01
      vertex   2.893193e+01 1.018153e+00 2.971470e+01
    endloop
  endfacet
  facet normal 8.862118e-01 -5.845419e-02 4.595778e-01
    outer loop
      vertex   3.312010e+01 4.183353e+00 3.075349e+01
      vertex   3.299213e+01 3.877311e+00 3.096134e+01
      vertex   3.322518e+01 3.732451e+00 3.049352e+01
    endloop
  endfacet
  facet normal 8.789076e-01 -9.535122e-02 4.673644e-01
    outer loop
      vertex   3.322518e+01 3.732451e+00 3.049352e+01
      vertex   3.299213e+01 3.877311e+00 3.096134e+01
      vertex   3.309337e+01 3.474201e+00 3.068870e+01
    endloop
  endfacet
  facet normal 9.135862e-01 -1.977094e-01 3.553467e-01
    outer loop
      vertex   3.322518e+01 3.732451e+00 3.049352e+01
      vertex   3.309337e+01 3.474201e+00 3.068870e+01
      vertex   3.315647e+01 3.136780e+00 3.033874e+01
    endloop
  endfacet
  facet normal 8.715054e-01 -2.649856e-01 4.126269e-01
    outer loop
      vertex   3.315647e+01 3.136780e+00 3.033874e+01
      vertex   3.309337e+01 3.474201e+00 3.068870e+01
      vertex   3.295972e+01 2.877953e+00 3.058807e+01
    endloop
  endfacet
  facet normal 8.762124e-01 -3.776611e-01 2.993725e-01
    outer loop
      vertex   3.315647e+01 3.136780e+00 3.033874e+01
      vertex   3.295972e+01 2.877953e+00 3.058807e+01
      vertex   3.292736e+01 2.530198e+00 3.024409e+01
    endloop
  endfacet
  facet normal 8.149429e-01 -4.441195e-01 3.723251e-01
    outer loop
      vertex   3.292736e+01 2.530198e+00 3.024409e+01
      vertex   3.295972e+01 2.877953e+00 3.058807e+01
      vertex   3.266362e+01 2.295278e+00 3.054116e+01
    endloop
  endfacet
  facet normal 7.892194e-01 -5.558131e-01 2.611600e-01
    outer loop
      vertex   3.292736e+01 2.530198e+00 3.024409e+01
      vertex   3.266362e+01 2.295278e+00 3.054116e+01
      vertex   3.254148e+01 1.962678e+00 3.020240e+01
    endloop
  endfacet
  facet normal 7.087650e-01 -6.140222e-01 3.473167e-01
    outer loop
      vertex   3.254148e+01 1.962678e+00 3.020240e+01
      vertex   3.266362e+01 2.295278e+00 3.054116e+01
      vertex   3.221480e+01 1.774446e+00 3.053627e+01
    endloop
  endfacet
  facet normal 6.556572e-01 -7.167562e-01 2.374323e-01
    outer loop
      vertex   3.254148e+01 1.962678e+00 3.020240e+01
      vertex   3.221480e+01 1.774446e+00 3.053627e+01
      vertex   3.201532e+01 1.480166e+00 3.019877e+01
    endloop
  endfacet
  facet normal 5.579323e-01 -7.601375e-01 3.330203e-01
    outer loop
      vertex   3.201532e+01 1.480166e+00 3.019877e+01
      vertex   3.221480e+01 1.774446e+00 3.053627e+01
      vertex   3.163559e+01 1.357503e+00 3.055496e+01
    endloop
  endfacet
  facet normal 4.825424e-01 -8.470856e-01 2.227080e-01
    outer loop
      vertex   3.201532e+01 1.480166e+00 3.019877e+01
      vertex   3.163559e+01 1.357503e+00 3.055496e+01
      vertex   3.137717e+01 1.120270e+00 3.021256e+01
    endloop
  endfacet
  facet normal 3.711770e-01 -8.705635e-01 3.230276e-01
    outer loop
      vertex   3.137717e+01 1.120270e+00 3.021256e+01
      vertex   3.163559e+01 1.357503e+00 3.055496e+01
      vertex   3.095919e+01 1.076332e+00 3.057443e+01
    endloop
  endfacet
  facet normal 2.803111e-01 -9.366459e-01 2.100479e-01
    outer loop
      vertex   3.137717e+01 1.120270e+00 3.021256e+01
      vertex   3.095919e+01 1.076332e+00 3.057443e+01
      vertex   3.066491e+01 9.087781e-01 3.021999e+01
    endloop
  endfacet
  facet normal 1.602882e-01 -9.371474e-01 3.099394e-01
    outer loop
      vertex   3.066491e+01 9.087781e-01 3.021999e+01
      vertex   3.095919e+01 1.076332e+00 3.057443e+01
      vertex   3.022704e+01 9.497187e-01 3.057023e+01
    endloop
  endfacet
  facet normal 6.196018e-02 -9.794461e-01 1.919539e-01
    outer loop
      vertex   3.066491e+01 9.087781e-01 3.021999e+01
      vertex   3.022704e+01 9.497187e-01 3.057023e+01
      vertex   2.992291e+01 8.573407e-01 3.019704e+01
    endloop
  endfacet
  facet normal -6.087896e-02 -9.562014e-01 2.863086e-01
    outer loop
      vertex   2.992291e+01 8.573407e-01 3.019704e+01
      vertex   3.022704e+01 9.497187e-01 3.057023e+01
      vertex   2.948533e+01 9.817096e-01 3.051936e+01
    endloop
  endfacet
  facet normal -1.580457e-01 -9.741637e-01 1.613280e-01
    outer loop
      vertex   2.992291e+01 8.573407e-01 3.019704e+01
      vertex   2.948533e+01 9.817096e-01 3.051936e+01
      vertex   2.919827e+01 9.625533e-01 3.012246e+01
    endloop
  endfacet
  facet normal 8.453425e-01 -1.369312e-01 5.163777e-01
    outer loop
      vertex   3.299213e+01 3.877311e+00 3.096134e+01
      vertex   3.280676e+01 3.626950e+00 3.119840e+01
      vertex   3.309337e+01 3.474201e+00 3.068870e+01
    endloop
  endfacet
  facet normal 8.437547e-01 -1.430437e-01 5.173167e-01
    outer loop
      vertex   3.309337e+01 3.474201e+00 3.068870e+01
      vertex   3.280676e+01 3.626950e+00 3.119840e+01
      vertex   3.292554e+01 3.253405e+00 3.090139e+01
    endloop
  endfacet
  facet normal 8.715054e-01 -2.649856e-01 4.126269e-01
    outer loop
      vertex   3.309337e+01 3.474201e+00 3.068870e+01
      vertex   3.292554e+01 3.253405e+00 3.090139e+01
      vertex   3.295972e+01 2.877953e+00 3.058807e+01
    endloop
  endfacet
  facet normal 8.198841e-01 -3.209787e-01 4.740916e-01
    outer loop
      vertex   3.295972e+01 2.877953e+00 3.058807e+01
      vertex   3.292554e+01 3.253405e+00 3.090139e+01
      vertex   3.272558e+01 2.669403e+00 3.085179e+01
    endloop
  endfacet
  facet normal 8.149429e-01 -4.441195e-01 3.723251e-01
    outer loop
      vertex   3.295972e+01 2.877953e+00 3.058807e+01
      vertex   3.272558e+01 2.669403e+00 3.085179e+01
      vertex   3.266362e+01 2.295278e+00 3.054116e+01
    endloop
  endfacet
  facet normal 7.438582e-01 -4.955496e-01 4.484479e-01
    outer loop
      vertex   3.266362e+01 2.295278e+00 3.054116e+01
      vertex   3.272558e+01 2.669403e+00 3.085179e+01
      vertex   3.236424e+01 2.122777e+00 3.084713e+01
    endloop
  endfacet
  facet normal 7.087650e-01 -6.140222e-01 3.473167e-01
    outer loop
      vertex   3.266362e+01 2.295278e+00 3.054116e+01
      vertex   3.236424e+01 2.122777e+00 3.084713e+01
      vertex   3.221480e+01 1.774446e+00 3.053627e+01
    endloop
  endfacet
  facet normal 6.191828e-01 -6.537888e-01 4.349400e-01
    outer loop
      vertex   3.221480e+01 1.774446e+00 3.053627e+01
      vertex   3.236424e+01 2.122777e+00 3.084713e+01
      vertex   3.185729e+01 1.658959e+00 3.087162e+01
    endloop
  endfacet
  facet normal 5.579323e-01 -7.601375e-01 3.330203e-01
    outer loop
      vertex   3.221480e+01 1.774446e+00 3.053627e+01
      vertex   3.185729e+01 1.658959e+00 3.087162e+01
      vertex   3.163559e+01 1.357503e+00 3.055496e+01
    endloop
  endfacet
  facet normal 4.526563e-01 -7.823317e-01 4.278545e-01
    outer loop
      vertex   3.163559e+01 1.357503e+00 3.055496e+01
      vertex   3.185729e+01 1.658959e+00 3.087162e+01
      vertex   3.123247e+01 1.315126e+00 3.090397e+01
    endloop
  endfacet
  facet normal 3.711770e-01 -8.705635e-01 3.230276e-01
    outer loop
      vertex   3.163559e+01 1.357503e+00 3.055496e+01
      vertex   3.123247e+01 1.315126e+00 3.090397e+01
      vertex   3.095919e+01 1.076332e+00 3.057443e+01
    endloop
  endfacet
  facet normal 2.545659e-01 -8.710507e-01 4.200795e-01
    outer loop
      vertex   3.095919e+01 1.076332e+00 3.057443e+01
      vertex   3.123247e+01 1.315126e+00 3.090397e+01
      vertex   3.052725e+01 1.116719e+00 3.091993e+01
    endloop
  endfacet
  facet normal 1.602882e-01 -9.371474e-01 3.099394e-01
    outer loop
      vertex   3.095919e+01 1.076332e+00 3.057443e+01
      vertex   3.052725e+01 1.116719e+00 3.091993e+01
      vertex   3.022704e+01 9.497187e-01 3.057023e+01
    endloop
  endfacet
  facet normal 3.782141e-02 -9.139732e-01 4.040081e-01
    outer loop
      vertex   3.022704e+01 9.497187e-01 3.057023e+01
      vertex   3.052725e+01 1.116719e+00 3.091993e+01
      vertex   2.978579e+01 1.075132e+00 3.089526e+01
    endloop
  endfacet
  facet normal -6.087896e-02 -9.562014e-01 2.863086e-01
    outer loop
      vertex   3.022704e+01 9.497187e-01 3.057023e+01
      vertex   2.978579e+01 1.075132e+00 3.089526e+01
      vertex   2.948533e+01 9.817096e-01 3.051936e+01
    endloop
  endfacet
  facet normal 8.042592e-01 -1.915708e-01 5.625547e-01
    outer loop
      vertex   3.292554e+01 3.253405e+00 3.090139e+01
      vertex   3.280676e+01 3.626950e+00 3.119840e+01
      vertex   3.272580e+01 3.075498e+00 3.112636e+01
    endloop
  endfacet
  facet normal 7.878961e-01 -1.921102e-01 5.850755e-01
    outer loop
      vertex   3.272580e+01 3.075498e+00 3.112636e+01
      vertex   3.280676e+01 3.626950e+00 3.119840e+01
      vertex   3.257278e+01 3.444111e+00 3.145346e+01
    endloop
  endfacet
  facet normal 7.571477e-01 -2.286850e-01 6.119073e-01
    outer loop
      vertex   3.272580e+01 3.075498e+00 3.112636e+01
      vertex   3.257278e+01 3.444111e+00 3.145346e+01
      vertex   3.249908e+01 2.944860e+00 3.135807e+01
    endloop
  endfacet
  facet normal 7.198834e-01 -2.313069e-01 6.544196e-01
    outer loop
      vertex   3.249908e+01 2.944860e+00 3.135807e+01
      vertex   3.257278e+01 3.444111e+00 3.145346e+01
      vertex   3.230123e+01 3.337441e+00 3.171447e+01
    endloop
  endfacet
  facet normal 7.041728e-01 -2.488293e-01 6.649997e-01
    outer loop
      vertex   3.249908e+01 2.944860e+00 3.135807e+01
      vertex   3.230123e+01 3.337441e+00 3.171447e+01
      vertex   3.225096e+01 2.864710e+00 3.159082e+01
    endloop
  endfacet
  facet normal 6.479087e-01 -2.565073e-01 7.172297e-01
    outer loop
      vertex   3.225096e+01 2.864710e+00 3.159082e+01
      vertex   3.230123e+01 3.337441e+00 3.171447e+01
      vertex   3.198755e+01 2.837020e+00 3.181887e+01
    endloop
  endfacet
  facet normal 6.214693e-01 -4.090574e-01 6.681676e-01
    outer loop
      vertex   3.225096e+01 2.864710e+00 3.159082e+01
      vertex   3.198755e+01 2.837020e+00 3.181887e+01
      vertex   3.186017e+01 2.389849e+00 3.166358e+01
    endloop
  endfacet
  facet normal 5.462471e-01 -4.093717e-01 7.307728e-01
    outer loop
      vertex   3.186017e+01 2.389849e+00 3.166358e+01
      vertex   3.198755e+01 2.837020e+00 3.181887e+01
      vertex   3.154107e+01 2.419685e+00 3.191882e+01
    endloop
  endfacet
  facet normal 4.901622e-01 -5.490335e-01 6.769810e-01
    outer loop
      vertex   3.186017e+01 2.389849e+00 3.166358e+01
      vertex   3.154107e+01 2.419685e+00 3.191882e+01
      vertex   3.132933e+01 2.013986e+00 3.174310e+01
    endloop
  endfacet
  facet normal 3.990628e-01 -5.317949e-01 7.469559e-01
    outer loop
      vertex   3.132933e+01 2.013986e+00 3.174310e+01
      vertex   3.154107e+01 2.419685e+00 3.191882e+01
      vertex   3.096711e+01 2.116939e+00 3.200992e+01
    endloop
  endfacet
  facet normal 3.185215e-01 -6.550451e-01 6.851715e-01
    outer loop
      vertex   3.132933e+01 2.013986e+00 3.174310e+01
      vertex   3.096711e+01 2.116939e+00 3.200992e+01
      vertex   3.069026e+01 1.768076e+00 3.180509e+01
    endloop
  endfacet
  facet normal 6.430697e-01 -2.522559e-01 7.230687e-01
    outer loop
      vertex   3.230123e+01 3.337441e+00 3.171447e+01
      vertex   3.200497e+01 3.311985e+00 3.196907e+01
      vertex   3.198755e+01 2.837020e+00 3.181887e+01
    endloop
  endfacet
  facet normal 5.874065e-01 -2.635317e-01 7.651828e-01
    outer loop
      vertex   3.198755e+01 2.837020e+00 3.181887e+01
      vertex   3.200497e+01 3.311985e+00 3.196907e+01
      vertex   3.171533e+01 2.862472e+00 3.203660e+01
    endloop
  endfacet
  facet normal 5.462471e-01 -4.093717e-01 7.307728e-01
    outer loop
      vertex   3.198755e+01 2.837020e+00 3.181887e+01
      vertex   3.171533e+01 2.862472e+00 3.203660e+01
      vertex   3.154107e+01 2.419685e+00 3.191882e+01
    endloop
  endfacet
  facet normal 4.694932e-01 -3.948477e-01 7.897287e-01
    outer loop
      vertex   3.154107e+01 2.419685e+00 3.191882e+01
      vertex   3.171533e+01 2.862472e+00 3.203660e+01
      vertex   3.121950e+01 2.511082e+00 3.215569e+01
    endloop
  endfacet
  facet normal 3.990628e-01 -5.317949e-01 7.469559e-01
    outer loop
      vertex   3.154107e+01 2.419685e+00 3.191882e+01
      vertex   3.121950e+01 2.511082e+00 3.215569e+01
      vertex   3.096711e+01 2.116939e+00 3.200992e+01
    endloop
  endfacet
  facet normal 5.625414e-01 -2.437797e-01 7.900118e-01
    outer loop
      vertex   3.200497e+01 3.311985e+00 3.196907e+01
      vertex   3.169801e+01 3.368948e+00 3.220522e+01
      vertex   3.171533e+01 2.862472e+00 3.203660e+01
    endloop
  endfacet
  facet normal 5.263725e-01 -2.523210e-01 8.119520e-01
    outer loop
      vertex   3.171533e+01 2.862472e+00 3.203660e+01
      vertex   3.169801e+01 3.368948e+00 3.220522e+01
      vertex   3.144101e+01 2.940439e+00 3.223867e+01
    endloop
  endfacet
  facet normal 4.694932e-01 -3.948477e-01 7.897287e-01
    outer loop
      vertex   3.171533e+01 2.862472e+00 3.203660e+01
      vertex   3.144101e+01 2.940439e+00 3.223867e+01
      vertex   3.121950e+01 2.511082e+00 3.215569e+01
    endloop
  endfacet
  facet normal 4.790978e-01 -2.210395e-01 8.494744e-01
    outer loop
      vertex   3.169801e+01 3.368948e+00 3.220522e+01
      vertex   3.139487e+01 3.505635e+00 3.241176e+01
      vertex   3.144101e+01 2.940439e+00 3.223867e+01
    endloop
  endfacet
  facet normal 2.622099e-01 -3.224300e-02 9.644721e-01
    outer loop
      vertex   3.045513e+01 3.720877e+00 3.279895e+01
      vertex   3.085651e+01 3.988857e+00 3.269878e+01
      vertex   3.026707e+01 4.008787e+00 3.285970e+01
    endloop
  endfacet
  facet normal 2.623229e-01 -2.938901e-02 9.645325e-01
    outer loop
      vertex   3.026707e+01 4.008787e+00 3.285970e+01
      vertex   3.085651e+01 3.988857e+00 3.269878e+01
      vertex   3.064677e+01 4.312538e+00 3.276569e+01
    endloop
  endfacet
  facet normal 1.117043e-01 3.633152e-01 -9.249455e-01
    outer loop
      vertex   3.035559e+01 5.871970e+00 2.635788e+01
      vertex   3.093006e+01 5.895685e+00 2.643657e+01
      vertex   3.065643e+01 5.476800e+00 2.623899e+01
    endloop
  endfacet
  facet normal 1.856132e-01 3.173965e-01 -9.299501e-01
    outer loop
      vertex   3.065643e+01 5.476800e+00 2.623899e+01
      vertex   3.093006e+01 5.895685e+00 2.643657e+01
      vertex   3.120580e+01 5.473485e+00 2.634751e+01
    endloop
  endfacet
  facet normal 1.893033e-01 2.450887e-01 -9.508395e-01
    outer loop
      vertex   3.065643e+01 5.476800e+00 2.623899e+01
      vertex   3.120580e+01 5.473485e+00 2.634751e+01
      vertex   3.090815e+01 5.036980e+00 2.617573e+01
    endloop
  endfacet
  facet normal 2.525738e-01 2.002847e-01 -9.466216e-01
    outer loop
      vertex   3.090815e+01 5.036980e+00 2.617573e+01
      vertex   3.120580e+01 5.473485e+00 2.634751e+01
      vertex   3.143237e+01 5.015708e+00 2.631110e+01
    endloop
  endfacet
  facet normal 2.527551e-01 1.164524e-01 -9.604966e-01
    outer loop
      vertex   3.090815e+01 5.036980e+00 2.617573e+01
      vertex   3.143237e+01 5.015708e+00 2.631110e+01
      vertex   3.110349e+01 4.565163e+00 2.616993e+01
    endloop
  endfacet
  facet normal 3.049280e-01 7.489936e-02 -9.494256e-01
    outer loop
      vertex   3.110349e+01 4.565163e+00 2.616993e+01
      vertex   3.143237e+01 5.015708e+00 2.631110e+01
      vertex   3.160418e+01 4.533627e+00 2.632825e+01
    endloop
  endfacet
  facet normal 3.003396e-01 -1.911132e-02 -9.536408e-01
    outer loop
      vertex   3.110349e+01 4.565163e+00 2.616993e+01
      vertex   3.160418e+01 4.533627e+00 2.632825e+01
      vertex   3.123684e+01 4.074922e+00 2.622175e+01
    endloop
  endfacet
  facet normal 3.413115e-01 -5.548235e-02 -9.383113e-01
    outer loop
      vertex   3.123684e+01 4.074922e+00 2.622175e+01
      vertex   3.160418e+01 4.533627e+00 2.632825e+01
      vertex   3.171702e+01 4.039110e+00 2.639854e+01
    endloop
  endfacet
  facet normal 3.307606e-01 -1.579304e-01 -9.304061e-01
    outer loop
      vertex   3.123684e+01 4.074922e+00 2.622175e+01
      vertex   3.171702e+01 4.039110e+00 2.639854e+01
      vertex   3.130435e+01 3.580360e+00 2.632970e+01
    endloop
  endfacet
  facet normal 3.607829e-01 -1.874559e-01 -9.136170e-01
    outer loop
      vertex   3.130435e+01 3.580360e+00 2.632970e+01
      vertex   3.171702e+01 4.039110e+00 2.639854e+01
      vertex   3.176809e+01 3.544336e+00 2.652022e+01
    endloop
  endfacet
  facet normal 3.431778e-01 -2.962328e-01 -8.913334e-01
    outer loop
      vertex   3.130435e+01 3.580360e+00 2.632970e+01
      vertex   3.176809e+01 3.544336e+00 2.652022e+01
      vertex   3.130410e+01 3.095706e+00 2.649068e+01
    endloop
  endfacet
  facet normal 3.628495e-01 -3.175838e-01 -8.760598e-01
    outer loop
      vertex   3.130410e+01 3.095706e+00 2.649068e+01
      vertex   3.176809e+01 3.544336e+00 2.652022e+01
      vertex   3.175614e+01 3.061486e+00 2.669031e+01
    endloop
  endfacet
  facet normal 3.372304e-01 -4.302382e-01 -8.373594e-01
    outer loop
      vertex   3.130410e+01 3.095706e+00 2.649068e+01
      vertex   3.175614e+01 3.061486e+00 2.669031e+01
      vertex   3.123608e+01 2.634902e+00 2.670005e+01
    endloop
  endfacet
  facet normal 3.474806e-01 -4.424917e-01 -8.267154e-01
    outer loop
      vertex   3.123608e+01 2.634902e+00 2.670005e+01
      vertex   3.175614e+01 3.061486e+00 2.669031e+01
      vertex   3.168147e+01 2.602451e+00 2.690462e+01
    endloop
  endfacet
  facet normal 3.130483e-01 -5.562513e-01 -7.697956e-01
    outer loop
      vertex   3.123608e+01 2.634902e+00 2.670005e+01
      vertex   3.168147e+01 2.602451e+00 2.690462e+01
      vertex   3.110225e+01 2.211204e+00 2.695179e+01
    endloop
  endfacet
  facet normal 3.151079e-01 -5.589619e-01 -7.669867e-01
    outer loop
      vertex   3.110225e+01 2.211204e+00 2.695179e+01
      vertex   3.168147e+01 2.602451e+00 2.690462e+01
      vertex   3.154591e+01 2.178533e+00 2.715787e+01
    endloop
  endfacet
  facet normal 1.057955e-01 4.231764e-01 -8.998495e-01
    outer loop
      vertex   3.093006e+01 5.895685e+00 2.643657e+01
      vertex   3.035559e+01 5.871970e+00 2.635788e+01
      vertex   3.061194e+01 6.271911e+00 2.657610e+01
    endloop
  endfacet
  facet normal 2.205911e-02 4.679242e-01 -8.834933e-01
    outer loop
      vertex   3.061194e+01 6.271911e+00 2.657610e+01
      vertex   3.035559e+01 5.871970e+00 2.635788e+01
      vertex   3.001426e+01 6.211122e+00 2.652898e+01
    endloop
  endfacet
  facet normal 1.520625e-02 5.148697e-01 -8.571336e-01
    outer loop
      vertex   3.061194e+01 6.271911e+00 2.657610e+01
      vertex   3.001426e+01 6.211122e+00 2.652898e+01
      vertex   3.025926e+01 6.592900e+00 2.676265e+01
    endloop
  endfacet
  facet normal -7.720094e-02 5.560617e-01 -8.275478e-01
    outer loop
      vertex   3.025926e+01 6.592900e+00 2.676265e+01
      vertex   3.001426e+01 6.211122e+00 2.652898e+01
      vertex   2.964228e+01 6.484499e+00 2.674737e+01
    endloop
  endfacet
  facet normal -8.379039e-02 5.901016e-01 -8.029690e-01
    outer loop
      vertex   3.025926e+01 6.592900e+00 2.676265e+01
      vertex   2.964228e+01 6.484499e+00 2.674737e+01
      vertex   2.988072e+01 6.850749e+00 2.699165e+01
    endloop
  endfacet
  facet normal -1.833732e-01 6.252982e-01 -7.585357e-01
    outer loop
      vertex   2.988072e+01 6.850749e+00 2.699165e+01
      vertex   2.964228e+01 6.484499e+00 2.674737e+01
      vertex   2.925034e+01 6.684236e+00 2.700678e+01
    endloop
  endfacet
  facet normal -1.886181e-01 6.469435e-01 -7.388419e-01
    outer loop
      vertex   2.988072e+01 6.850749e+00 2.699165e+01
      vertex   2.925034e+01 6.684236e+00 2.700678e+01
      vertex   2.948563e+01 7.039107e+00 2.725744e+01
    endloop
  endfacet
  facet normal -2.935483e-01 6.736906e-01 -6.782111e-01
    outer loop
      vertex   2.948563e+01 7.039107e+00 2.725744e+01
      vertex   2.925034e+01 6.684236e+00 2.700678e+01
      vertex   2.884971e+01 6.804588e+00 2.729973e+01
    endloop
  endfacet
  facet normal -2.965598e-01 6.839655e-01 -6.665159e-01
    outer loop
      vertex   2.948563e+01 7.039107e+00 2.725744e+01
      vertex   2.884971e+01 6.804588e+00 2.729973e+01
      vertex   2.908373e+01 7.153338e+00 2.755348e+01
    endloop
  endfacet
  facet normal -4.046805e-01 6.998331e-01 -5.886147e-01
    outer loop
      vertex   2.908373e+01 7.153338e+00 2.755348e+01
      vertex   2.884971e+01 6.804588e+00 2.729973e+01
      vertex   2.845194e+01 6.842091e+00 2.761780e+01
    endloop
  endfacet
  facet normal -6.251682e-01 6.672307e-01 -4.049295e-01
    outer loop
      vertex   2.806844e+01 6.795668e+00 2.795183e+01
      vertex   2.771027e+01 6.666654e+00 2.829223e+01
      vertex   2.793546e+01 7.032630e+00 2.854761e+01
    endloop
  endfacet
  facet normal -6.944997e-01 6.469825e-01 -3.147759e-01
    outer loop
      vertex   2.793546e+01 7.032630e+00 2.854761e+01
      vertex   2.771027e+01 6.666654e+00 2.829223e+01
      vertex   2.760329e+01 6.841233e+00 2.888709e+01
    endloop
  endfacet
  facet normal -6.404933e-01 7.386168e-01 -2.102702e-01
    outer loop
      vertex   2.793546e+01 7.032630e+00 2.854761e+01
      vertex   2.760329e+01 6.841233e+00 2.888709e+01
      vertex   2.779544e+01 7.110786e+00 2.924864e+01
    endloop
  endfacet
  facet normal -7.296785e-01 6.740909e-01 -1.147638e-01
    outer loop
      vertex   2.779544e+01 7.110786e+00 2.924864e+01
      vertex   2.760329e+01 6.841233e+00 2.888709e+01
      vertex   2.748646e+01 6.835579e+00 2.959665e+01
    endloop
  endfacet
  facet normal -6.607523e-01 7.505722e-01 6.912459e-03
    outer loop
      vertex   2.779544e+01 7.110786e+00 2.924864e+01
      vertex   2.748646e+01 6.835579e+00 2.959665e+01
      vertex   2.772017e+01 7.037811e+00 2.997716e+01
    endloop
  endfacet
  facet normal -7.415221e-01 6.629621e-01 1.030837e-01
    outer loop
      vertex   2.772017e+01 7.037811e+00 2.997716e+01
      vertex   2.748646e+01 6.835579e+00 2.959665e+01
      vertex   2.745245e+01 6.685610e+00 3.031643e+01
    endloop
  endfacet
  facet normal -6.576947e-01 7.183522e-01 2.267327e-01
    outer loop
      vertex   2.772017e+01 7.037811e+00 2.997716e+01
      vertex   2.745245e+01 6.685610e+00 3.031643e+01
      vertex   2.773582e+01 6.826954e+00 3.069062e+01
    endloop
  endfacet
  facet normal -7.250420e-01 6.106815e-01 3.184057e-01
    outer loop
      vertex   2.773582e+01 6.826954e+00 3.069062e+01
      vertex   2.745245e+01 6.685610e+00 3.031643e+01
      vertex   2.752381e+01 6.411550e+00 3.100457e+01
    endloop
  endfacet
  facet normal -6.243283e-01 6.481599e-01 4.360079e-01
    outer loop
      vertex   2.773582e+01 6.826954e+00 3.069062e+01
      vertex   2.752381e+01 6.411550e+00 3.100457e+01
      vertex   2.786059e+01 6.504663e+00 3.134839e+01
    endloop
  endfacet
  facet normal -6.745955e-01 5.254557e-01 5.184759e-01
    outer loop
      vertex   2.786059e+01 6.504663e+00 3.134839e+01
      vertex   2.752381e+01 6.411550e+00 3.100457e+01
      vertex   2.771378e+01 6.045540e+00 3.162267e+01
    endloop
  endfacet
  facet normal -5.565848e-01 5.499755e-01 6.226880e-01
    outer loop
      vertex   2.786059e+01 6.504663e+00 3.134839e+01
      vertex   2.771378e+01 6.045540e+00 3.162267e+01
      vertex   2.810233e+01 6.107814e+00 3.191498e+01
    endloop
  endfacet
  facet normal -7.227539e-01 6.171276e-01 -3.110954e-01
    outer loop
      vertex   2.771027e+01 6.666654e+00 2.829223e+01
      vertex   2.738772e+01 6.458759e+00 2.862919e+01
      vertex   2.760329e+01 6.841233e+00 2.888709e+01
    endloop
  endfacet
  facet normal -7.766634e-01 5.887580e-01 -2.239596e-01
    outer loop
      vertex   2.760329e+01 6.841233e+00 2.888709e+01
      vertex   2.738772e+01 6.458759e+00 2.862919e+01
      vertex   2.731065e+01 6.580580e+00 2.921670e+01
    endloop
  endfacet
  facet normal -7.296785e-01 6.740909e-01 -1.147638e-01
    outer loop
      vertex   2.760329e+01 6.841233e+00 2.888709e+01
      vertex   2.731065e+01 6.580580e+00 2.921670e+01
      vertex   2.748646e+01 6.835579e+00 2.959665e+01
    endloop
  endfacet
  facet normal -8.065494e-01 5.907099e-01 -2.323494e-02
    outer loop
      vertex   2.748646e+01 6.835579e+00 2.959665e+01
      vertex   2.731065e+01 6.580580e+00 2.921670e+01
      vertex   2.722684e+01 6.494025e+00 2.992567e+01
    endloop
  endfacet
  facet normal -7.415221e-01 6.629621e-01 1.030837e-01
    outer loop
      vertex   2.748646e+01 6.835579e+00 2.959665e+01
      vertex   2.722684e+01 6.494025e+00 2.992567e+01
      vertex   2.745245e+01 6.685610e+00 3.031643e+01
    endloop
  endfacet
  facet normal -8.073641e-01 5.576979e-01 1.927076e-01
    outer loop
      vertex   2.745245e+01 6.685610e+00 3.031643e+01
      vertex   2.722684e+01 6.494025e+00 2.992567e+01
      vertex   2.724220e+01 6.273668e+00 3.062776e+01
    endloop
  endfacet
  facet normal -7.250420e-01 6.106815e-01 3.184057e-01
    outer loop
      vertex   2.745245e+01 6.685610e+00 3.031643e+01
      vertex   2.724220e+01 6.273668e+00 3.062776e+01
      vertex   2.752381e+01 6.411550e+00 3.100457e+01
    endloop
  endfacet
  facet normal -7.754620e-01 4.876042e-01 4.011244e-01
    outer loop
      vertex   2.752381e+01 6.411550e+00 3.100457e+01
      vertex   2.724220e+01 6.273668e+00 3.062776e+01
      vertex   2.737498e+01 5.946131e+00 3.128261e+01
    endloop
  endfacet
  facet normal -6.745955e-01 5.254557e-01 5.184759e-01
    outer loop
      vertex   2.752381e+01 6.411550e+00 3.100457e+01
      vertex   2.737498e+01 5.946131e+00 3.128261e+01
      vertex   2.771378e+01 6.045540e+00 3.162267e+01
    endloop
  endfacet
  facet normal -8.083359e-01 5.463442e-01 -2.193196e-01
    outer loop
      vertex   2.738772e+01 6.458759e+00 2.862919e+01
      vertex   2.711007e+01 6.177966e+00 2.895303e+01
      vertex   2.731065e+01 6.580580e+00 2.921670e+01
    endloop
  endfacet
  facet normal -8.478009e-01 5.122499e-01 -1.372361e-01
    outer loop
      vertex   2.731065e+01 6.580580e+00 2.921670e+01
      vertex   2.711007e+01 6.177966e+00 2.895303e+01
      vertex   2.706475e+01 6.257090e+00 2.952831e+01
    endloop
  endfacet
  facet normal -8.065494e-01 5.907099e-01 -2.323494e-02
    outer loop
      vertex   2.731065e+01 6.580580e+00 2.921670e+01
      vertex   2.706475e+01 6.257090e+00 2.952831e+01
      vertex   2.722684e+01 6.494025e+00 2.992567e+01
    endloop
  endfacet
  facet normal -8.692132e-01 4.905269e-01 6.206276e-02
    outer loop
      vertex   2.722684e+01 6.494025e+00 2.992567e+01
      vertex   2.706475e+01 6.257090e+00 2.952831e+01
      vertex   2.702295e+01 6.094535e+00 3.022759e+01
    endloop
  endfacet
  facet normal -8.073641e-01 5.576979e-01 1.927076e-01
    outer loop
      vertex   2.722684e+01 6.494025e+00 2.992567e+01
      vertex   2.702295e+01 6.094535e+00 3.022759e+01
      vertex   2.724220e+01 6.273668e+00 3.062776e+01
    endloop
  endfacet
  facet normal -8.566571e-01 4.373716e-01 2.735775e-01
    outer loop
      vertex   2.724220e+01 6.273668e+00 3.062776e+01
      vertex   2.702295e+01 6.094535e+00 3.022759e+01
      vertex   2.709461e+01 5.812126e+00 3.090349e+01
    endloop
  endfacet
  facet normal -7.754620e-01 4.876042e-01 4.011244e-01
    outer loop
      vertex   2.724220e+01 6.273668e+00 3.062776e+01
      vertex   2.709461e+01 5.812126e+00 3.090349e+01
      vertex   2.737498e+01 5.946131e+00 3.128261e+01
    endloop
  endfacet
  facet normal -8.796775e-01 4.568478e-01 -1.321271e-01
    outer loop
      vertex   2.711007e+01 6.177966e+00 2.895303e+01
      vertex   2.688531e+01 5.832351e+00 2.925442e+01
      vertex   2.706475e+01 6.257090e+00 2.952831e+01
    endloop
  endfacet
  facet normal -9.060052e-01 4.194308e-01 -5.685448e-02
    outer loop
      vertex   2.706475e+01 6.257090e+00 2.952831e+01
      vertex   2.688531e+01 5.832351e+00 2.925442e+01
      vertex   2.687165e+01 5.878727e+00 2.981427e+01
    endloop
  endfacet
  facet normal -8.692132e-01 4.905269e-01 6.206276e-02
    outer loop
      vertex   2.706475e+01 6.257090e+00 2.952831e+01
      vertex   2.687165e+01 5.878727e+00 2.981427e+01
      vertex   2.702295e+01 6.094535e+00 3.022759e+01
    endloop
  endfacet
  facet normal -9.161268e-01 3.760089e-01 1.390290e-01
    outer loop
      vertex   2.702295e+01 6.094535e+00 3.022759e+01
      vertex   2.687165e+01 5.878727e+00 2.981427e+01
      vertex   2.687982e+01 5.646946e+00 3.049498e+01
    endloop
  endfacet
  facet normal -8.566571e-01 4.373716e-01 2.735775e-01
    outer loop
      vertex   2.702295e+01 6.094535e+00 3.022759e+01
      vertex   2.687982e+01 5.646946e+00 3.049498e+01
      vertex   2.709461e+01 5.812126e+00 3.090349e+01
    endloop
  endfacet
  facet normal -9.349025e-01 3.510894e-01 -5.189844e-02
    outer loop
      vertex   2.688531e+01 5.832351e+00 2.925442e+01
      vertex   2.671991e+01 5.431857e+00 2.952470e+01
      vertex   2.687165e+01 5.878727e+00 2.981427e+01
    endloop
  endfacet
  facet normal -9.497276e-01 3.127135e-01 1.509225e-02
    outer loop
      vertex   2.687165e+01 5.878727e+00 2.981427e+01
      vertex   2.671991e+01 5.431857e+00 2.952470e+01
      vertex   2.673609e+01 5.454809e+00 3.006752e+01
    endloop
  endfacet
  facet normal -9.161268e-01 3.760089e-01 1.390290e-01
    outer loop
      vertex   2.687165e+01 5.878727e+00 2.981427e+01
      vertex   2.673609e+01 5.454809e+00 3.006752e+01
      vertex   2.687982e+01 5.646946e+00 3.049498e+01
    endloop
  endfacet
  facet normal -9.725403e-01 2.319423e-01 1.918759e-02
    outer loop
      vertex   2.671991e+01 5.431857e+00 2.952470e+01
      vertex   2.661862e+01 4.988007e+00 2.975608e+01
      vertex   2.673609e+01 5.454809e+00 3.006752e+01
    endloop
  endfacet
  facet normal -9.895707e-01 6.902363e-02 1.264341e-01
    outer loop
      vertex   2.666142e+01 4.995774e+00 3.028182e+01
      vertex   2.658436e+01 4.513569e+00 2.994192e+01
      vertex   2.664947e+01 4.512924e+00 3.045192e+01
    endloop
  endfacet
  facet normal -9.914010e-01 -3.334625e-02 1.265385e-01
    outer loop
      vertex   2.664947e+01 4.512924e+00 3.045192e+01
      vertex   2.658436e+01 4.513569e+00 2.994192e+01
      vertex   2.661811e+01 4.022191e+00 3.007687e+01
    endloop
  endfacet
  facet normal -9.634566e-01 -1.935044e-01 1.852224e-01
    outer loop
      vertex   2.670054e+01 4.018150e+00 3.057360e+01
      vertex   2.671890e+01 3.528009e+00 3.015705e+01
      vertex   2.681337e+01 3.523634e+00 3.064388e+01
    endloop
  endfacet
  facet normal -9.336957e-01 -3.104630e-01 1.783960e-01
    outer loop
      vertex   2.681337e+01 3.523634e+00 3.064388e+01
      vertex   2.671890e+01 3.528009e+00 3.015705e+01
      vertex   2.688384e+01 3.045241e+00 3.018014e+01
    endloop
  endfacet
  facet normal -9.264437e-01 -3.233290e-01 1.927704e-01
    outer loop
      vertex   2.681337e+01 3.523634e+00 3.064388e+01
      vertex   2.688384e+01 3.045241e+00 3.018014e+01
      vertex   2.698519e+01 3.041552e+00 3.066104e+01
    endloop
  endfacet
  facet normal -8.774332e-01 -4.440306e-01 1.815153e-01
    outer loop
      vertex   2.698519e+01 3.041552e+00 3.066104e+01
      vertex   2.688384e+01 3.045241e+00 3.018014e+01
      vertex   2.710818e+01 2.587774e+00 3.014549e+01
    endloop
  endfacet
  facet normal -8.743915e-01 -4.481947e-01 1.859061e-01
    outer loop
      vertex   2.698519e+01 3.041552e+00 3.066104e+01
      vertex   2.710818e+01 2.587774e+00 3.014549e+01
      vertex   2.721393e+01 2.579978e+00 3.062409e+01
    endloop
  endfacet
  facet normal -8.080843e-01 -5.641943e-01 1.693651e-01
    outer loop
      vertex   2.721393e+01 2.579978e+00 3.062409e+01
      vertex   2.710818e+01 2.587774e+00 3.014549e+01
      vertex   2.748750e+01 2.161576e+00 3.053557e+01
    endloop
  endfacet
  facet normal -7.599915e-01 -5.649110e-01 3.213853e-01
    outer loop
      vertex   2.721393e+01 2.579978e+00 3.062409e+01
      vertex   2.748750e+01 2.161576e+00 3.053557e+01
      vertex   2.767319e+01 2.169823e+00 3.098917e+01
    endloop
  endfacet
  facet normal -6.755540e-01 -6.783611e-01 2.888824e-01
    outer loop
      vertex   2.767319e+01 2.169823e+00 3.098917e+01
      vertex   2.748750e+01 2.161576e+00 3.053557e+01
      vertex   2.800907e+01 1.772589e+00 3.084185e+01
    endloop
  endfacet
  facet normal -6.038825e-01 -6.704757e-01 4.310315e-01
    outer loop
      vertex   2.767319e+01 2.169823e+00 3.098917e+01
      vertex   2.800907e+01 1.772589e+00 3.084185e+01
      vertex   2.825907e+01 1.816996e+00 3.126117e+01
    endloop
  endfacet
  facet normal -5.032758e-01 -7.750445e-01 3.821251e-01
    outer loop
      vertex   2.825907e+01 1.816996e+00 3.126117e+01
      vertex   2.800907e+01 1.772589e+00 3.084185e+01
      vertex   2.864304e+01 1.467518e+00 3.105806e+01
    endloop
  endfacet
  facet normal -4.140017e-01 -7.525300e-01 5.121536e-01
    outer loop
      vertex   2.825907e+01 1.816996e+00 3.126117e+01
      vertex   2.864304e+01 1.467518e+00 3.105806e+01
      vertex   2.893642e+01 1.565023e+00 3.143848e+01
    endloop
  endfacet
  facet normal -3.018263e-01 -8.413291e-01 4.484041e-01
    outer loop
      vertex   2.893642e+01 1.565023e+00 3.143848e+01
      vertex   2.864304e+01 1.467518e+00 3.105806e+01
      vertex   2.935202e+01 1.281931e+00 3.118707e+01
    endloop
  endfacet
  facet normal -8.062010e-01 -5.689273e-01 1.623626e-01
    outer loop
      vertex   2.710818e+01 2.587774e+00 3.014549e+01
      vertex   2.738546e+01 2.168770e+00 3.005409e+01
      vertex   2.748750e+01 2.161576e+00 3.053557e+01
    endloop
  endfacet
  facet normal -7.285543e-01 -6.695944e-01 1.444024e-01
    outer loop
      vertex   2.748750e+01 2.161576e+00 3.053557e+01
      vertex   2.738546e+01 2.168770e+00 3.005409e+01
      vertex   2.780562e+01 1.785349e+00 3.039604e+01
    endloop
  endfacet
  facet normal -6.755540e-01 -6.783611e-01 2.888824e-01
    outer loop
      vertex   2.748750e+01 2.161576e+00 3.053557e+01
      vertex   2.780562e+01 1.785349e+00 3.039604e+01
      vertex   2.800907e+01 1.772589e+00 3.084185e+01
    endloop
  endfacet
  facet normal -5.798036e-01 -7.778822e-01 2.423368e-01
    outer loop
      vertex   2.800907e+01 1.772589e+00 3.084185e+01
      vertex   2.780562e+01 1.785349e+00 3.039604e+01
      vertex   2.838144e+01 1.433676e+00 3.064488e+01
    endloop
  endfacet
  facet normal -5.032758e-01 -7.750445e-01 3.821251e-01
    outer loop
      vertex   2.800907e+01 1.772589e+00 3.084185e+01
      vertex   2.838144e+01 1.433676e+00 3.064488e+01
      vertex   2.864304e+01 1.467518e+00 3.105806e+01
    endloop
  endfacet
  facet normal -3.936077e-01 -8.618588e-01 3.198005e-01
    outer loop
      vertex   2.864304e+01 1.467518e+00 3.105806e+01
      vertex   2.838144e+01 1.433676e+00 3.064488e+01
      vertex   2.905518e+01 1.186785e+00 3.080874e+01
    endloop
  endfacet
  facet normal -3.018263e-01 -8.413291e-01 4.484041e-01
    outer loop
      vertex   2.864304e+01 1.467518e+00 3.105806e+01
      vertex   2.905518e+01 1.186785e+00 3.080874e+01
      vertex   2.935202e+01 1.281931e+00 3.118707e+01
    endloop
  endfacet
  facet normal -7.221066e-01 -6.805401e-01 1.242068e-01
    outer loop
      vertex   2.738546e+01 2.168770e+00 3.005409e+01
      vertex   2.770770e+01 1.800281e+00 2.990857e+01
      vertex   2.780562e+01 1.785349e+00 3.039604e+01
    endloop
  endfacet
  facet normal -6.384722e-01 -7.624629e-01 1.048974e-01
    outer loop
      vertex   2.780562e+01 1.785349e+00 3.039604e+01
      vertex   2.770770e+01 1.800281e+00 2.990857e+01
      vertex   2.815830e+01 1.464360e+00 3.020948e+01
    endloop
  endfacet
  facet normal -5.798036e-01 -7.778822e-01 2.423368e-01
    outer loop
      vertex   2.780562e+01 1.785349e+00 3.039604e+01
      vertex   2.815830e+01 1.464360e+00 3.020948e+01
      vertex   2.838144e+01 1.433676e+00 3.064488e+01
    endloop
  endfacet
  facet normal -4.754294e-01 -8.605059e-01 1.830206e-01
    outer loop
      vertex   2.838144e+01 1.433676e+00 3.064488e+01
      vertex   2.815830e+01 1.464360e+00 3.020948e+01
      vertex   2.878112e+01 1.161430e+00 3.040310e+01
    endloop
  endfacet
  facet normal -3.936077e-01 -8.618588e-01 3.198005e-01
    outer loop
      vertex   2.838144e+01 1.433676e+00 3.064488e+01
      vertex   2.878112e+01 1.161430e+00 3.040310e+01
      vertex   2.905518e+01 1.186785e+00 3.080874e+01
    endloop
  endfacet
  facet normal -6.267351e-01 -7.758653e-01 7.236051e-02
    outer loop
      vertex   2.770770e+01 1.800281e+00 2.990857e+01
      vertex   2.806565e+01 1.492909e+00 2.971312e+01
      vertex   2.815830e+01 1.464360e+00 3.020948e+01
    endloop
  endfacet
  facet normal -5.402835e-01 -8.398410e-01 5.254384e-02
    outer loop
      vertex   2.815830e+01 1.464360e+00 3.020948e+01
      vertex   2.806565e+01 1.492909e+00 2.971312e+01
      vertex   2.853684e+01 1.206511e+00 2.998049e+01
    endloop
  endfacet
  facet normal -4.754294e-01 -8.605059e-01 1.830206e-01
    outer loop
      vertex   2.815830e+01 1.464360e+00 3.020948e+01
      vertex   2.853684e+01 1.206511e+00 2.998049e+01
      vertex   2.878112e+01 1.161430e+00 3.040310e+01
    endloop
  endfacet
  facet normal -5.227828e-01 -8.524263e-01 8.221525e-03
    outer loop
      vertex   2.806565e+01 1.492909e+00 2.971312e+01
      vertex   2.844899e+01 1.255497e+00 2.947335e+01
      vertex   2.853684e+01 1.206511e+00 2.998049e+01
    endloop
  endfacet
  facet normal -7.898549e-01 -9.408592e-02 6.060338e-01
    outer loop
      vertex   2.733596e+01 4.368825e+00 3.183824e+01
      vertex   2.705591e+01 4.247961e+00 3.145449e+01
      vertex   2.745984e+01 3.825896e+00 3.191541e+01
    endloop
  endfacet
  facet normal -7.898549e-01 -9.408592e-02 6.060338e-01
    outer loop
      vertex   2.745984e+01 3.825896e+00 3.191541e+01
      vertex   2.705591e+01 4.247961e+00 3.145449e+01
      vertex   2.717876e+01 3.709556e+00 3.153101e+01
    endloop
  endfacet
  facet normal -7.461873e-01 -2.439051e-01 6.194471e-01
    outer loop
      vertex   2.745984e+01 3.825896e+00 3.191541e+01
      vertex   2.717876e+01 3.709556e+00 3.153101e+01
      vertex   2.764847e+01 3.296619e+00 3.193424e+01
    endloop
  endfacet
  facet normal -7.461873e-01 -2.439051e-01 6.194471e-01
    outer loop
      vertex   2.764847e+01 3.296619e+00 3.193424e+01
      vertex   2.717876e+01 3.709556e+00 3.153101e+01
      vertex   2.736582e+01 3.184688e+00 3.154969e+01
    endloop
  endfacet
  facet normal -6.848616e-01 -3.885094e-01 6.164618e-01
    outer loop
      vertex   2.764847e+01 3.296619e+00 3.193424e+01
      vertex   2.736582e+01 3.184688e+00 3.154969e+01
      vertex   2.789889e+01 2.791108e+00 3.189385e+01
    endloop
  endfacet
  facet normal -6.848765e-01 -3.885870e-01 6.163962e-01
    outer loop
      vertex   2.789889e+01 2.791108e+00 3.189385e+01
      vertex   2.736582e+01 3.184688e+00 3.154969e+01
      vertex   2.761439e+01 2.682976e+00 3.150958e+01
    endloop
  endfacet
  facet normal -6.077157e-01 -5.234577e-01 5.972217e-01
    outer loop
      vertex   2.789889e+01 2.791108e+00 3.189385e+01
      vertex   2.761439e+01 2.682976e+00 3.150958e+01
      vertex   2.819996e+01 2.330495e+00 3.179649e+01
    endloop
  endfacet
  facet normal -6.077240e-01 -5.235297e-01 5.971500e-01
    outer loop
      vertex   2.819996e+01 2.330495e+00 3.179649e+01
      vertex   2.761439e+01 2.682976e+00 3.150958e+01
      vertex   2.791271e+01 2.226613e+00 3.141308e+01
    endloop
  endfacet
  facet normal -5.169085e-01 -6.455706e-01 5.621781e-01
    outer loop
      vertex   2.819996e+01 2.330495e+00 3.179649e+01
      vertex   2.791271e+01 2.226613e+00 3.141308e+01
      vertex   2.854922e+01 1.917436e+00 3.164330e+01
    endloop
  endfacet
  facet normal -5.169085e-01 -6.455706e-01 5.621781e-01
    outer loop
      vertex   2.854922e+01 1.917436e+00 3.164330e+01
      vertex   2.791271e+01 2.226613e+00 3.141308e+01
      vertex   2.825907e+01 1.816996e+00 3.126117e+01
    endloop
  endfacet
  facet normal -4.140017e-01 -7.525300e-01 5.121536e-01
    outer loop
      vertex   2.854922e+01 1.917436e+00 3.164330e+01
      vertex   2.825907e+01 1.816996e+00 3.126117e+01
      vertex   2.893642e+01 1.565023e+00 3.143848e+01
    endloop
  endfacet
  facet normal -8.707284e-01 -1.313173e-01 4.739070e-01
    outer loop
      vertex   2.705591e+01 4.247961e+00 3.145449e+01
      vertex   2.684229e+01 4.130066e+00 3.102932e+01
      vertex   2.717876e+01 3.709556e+00 3.153101e+01
    endloop
  endfacet
  facet normal -8.707284e-01 -1.313173e-01 4.739070e-01
    outer loop
      vertex   2.717876e+01 3.709556e+00 3.153101e+01
      vertex   2.684229e+01 4.130066e+00 3.102932e+01
      vertex   2.696142e+01 3.607937e+00 3.110353e+01
    endloop
  endfacet
  facet normal -8.280368e-01 -2.777879e-01 4.870205e-01
    outer loop
      vertex   2.717876e+01 3.709556e+00 3.153101e+01
      vertex   2.696142e+01 3.607937e+00 3.110353e+01
      vertex   2.736582e+01 3.184688e+00 3.154969e+01
    endloop
  endfacet
  facet normal -8.280368e-01 -2.777879e-01 4.870205e-01
    outer loop
      vertex   2.736582e+01 3.184688e+00 3.154969e+01
      vertex   2.696142e+01 3.607937e+00 3.110353e+01
      vertex   2.714283e+01 3.098936e+00 3.112164e+01
    endloop
  endfacet
  facet normal -7.680496e-01 -4.192180e-01 4.841034e-01
    outer loop
      vertex   2.736582e+01 3.184688e+00 3.154969e+01
      vertex   2.714283e+01 3.098936e+00 3.112164e+01
      vertex   2.761439e+01 2.682976e+00 3.150958e+01
    endloop
  endfacet
  facet normal -7.680548e-01 -4.192888e-01 4.840338e-01
    outer loop
      vertex   2.761439e+01 2.682976e+00 3.150958e+01
      vertex   2.714283e+01 3.098936e+00 3.112164e+01
      vertex   2.738411e+01 2.611989e+00 3.108269e+01
    endloop
  endfacet
  facet normal -6.926365e-01 -5.511539e-01 4.652785e-01
    outer loop
      vertex   2.761439e+01 2.682976e+00 3.150958e+01
      vertex   2.738411e+01 2.611989e+00 3.108269e+01
      vertex   2.791271e+01 2.226613e+00 3.141308e+01
    endloop
  endfacet
  facet normal -6.926361e-01 -5.512177e-01 4.652035e-01
    outer loop
      vertex   2.791271e+01 2.226613e+00 3.141308e+01
      vertex   2.738411e+01 2.611989e+00 3.108269e+01
      vertex   2.767319e+01 2.169823e+00 3.098917e+01
    endloop
  endfacet
  facet normal -6.038825e-01 -6.704757e-01 4.310315e-01
    outer loop
      vertex   2.791271e+01 2.226613e+00 3.141308e+01
      vertex   2.767319e+01 2.169823e+00 3.098917e+01
      vertex   2.825907e+01 1.816996e+00 3.126117e+01
    endloop
  endfacet
  facet normal -9.295188e-01 -1.652286e-01 3.296883e-01
    outer loop
      vertex   2.684229e+01 4.130066e+00 3.102932e+01
      vertex   2.670054e+01 4.018150e+00 3.057360e+01
      vertex   2.696142e+01 3.607937e+00 3.110353e+01
    endloop
  endfacet
  facet normal -9.295188e-01 -1.652286e-01 3.296883e-01
    outer loop
      vertex   2.696142e+01 3.607937e+00 3.110353e+01
      vertex   2.670054e+01 4.018150e+00 3.057360e+01
      vertex   2.681337e+01 3.523634e+00 3.064388e+01
    endloop
  endfacet
  facet normal -8.888880e-01 -3.046288e-01 3.421688e-01
    outer loop
      vertex   2.696142e+01 3.607937e+00 3.110353e+01
      vertex   2.681337e+01 3.523634e+00 3.064388e+01
      vertex   2.714283e+01 3.098936e+00 3.112164e+01
    endloop
  endfacet
  facet normal -8.888880e-01 -3.046288e-01 3.421688e-01
    outer loop
      vertex   2.714283e+01 3.098936e+00 3.112164e+01
      vertex   2.681337e+01 3.523634e+00 3.064388e+01
      vertex   2.698519e+01 3.041552e+00 3.066104e+01
    endloop
  endfacet
  facet normal -8.317671e-01 -4.392879e-01 3.393959e-01
    outer loop
      vertex   2.714283e+01 3.098936e+00 3.112164e+01
      vertex   2.698519e+01 3.041552e+00 3.066104e+01
      vertex   2.738411e+01 2.611989e+00 3.108269e+01
    endloop
  endfacet
  facet normal -8.317621e-01 -4.393501e-01 3.393277e-01
    outer loop
      vertex   2.738411e+01 2.611989e+00 3.108269e+01
      vertex   2.698519e+01 3.041552e+00 3.066104e+01
      vertex   2.721393e+01 2.579978e+00 3.062409e+01
    endloop
  endfacet
  facet normal -7.600010e-01 -5.648566e-01 3.214584e-01
    outer loop
      vertex   2.738411e+01 2.611989e+00 3.108269e+01
      vertex   2.721393e+01 2.579978e+00 3.062409e+01
      vertex   2.767319e+01 2.169823e+00 3.098917e+01
    endloop
  endfacet
  facet normal -6.612661e-03 -2.107083e-01 9.775266e-01
    outer loop
      vertex   3.006381e+01 3.425943e+00 3.281247e+01
      vertex   2.941735e+01 3.526968e+00 3.282987e+01
      vertex   2.966528e+01 3.147477e+00 3.274975e+01
    endloop
  endfacet
  facet normal 1.276805e-01 -1.242362e-01 9.840036e-01
    outer loop
      vertex   3.045513e+01 3.720877e+00 3.279895e+01
      vertex   3.026707e+01 4.008787e+00 3.285970e+01
      vertex   2.984353e+01 3.763140e+00 3.288364e+01
    endloop
  endfacet
  facet normal -7.206601e-01 -6.634902e-02 6.901064e-01
    outer loop
      vertex   2.733596e+01 4.368825e+00 3.183824e+01
      vertex   2.745984e+01 3.825896e+00 3.191541e+01
      vertex   2.760608e+01 4.299888e+00 3.211370e+01
    endloop
  endfacet
  facet normal -7.036505e-01 6.867928e-02 7.072193e-01
    outer loop
      vertex   2.768075e+01 4.815040e+00 3.213797e+01
      vertex   2.733596e+01 4.368825e+00 3.183824e+01
      vertex   2.760608e+01 4.299888e+00 3.211370e+01
    endloop
  endfacet
  facet normal -7.199967e-01 2.463572e-01 6.487779e-01
    outer loop
      vertex   2.763290e+01 5.548384e+00 3.185478e+01
      vertex   2.729300e+01 5.442157e+00 3.151790e+01
      vertex   2.761996e+01 5.025435e+00 3.203900e+01
    endloop
  endfacet
  facet normal -7.199967e-01 2.463572e-01 6.487779e-01
    outer loop
      vertex   2.761996e+01 5.025435e+00 3.203900e+01
      vertex   2.729300e+01 5.442157e+00 3.151790e+01
      vertex   2.727989e+01 4.912037e+00 3.170465e+01
    endloop
  endfacet
  facet normal -8.210013e-01 2.076571e-01 5.318227e-01
    outer loop
      vertex   2.729300e+01 5.442157e+00 3.151790e+01
      vertex   2.701331e+01 5.312351e+00 3.113682e+01
      vertex   2.727989e+01 4.912037e+00 3.170465e+01
    endloop
  endfacet
  facet normal -8.210013e-01 2.076571e-01 5.318227e-01
    outer loop
      vertex   2.727989e+01 4.912037e+00 3.170465e+01
      vertex   2.701331e+01 5.312351e+00 3.113682e+01
      vertex   2.700031e+01 4.786648e+00 3.132201e+01
    endloop
  endfacet
  facet normal -9.584991e-01 1.155302e-01 2.606380e-01
    outer loop
      vertex   2.666142e+01 4.995774e+00 3.028182e+01
      vertex   2.664947e+01 4.512924e+00 3.045192e+01
      vertex   2.678836e+01 4.652468e+00 3.090084e+01
    endloop
  endfacet
  facet normal -9.011786e-01 1.636815e-01 4.013546e-01
    outer loop
      vertex   2.701331e+01 5.312351e+00 3.113682e+01
      vertex   2.680098e+01 5.162279e+00 3.072126e+01
      vertex   2.700031e+01 4.786648e+00 3.132201e+01
    endloop
  endfacet
  facet normal -9.011786e-01 1.636815e-01 4.013546e-01
    outer loop
      vertex   2.700031e+01 4.786648e+00 3.132201e+01
      vertex   2.680098e+01 5.162279e+00 3.072126e+01
      vertex   2.678836e+01 4.652468e+00 3.090084e+01
    endloop
  endfacet
  facet normal -9.584991e-01 1.155302e-01 2.606380e-01
    outer loop
      vertex   2.680098e+01 5.162279e+00 3.072126e+01
      vertex   2.666142e+01 4.995774e+00 3.028182e+01
      vertex   2.678836e+01 4.652468e+00 3.090084e+01
    endloop
  endfacet
  facet normal 5.450275e-02 5.841912e-01 8.097840e-01
    outer loop
      vertex   2.957106e+01 6.400063e+00 3.223535e+01
      vertex   3.003478e+01 6.257999e+00 3.230663e+01
      vertex   2.972557e+01 6.702794e+00 3.200656e+01
    endloop
  endfacet
  facet normal 5.450275e-02 5.841912e-01 8.097840e-01
    outer loop
      vertex   2.972557e+01 6.702794e+00 3.200656e+01
      vertex   3.003478e+01 6.257999e+00 3.230663e+01
      vertex   3.016659e+01 6.516248e+00 3.211145e+01
    endloop
  endfacet
  facet normal 9.658352e-02 6.514673e-01 7.525038e-01
    outer loop
      vertex   2.972557e+01 6.702794e+00 3.200656e+01
      vertex   3.016659e+01 6.516248e+00 3.211145e+01
      vertex   2.992231e+01 6.961621e+00 3.175723e+01
    endloop
  endfacet
  facet normal 9.658352e-02 6.514673e-01 7.525038e-01
    outer loop
      vertex   2.992231e+01 6.961621e+00 3.175723e+01
      vertex   3.016659e+01 6.516248e+00 3.211145e+01
      vertex   3.033442e+01 6.737045e+00 3.189876e+01
    endloop
  endfacet
  facet normal 1.482049e-01 7.074604e-01 6.910391e-01
    outer loop
      vertex   2.992231e+01 6.961621e+00 3.175723e+01
      vertex   3.033442e+01 6.737045e+00 3.189876e+01
      vertex   3.015645e+01 7.170171e+00 3.149351e+01
    endloop
  endfacet
  facet normal 1.482049e-01 7.074604e-01 6.910391e-01
    outer loop
      vertex   3.015645e+01 7.170171e+00 3.149351e+01
      vertex   3.033442e+01 6.737045e+00 3.189876e+01
      vertex   3.053416e+01 6.914952e+00 3.167379e+01
    endloop
  endfacet
  facet normal 2.080957e-01 7.507917e-01 6.269035e-01
    outer loop
      vertex   3.015645e+01 7.170171e+00 3.149351e+01
      vertex   3.053416e+01 6.914952e+00 3.167379e+01
      vertex   3.042222e+01 7.323310e+00 3.122189e+01
    endloop
  endfacet
  facet normal 2.080957e-01 7.507917e-01 6.269035e-01
    outer loop
      vertex   3.042222e+01 7.323310e+00 3.122189e+01
      vertex   3.053416e+01 6.914952e+00 3.167379e+01
      vertex   3.076088e+01 7.045589e+00 3.144207e+01
    endloop
  endfacet
  facet normal 2.747813e-01 7.803943e-01 5.616761e-01
    outer loop
      vertex   3.042222e+01 7.323310e+00 3.122189e+01
      vertex   3.076088e+01 7.045589e+00 3.144207e+01
      vertex   3.071308e+01 7.417266e+00 3.094905e+01
    endloop
  endfacet
  facet normal -9.349066e-02 6.302295e-01 7.707596e-01
    outer loop
      vertex   2.911023e+01 6.497651e+00 3.209966e+01
      vertex   2.957106e+01 6.400063e+00 3.223535e+01
      vertex   2.928427e+01 6.838659e+00 3.184194e+01
    endloop
  endfacet
  facet normal -9.349066e-02 6.302295e-01 7.707596e-01
    outer loop
      vertex   2.928427e+01 6.838659e+00 3.184194e+01
      vertex   2.957106e+01 6.400063e+00 3.223535e+01
      vertex   2.972557e+01 6.702794e+00 3.200656e+01
    endloop
  endfacet
  facet normal -4.354486e-02 7.100798e-01 7.027735e-01
    outer loop
      vertex   2.928427e+01 6.838659e+00 3.184194e+01
      vertex   2.972557e+01 6.702794e+00 3.200656e+01
      vertex   2.950589e+01 7.130213e+00 3.156108e+01
    endloop
  endfacet
  facet normal -4.354486e-02 7.100798e-01 7.027735e-01
    outer loop
      vertex   2.950589e+01 7.130213e+00 3.156108e+01
      vertex   2.972557e+01 6.702794e+00 3.200656e+01
      vertex   2.992231e+01 6.961621e+00 3.175723e+01
    endloop
  endfacet
  facet normal 1.772467e-02 7.765381e-01 6.298209e-01
    outer loop
      vertex   2.950589e+01 7.130213e+00 3.156108e+01
      vertex   2.992231e+01 6.961621e+00 3.175723e+01
      vertex   2.976964e+01 7.365133e+00 3.126402e+01
    endloop
  endfacet
  facet normal 1.772467e-02 7.765381e-01 6.298209e-01
    outer loop
      vertex   2.976964e+01 7.365133e+00 3.126402e+01
      vertex   2.992231e+01 6.961621e+00 3.175723e+01
      vertex   3.015645e+01 7.170171e+00 3.149351e+01
    endloop
  endfacet
  facet normal 8.880929e-02 8.279682e-01 5.536981e-01
    outer loop
      vertex   2.976964e+01 7.365133e+00 3.126402e+01
      vertex   3.015645e+01 7.170171e+00 3.149351e+01
      vertex   3.006901e+01 7.537634e+00 3.095805e+01
    endloop
  endfacet
  facet normal 8.880929e-02 8.279682e-01 5.536981e-01
    outer loop
      vertex   3.006901e+01 7.537634e+00 3.095805e+01
      vertex   3.015645e+01 7.170171e+00 3.149351e+01
      vertex   3.042222e+01 7.323310e+00 3.122189e+01
    endloop
  endfacet
  facet normal 1.679586e-01 8.631035e-01 4.762795e-01
    outer loop
      vertex   3.006901e+01 7.537634e+00 3.095805e+01
      vertex   3.042222e+01 7.323310e+00 3.122189e+01
      vertex   3.039665e+01 7.643470e+00 3.065072e+01
    endloop
  endfacet
  facet normal 1.679586e-01 8.631035e-01 4.762795e-01
    outer loop
      vertex   3.039665e+01 7.643470e+00 3.065072e+01
      vertex   3.042222e+01 7.323310e+00 3.122189e+01
      vertex   3.071308e+01 7.417266e+00 3.094905e+01
    endloop
  endfacet
  facet normal 2.532238e-01 8.810791e-01 3.994714e-01
    outer loop
      vertex   3.039665e+01 7.643470e+00 3.065072e+01
      vertex   3.071308e+01 7.417266e+00 3.094905e+01
      vertex   3.074447e+01 7.680034e+00 3.034959e+01
    endloop
  endfacet
  facet normal -2.389564e-01 6.601478e-01 7.121128e-01
    outer loop
      vertex   2.866406e+01 6.548270e+00 3.190302e+01
      vertex   2.911023e+01 6.497651e+00 3.209966e+01
      vertex   2.885397e+01 6.920375e+00 3.162179e+01
    endloop
  endfacet
  facet normal -2.389564e-01 6.601478e-01 7.121128e-01
    outer loop
      vertex   2.885397e+01 6.920375e+00 3.162179e+01
      vertex   2.911023e+01 6.497651e+00 3.209966e+01
      vertex   2.928427e+01 6.838659e+00 3.184194e+01
    endloop
  endfacet
  facet normal -1.824272e-01 7.505233e-01 6.351654e-01
    outer loop
      vertex   2.885397e+01 6.920375e+00 3.162179e+01
      vertex   2.928427e+01 6.838659e+00 3.184194e+01
      vertex   2.909580e+01 7.238516e+00 3.131533e+01
    endloop
  endfacet
  facet normal -1.824272e-01 7.505233e-01 6.351654e-01
    outer loop
      vertex   2.909580e+01 7.238516e+00 3.131533e+01
      vertex   2.928427e+01 6.838659e+00 3.184194e+01
      vertex   2.950589e+01 7.130213e+00 3.156108e+01
    endloop
  endfacet
  facet normal -1.130816e-01 8.257417e-01 5.525968e-01
    outer loop
      vertex   2.909580e+01 7.238516e+00 3.131533e+01
      vertex   2.950589e+01 7.130213e+00 3.156108e+01
      vertex   2.938360e+01 7.494858e+00 3.099117e+01
    endloop
  endfacet
  facet normal -1.130816e-01 8.257417e-01 5.525968e-01
    outer loop
      vertex   2.938360e+01 7.494858e+00 3.099117e+01
      vertex   2.950589e+01 7.130213e+00 3.156108e+01
      vertex   2.976964e+01 7.365133e+00 3.126402e+01
    endloop
  endfacet
  facet normal -3.262716e-02 8.839509e-01 4.664401e-01
    outer loop
      vertex   2.938360e+01 7.494858e+00 3.099117e+01
      vertex   2.976964e+01 7.365133e+00 3.126402e+01
      vertex   2.971027e+01 7.683090e+00 3.065730e+01
    endloop
  endfacet
  facet normal -3.262716e-02 8.839509e-01 4.664401e-01
    outer loop
      vertex   2.971027e+01 7.683090e+00 3.065730e+01
      vertex   2.976964e+01 7.365133e+00 3.126402e+01
      vertex   3.006901e+01 7.537634e+00 3.095805e+01
    endloop
  endfacet
  facet normal 5.695501e-02 9.237175e-01 3.788168e-01
    outer loop
      vertex   2.971027e+01 7.683090e+00 3.065730e+01
      vertex   3.006901e+01 7.537634e+00 3.095805e+01
      vertex   3.006779e+01 7.798577e+00 3.032194e+01
    endloop
  endfacet
  facet normal 5.695501e-02 9.237175e-01 3.788168e-01
    outer loop
      vertex   3.006779e+01 7.798577e+00 3.032194e+01
      vertex   3.006901e+01 7.537634e+00 3.095805e+01
      vertex   3.039665e+01 7.643470e+00 3.065072e+01
    endloop
  endfacet
  facet normal 1.534591e-01 9.440624e-01 2.918845e-01
    outer loop
      vertex   3.006779e+01 7.798577e+00 3.032194e+01
      vertex   3.039665e+01 7.643470e+00 3.065072e+01
      vertex   3.044733e+01 7.838475e+00 2.999335e+01
    endloop
  endfacet
  facet normal 1.534591e-01 9.440624e-01 2.918845e-01
    outer loop
      vertex   3.044733e+01 7.838475e+00 2.999335e+01
      vertex   3.039665e+01 7.643470e+00 3.065072e+01
      vertex   3.074447e+01 7.680034e+00 3.034959e+01
    endloop
  endfacet
  facet normal -3.782090e-01 6.732318e-01 6.353872e-01
    outer loop
      vertex   2.824393e+01 6.550627e+00 3.165044e+01
      vertex   2.866406e+01 6.548270e+00 3.190302e+01
      vertex   2.844565e+01 6.945854e+00 3.135174e+01
    endloop
  endfacet
  facet normal -3.782090e-01 6.732318e-01 6.353872e-01
    outer loop
      vertex   2.844565e+01 6.945854e+00 3.135174e+01
      vertex   2.866406e+01 6.548270e+00 3.190302e+01
      vertex   2.885397e+01 6.920375e+00 3.162179e+01
    endloop
  endfacet
  facet normal -3.165414e-01 7.718221e-01 5.514455e-01
    outer loop
      vertex   2.844565e+01 6.945854e+00 3.135174e+01
      vertex   2.885397e+01 6.920375e+00 3.162179e+01
      vertex   2.870251e+01 7.283764e+00 3.102624e+01
    endloop
  endfacet
  facet normal -3.165414e-01 7.718221e-01 5.514455e-01
    outer loop
      vertex   2.870251e+01 7.283764e+00 3.102624e+01
      vertex   2.885397e+01 6.920375e+00 3.162179e+01
      vertex   2.909580e+01 7.238516e+00 3.131533e+01
    endloop
  endfacet
  facet normal -2.408925e-01 8.538776e-01 4.613717e-01
    outer loop
      vertex   2.870251e+01 7.283764e+00 3.102624e+01
      vertex   2.909580e+01 7.238516e+00 3.131533e+01
      vertex   2.900819e+01 7.556035e+00 3.068194e+01
    endloop
  endfacet
  facet normal -2.408925e-01 8.538776e-01 4.613717e-01
    outer loop
      vertex   2.900819e+01 7.556035e+00 3.068194e+01
      vertex   2.909580e+01 7.238516e+00 3.131533e+01
      vertex   2.938360e+01 7.494858e+00 3.099117e+01
    endloop
  endfacet
  facet normal -1.531251e-01 9.173778e-01 3.673836e-01
    outer loop
      vertex   2.900819e+01 7.556035e+00 3.068194e+01
      vertex   2.938360e+01 7.494858e+00 3.099117e+01
      vertex   2.935516e+01 7.755963e+00 3.032732e+01
    endloop
  endfacet
  facet normal -1.531251e-01 9.173778e-01 3.673836e-01
    outer loop
      vertex   2.935516e+01 7.755963e+00 3.032732e+01
      vertex   2.938360e+01 7.494858e+00 3.099117e+01
      vertex   2.971027e+01 7.683090e+00 3.065730e+01
    endloop
  endfacet
  facet normal -5.540017e-02 9.607590e-01 2.717957e-01
    outer loop
      vertex   2.935516e+01 7.755963e+00 3.032732e+01
      vertex   2.971027e+01 7.683090e+00 3.065730e+01
      vertex   2.973489e+01 7.878626e+00 2.997113e+01
    endloop
  endfacet
  facet normal -5.540017e-02 9.607590e-01 2.717957e-01
    outer loop
      vertex   2.973489e+01 7.878626e+00 2.997113e+01
      vertex   2.971027e+01 7.683090e+00 3.065730e+01
      vertex   3.006779e+01 7.798577e+00 3.032194e+01
    endloop
  endfacet
  facet normal 4.987588e-02 9.829532e-01 1.769615e-01
    outer loop
      vertex   2.973489e+01 7.878626e+00 2.997113e+01
      vertex   3.006779e+01 7.798577e+00 3.032194e+01
      vertex   3.013802e+01 7.921003e+00 2.962212e+01
    endloop
  endfacet
  facet normal 4.987588e-02 9.829532e-01 1.769615e-01
    outer loop
      vertex   3.013802e+01 7.921003e+00 2.962212e+01
      vertex   3.006779e+01 7.798577e+00 3.032194e+01
      vertex   3.044733e+01 7.838475e+00 2.999335e+01
    endloop
  endfacet
  facet normal -4.425121e-01 7.734845e-01 4.537673e-01
    outer loop
      vertex   2.870251e+01 7.283764e+00 3.102624e+01
      vertex   2.833605e+01 7.264802e+00 3.070119e+01
      vertex   2.844565e+01 6.945854e+00 3.135174e+01
    endloop
  endfacet
  facet normal -4.425121e-01 7.734845e-01 4.537673e-01
    outer loop
      vertex   2.844565e+01 6.945854e+00 3.135174e+01
      vertex   2.833605e+01 7.264802e+00 3.070119e+01
      vertex   2.806973e+01 6.914447e+00 3.103869e+01
    endloop
  endfacet
  facet normal -5.077466e-01 6.691916e-01 5.425643e-01
    outer loop
      vertex   2.844565e+01 6.945854e+00 3.135174e+01
      vertex   2.806973e+01 6.914447e+00 3.103869e+01
      vertex   2.824393e+01 6.550627e+00 3.165044e+01
    endloop
  endfacet
  facet normal -5.571852e-01 7.555043e-01 3.446128e-01
    outer loop
      vertex   2.806973e+01 6.914447e+00 3.103869e+01
      vertex   2.833605e+01 7.264802e+00 3.070119e+01
      vertex   2.800580e+01 7.182114e+00 3.034850e+01
    endloop
  endfacet
  facet normal -4.748193e-01 8.448456e-01 2.465412e-01
    outer loop
      vertex   2.800580e+01 7.182114e+00 3.034850e+01
      vertex   2.833605e+01 7.264802e+00 3.070119e+01
      vertex   2.832708e+01 7.468284e+00 2.998662e+01
    endloop
  endfacet
  facet normal -5.750784e-01 8.079652e-01 1.283629e-01
    outer loop
      vertex   2.800580e+01 7.182114e+00 3.034850e+01
      vertex   2.832708e+01 7.468284e+00 2.998662e+01
      vertex   2.803878e+01 7.321597e+00 2.961830e+01
    endloop
  endfacet
  facet normal -4.792273e-01 8.773139e-01 2.571828e-02
    outer loop
      vertex   2.803878e+01 7.321597e+00 2.961830e+01
      vertex   2.832708e+01 7.468284e+00 2.998662e+01
      vertex   2.840043e+01 7.529981e+00 2.924869e+01
    endloop
  endfacet
  facet normal -5.670436e-01 8.183709e-01 -9.343793e-02
    outer loop
      vertex   2.803878e+01 7.321597e+00 2.961830e+01
      vertex   2.840043e+01 7.529981e+00 2.924869e+01
      vertex   2.814616e+01 7.312871e+00 2.889020e+01
    endloop
  endfacet
  facet normal -4.627034e-01 8.646888e-01 -1.954965e-01
    outer loop
      vertex   2.814616e+01 7.312871e+00 2.889020e+01
      vertex   2.840043e+01 7.529981e+00 2.924869e+01
      vertex   2.852998e+01 7.436857e+00 2.853016e+01
    endloop
  endfacet
  facet normal -5.411897e-01 7.826989e-01 -3.074022e-01
    outer loop
      vertex   2.814616e+01 7.312871e+00 2.889020e+01
      vertex   2.852998e+01 7.436857e+00 2.853016e+01
      vertex   2.829898e+01 7.150059e+00 2.820661e+01
    endloop
  endfacet
  facet normal -4.342130e-01 8.052516e-01 -4.037684e-01
    outer loop
      vertex   2.829898e+01 7.150059e+00 2.820661e+01
      vertex   2.852998e+01 7.436857e+00 2.853016e+01
      vertex   2.868491e+01 7.190628e+00 2.787249e+01
    endloop
  endfacet
  facet normal -3.624876e-01 8.602862e-01 3.584834e-01
    outer loop
      vertex   2.833605e+01 7.264802e+00 3.070119e+01
      vertex   2.870251e+01 7.283764e+00 3.102624e+01
      vertex   2.865299e+01 7.547101e+00 3.034421e+01
    endloop
  endfacet
  facet normal -3.624876e-01 8.602862e-01 3.584834e-01
    outer loop
      vertex   2.865299e+01 7.547101e+00 3.034421e+01
      vertex   2.870251e+01 7.283764e+00 3.102624e+01
      vertex   2.900819e+01 7.556035e+00 3.068194e+01
    endloop
  endfacet
  facet normal -2.696435e-01 9.274593e-01 2.590590e-01
    outer loop
      vertex   2.865299e+01 7.547101e+00 3.034421e+01
      vertex   2.900819e+01 7.556035e+00 3.068194e+01
      vertex   2.901275e+01 7.754393e+00 2.997654e+01
    endloop
  endfacet
  facet normal -2.696435e-01 9.274593e-01 2.590590e-01
    outer loop
      vertex   2.901275e+01 7.754393e+00 2.997654e+01
      vertex   2.900819e+01 7.556035e+00 3.068194e+01
      vertex   2.935516e+01 7.755963e+00 3.032732e+01
    endloop
  endfacet
  facet normal -1.662661e-01 9.733498e-01 1.579421e-01
    outer loop
      vertex   2.901275e+01 7.754393e+00 2.997654e+01
      vertex   2.935516e+01 7.755963e+00 3.032732e+01
      vertex   2.940646e+01 7.881574e+00 2.960722e+01
    endloop
  endfacet
  facet normal -1.662661e-01 9.733498e-01 1.579421e-01
    outer loop
      vertex   2.940646e+01 7.881574e+00 2.960722e+01
      vertex   2.935516e+01 7.755963e+00 3.032732e+01
      vertex   2.973489e+01 7.878626e+00 2.997113e+01
    endloop
  endfacet
  facet normal -5.490074e-02 9.968277e-01 5.762259e-02
    outer loop
      vertex   2.940646e+01 7.881574e+00 2.960722e+01
      vertex   2.973489e+01 7.878626e+00 2.997113e+01
      vertex   2.982443e+01 7.925512e+00 2.924536e+01
    endloop
  endfacet
  facet normal -5.490074e-02 9.968277e-01 5.762259e-02
    outer loop
      vertex   2.982443e+01 7.925512e+00 2.924536e+01
      vertex   2.973489e+01 7.878626e+00 2.997113e+01
      vertex   3.013802e+01 7.921003e+00 2.962212e+01
    endloop
  endfacet
  facet normal -4.748193e-01 8.448456e-01 2.465412e-01
    outer loop
      vertex   2.833605e+01 7.264802e+00 3.070119e+01
      vertex   2.865299e+01 7.547101e+00 3.034421e+01
      vertex   2.832708e+01 7.468284e+00 2.998662e+01
    endloop
  endfacet
  facet normal -3.792588e-01 9.139841e-01 1.442077e-01
    outer loop
      vertex   2.832708e+01 7.468284e+00 2.998662e+01
      vertex   2.865299e+01 7.547101e+00 3.034421e+01
      vertex   2.869177e+01 7.678419e+00 2.961391e+01
    endloop
  endfacet
  facet normal -4.792273e-01 8.773139e-01 2.571828e-02
    outer loop
      vertex   2.832708e+01 7.468284e+00 2.998662e+01
      vertex   2.869177e+01 7.678419e+00 2.961391e+01
      vertex   2.840043e+01 7.529981e+00 2.924869e+01
    endloop
  endfacet
  facet normal -3.725017e-01 9.246907e-01 -7.867358e-02
    outer loop
      vertex   2.840043e+01 7.529981e+00 2.924869e+01
      vertex   2.869177e+01 7.678419e+00 2.961391e+01
      vertex   2.879621e+01 7.657832e+00 2.887742e+01
    endloop
  endfacet
  facet normal -4.627034e-01 8.646888e-01 -1.954965e-01
    outer loop
      vertex   2.840043e+01 7.529981e+00 2.924869e+01
      vertex   2.879621e+01 7.657832e+00 2.887742e+01
      vertex   2.852998e+01 7.436857e+00 2.853016e+01
    endloop
  endfacet
  facet normal -3.503009e-01 8.883854e-01 -2.967503e-01
    outer loop
      vertex   2.852998e+01 7.436857e+00 2.853016e+01
      vertex   2.879621e+01 7.657832e+00 2.887742e+01
      vertex   2.893745e+01 7.479691e+00 2.817739e+01
    endloop
  endfacet
  facet normal -4.342130e-01 8.052516e-01 -4.037684e-01
    outer loop
      vertex   2.852998e+01 7.436857e+00 2.853016e+01
      vertex   2.893745e+01 7.479691e+00 2.817739e+01
      vertex   2.868491e+01 7.190628e+00 2.787249e+01
    endloop
  endfacet
  facet normal -3.792588e-01 9.139841e-01 1.442077e-01
    outer loop
      vertex   2.869177e+01 7.678419e+00 2.961391e+01
      vertex   2.865299e+01 7.547101e+00 3.034421e+01
      vertex   2.901275e+01 7.754393e+00 2.997654e+01
    endloop
  endfacet
  facet normal -2.728567e-01 9.612173e-01 4.013234e-02
    outer loop
      vertex   2.869177e+01 7.678419e+00 2.961391e+01
      vertex   2.901275e+01 7.754393e+00 2.997654e+01
      vertex   2.909088e+01 7.807344e+00 2.923953e+01
    endloop
  endfacet
  facet normal -2.728567e-01 9.612173e-01 4.013234e-02
    outer loop
      vertex   2.909088e+01 7.807344e+00 2.923953e+01
      vertex   2.901275e+01 7.754393e+00 2.997654e+01
      vertex   2.940646e+01 7.881574e+00 2.960722e+01
    endloop
  endfacet
  facet normal -1.582330e-01 9.853821e-01 -6.312237e-02
    outer loop
      vertex   2.909088e+01 7.807344e+00 2.923953e+01
      vertex   2.940646e+01 7.881574e+00 2.960722e+01
      vertex   2.951459e+01 7.851884e+00 2.887270e+01
    endloop
  endfacet
  facet normal -1.582330e-01 9.853821e-01 -6.312237e-02
    outer loop
      vertex   2.951459e+01 7.851884e+00 2.887270e+01
      vertex   2.940646e+01 7.881574e+00 2.960722e+01
      vertex   2.982443e+01 7.925512e+00 2.924536e+01
    endloop
  endfacet
  facet normal -3.725017e-01 9.246907e-01 -7.867358e-02
    outer loop
      vertex   2.869177e+01 7.678419e+00 2.961391e+01
      vertex   2.909088e+01 7.807344e+00 2.923953e+01
      vertex   2.879621e+01 7.657832e+00 2.887742e+01
    endloop
  endfacet
  facet normal -2.575295e-01 9.489291e-01 -1.822422e-01
    outer loop
      vertex   2.879621e+01 7.657832e+00 2.887742e+01
      vertex   2.909088e+01 7.807344e+00 2.923953e+01
      vertex   2.921639e+01 7.702002e+00 2.851365e+01
    endloop
  endfacet
  facet normal -3.503009e-01 8.883854e-01 -2.967503e-01
    outer loop
      vertex   2.879621e+01 7.657832e+00 2.887742e+01
      vertex   2.921639e+01 7.702002e+00 2.851365e+01
      vertex   2.893745e+01 7.479691e+00 2.817739e+01
    endloop
  endfacet
  facet normal -2.575295e-01 9.489291e-01 -1.822422e-01
    outer loop
      vertex   2.921639e+01 7.702002e+00 2.851365e+01
      vertex   2.909088e+01 7.807344e+00 2.923953e+01
      vertex   2.951459e+01 7.851884e+00 2.887270e+01
    endloop
  endfacet
  facet normal 4.985957e-01 7.813294e-01 3.754020e-01
    outer loop
      vertex   3.134096e+01 7.419889e+00 3.042648e+01
      vertex   3.154463e+01 7.127978e+00 3.076354e+01
      vertex   3.166253e+01 7.328492e+00 3.018961e+01
    endloop
  endfacet
  facet normal 4.985957e-01 7.813294e-01 3.754020e-01
    outer loop
      vertex   3.166253e+01 7.328492e+00 3.018961e+01
      vertex   3.154463e+01 7.127978e+00 3.076354e+01
      vertex   3.181895e+01 7.050010e+00 3.056148e+01
    endloop
  endfacet
  facet normal 5.749913e-01 7.523247e-01 3.215472e-01
    outer loop
      vertex   3.166253e+01 7.328492e+00 3.018961e+01
      vertex   3.181895e+01 7.050010e+00 3.056148e+01
      vertex   3.197864e+01 7.177785e+00 2.997695e+01
    endloop
  endfacet
  facet normal 5.749913e-01 7.523247e-01 3.215472e-01
    outer loop
      vertex   3.197864e+01 7.177785e+00 2.997695e+01
      vertex   3.181895e+01 7.050010e+00 3.056148e+01
      vertex   3.208861e+01 6.921447e+00 3.038006e+01
    endloop
  endfacet
  facet normal 6.491474e-01 7.095535e-01 2.741195e-01
    outer loop
      vertex   3.197864e+01 7.177785e+00 2.997695e+01
      vertex   3.208861e+01 6.921447e+00 3.038006e+01
      vertex   3.228152e+01 6.971479e+00 2.979373e+01
    endloop
  endfacet
  facet normal 6.491474e-01 7.095535e-01 2.741195e-01
    outer loop
      vertex   3.228152e+01 6.971479e+00 2.979373e+01
      vertex   3.208861e+01 6.921447e+00 3.038006e+01
      vertex   3.234698e+01 6.745454e+00 3.022377e+01
    endloop
  endfacet
  facet normal 7.192381e-01 6.540689e-01 2.342868e-01
    outer loop
      vertex   3.228152e+01 6.971479e+00 2.979373e+01
      vertex   3.234698e+01 6.745454e+00 3.022377e+01
      vertex   3.256369e+01 6.714653e+00 2.964447e+01
    endloop
  endfacet
  facet normal 7.192381e-01 6.540689e-01 2.342868e-01
    outer loop
      vertex   3.256369e+01 6.714653e+00 2.964447e+01
      vertex   3.234698e+01 6.745454e+00 3.022377e+01
      vertex   3.258770e+01 6.526364e+00 3.009643e+01
    endloop
  endfacet
  facet normal 7.835376e-01 5.872373e-01 2.030299e-01
    outer loop
      vertex   3.256369e+01 6.714653e+00 2.964447e+01
      vertex   3.258770e+01 6.526364e+00 3.009643e+01
      vertex   3.281823e+01 6.413631e+00 2.953283e+01
    endloop
  endfacet
  facet normal 4.336047e-01 8.642135e-01 2.551902e-01
    outer loop
      vertex   3.110392e+01 7.646425e+00 3.006207e+01
      vertex   3.134096e+01 7.419889e+00 3.042648e+01
      vertex   3.146615e+01 7.543472e+00 2.979526e+01
    endloop
  endfacet
  facet normal 4.336047e-01 8.642135e-01 2.551902e-01
    outer loop
      vertex   3.146615e+01 7.543472e+00 2.979526e+01
      vertex   3.134096e+01 7.419889e+00 3.042648e+01
      vertex   3.166253e+01 7.328492e+00 3.018961e+01
    endloop
  endfacet
  facet normal 5.242788e-01 8.297877e-01 1.912697e-01
    outer loop
      vertex   3.146615e+01 7.543472e+00 2.979526e+01
      vertex   3.166253e+01 7.328492e+00 3.018961e+01
      vertex   3.182223e+01 7.373709e+00 2.955570e+01
    endloop
  endfacet
  facet normal 5.242788e-01 8.297877e-01 1.912697e-01
    outer loop
      vertex   3.182223e+01 7.373709e+00 2.955570e+01
      vertex   3.166253e+01 7.328492e+00 3.018961e+01
      vertex   3.197864e+01 7.177785e+00 2.997695e+01
    endloop
  endfacet
  facet normal 6.122950e-01 7.790224e-01 1.349777e-01
    outer loop
      vertex   3.182223e+01 7.373709e+00 2.955570e+01
      vertex   3.197864e+01 7.177785e+00 2.997695e+01
      vertex   3.216340e+01 7.141317e+00 2.934932e+01
    endloop
  endfacet
  facet normal 6.122950e-01 7.790224e-01 1.349777e-01
    outer loop
      vertex   3.216340e+01 7.141317e+00 2.934932e+01
      vertex   3.197864e+01 7.177785e+00 2.997695e+01
      vertex   3.228152e+01 6.971479e+00 2.979373e+01
    endloop
  endfacet
  facet normal 6.954859e-01 7.131676e-01 8.770010e-02
    outer loop
      vertex   3.216340e+01 7.141317e+00 2.934932e+01
      vertex   3.228152e+01 6.971479e+00 2.979373e+01
      vertex   3.248126e+01 6.852017e+00 2.918118e+01
    endloop
  endfacet
  facet normal 6.954859e-01 7.131676e-01 8.770010e-02
    outer loop
      vertex   3.248126e+01 6.852017e+00 2.918118e+01
      vertex   3.228152e+01 6.971479e+00 2.979373e+01
      vertex   3.256369e+01 6.714653e+00 2.964447e+01
    endloop
  endfacet
  facet normal 7.718032e-01 6.338449e-01 5.060113e-02
    outer loop
      vertex   3.248126e+01 6.852017e+00 2.918118e+01
      vertex   3.256369e+01 6.714653e+00 2.964447e+01
      vertex   3.276797e+01 6.512934e+00 2.905543e+01
    endloop
  endfacet
  facet normal 7.718032e-01 6.338449e-01 5.060113e-02
    outer loop
      vertex   3.276797e+01 6.512934e+00 2.905543e+01
      vertex   3.256369e+01 6.714653e+00 2.964447e+01
      vertex   3.281823e+01 6.413631e+00 2.953283e+01
    endloop
  endfacet
  facet normal 8.393676e-01 5.430075e-01 2.459429e-02
    outer loop
      vertex   3.276797e+01 6.512934e+00 2.905543e+01
      vertex   3.281823e+01 6.413631e+00 2.953283e+01
      vertex   3.301649e+01 6.132416e+00 2.897516e+01
    endloop
  endfacet
  facet normal 3.576164e-01 9.249737e-01 1.285853e-01
    outer loop
      vertex   3.083956e+01 7.801802e+00 2.967962e+01
      vertex   3.110392e+01 7.646425e+00 3.006207e+01
      vertex   3.123481e+01 7.689460e+00 2.938847e+01
    endloop
  endfacet
  facet normal 3.576164e-01 9.249737e-01 1.285853e-01
    outer loop
      vertex   3.123481e+01 7.689460e+00 2.938847e+01
      vertex   3.110392e+01 7.646425e+00 3.006207e+01
      vertex   3.146615e+01 7.543472e+00 2.979526e+01
    endloop
  endfacet
  facet normal 4.602424e-01 8.860102e-01 5.623936e-02
    outer loop
      vertex   3.123481e+01 7.689460e+00 2.938847e+01
      vertex   3.146615e+01 7.543472e+00 2.979526e+01
      vertex   3.162337e+01 7.504217e+00 2.912708e+01
    endloop
  endfacet
  facet normal 4.602424e-01 8.860102e-01 5.623936e-02
    outer loop
      vertex   3.162337e+01 7.504217e+00 2.912708e+01
      vertex   3.146615e+01 7.543472e+00 2.979526e+01
      vertex   3.182223e+01 7.373709e+00 2.955570e+01
    endloop
  endfacet
  facet normal 5.598601e-01 8.285534e-01 -7.472660e-03
    outer loop
      vertex   3.162337e+01 7.504217e+00 2.912708e+01
      vertex   3.182223e+01 7.373709e+00 2.955570e+01
      vertex   3.199565e+01 7.250632e+00 2.890187e+01
    endloop
  endfacet
  facet normal 5.598601e-01 8.285534e-01 -7.472660e-03
    outer loop
      vertex   3.199565e+01 7.250632e+00 2.890187e+01
      vertex   3.182223e+01 7.373709e+00 2.955570e+01
      vertex   3.216340e+01 7.141317e+00 2.934932e+01
    endloop
  endfacet
  facet normal 6.540166e-01 7.540182e-01 -6.098198e-02
    outer loop
      vertex   3.199565e+01 7.250632e+00 2.890187e+01
      vertex   3.216340e+01 7.141317e+00 2.934932e+01
      vertex   3.234249e+01 6.934951e+00 2.871840e+01
    endloop
  endfacet
  facet normal 6.540166e-01 7.540182e-01 -6.098198e-02
    outer loop
      vertex   3.234249e+01 6.934951e+00 2.871840e+01
      vertex   3.216340e+01 7.141317e+00 2.934932e+01
      vertex   3.248126e+01 6.852017e+00 2.918118e+01
    endloop
  endfacet
  facet normal 7.403934e-01 6.642398e-01 -1.029710e-01
    outer loop
      vertex   3.234249e+01 6.934951e+00 2.871840e+01
      vertex   3.248126e+01 6.852017e+00 2.918118e+01
      vertex   3.265535e+01 6.564946e+00 2.858118e+01
    endloop
  endfacet
  facet normal 7.403934e-01 6.642398e-01 -1.029710e-01
    outer loop
      vertex   3.265535e+01 6.564946e+00 2.858118e+01
      vertex   3.248126e+01 6.852017e+00 2.918118e+01
      vertex   3.276797e+01 6.512934e+00 2.905543e+01
    endloop
  endfacet
  facet normal 8.168637e-01 5.614289e-01 -1.324059e-01
    outer loop
      vertex   3.265535e+01 6.564946e+00 2.858118e+01
      vertex   3.276797e+01 6.512934e+00 2.905543e+01
      vertex   3.292654e+01 6.149729e+00 2.849359e+01
    endloop
  endfacet
  facet normal 8.168637e-01 5.614289e-01 -1.324059e-01
    outer loop
      vertex   3.292654e+01 6.149729e+00 2.849359e+01
      vertex   3.276797e+01 6.512934e+00 2.905543e+01
      vertex   3.301649e+01 6.132416e+00 2.897516e+01
    endloop
  endfacet
  facet normal 8.815444e-01 4.481171e-01 -1.485618e-01
    outer loop
      vertex   3.292654e+01 6.149729e+00 2.849359e+01
      vertex   3.301649e+01 6.132416e+00 2.897516e+01
      vertex   3.314936e+01 5.699523e+00 2.845779e+01
    endloop
  endfacet
  facet normal 2.725903e-01 9.621295e-01 -1.181085e-03
    outer loop
      vertex   3.055462e+01 7.882051e+00 2.928889e+01
      vertex   3.083956e+01 7.801802e+00 2.967962e+01
      vertex   3.097444e+01 7.762729e+00 2.897965e+01
    endloop
  endfacet
  facet normal 2.725903e-01 9.621295e-01 -1.181085e-03
    outer loop
      vertex   3.097444e+01 7.762729e+00 2.897965e+01
      vertex   3.083956e+01 7.801802e+00 2.967962e+01
      vertex   3.123481e+01 7.689460e+00 2.938847e+01
    endloop
  endfacet
  facet normal 3.845447e-01 9.196243e-01 -8.010301e-02
    outer loop
      vertex   3.097444e+01 7.762729e+00 2.897965e+01
      vertex   3.123481e+01 7.689460e+00 2.938847e+01
      vertex   3.138713e+01 7.565975e+00 2.870201e+01
    endloop
  endfacet
  facet normal 3.845447e-01 9.196243e-01 -8.010301e-02
    outer loop
      vertex   3.138713e+01 7.565975e+00 2.870201e+01
      vertex   3.123481e+01 7.689460e+00 2.938847e+01
      vertex   3.162337e+01 7.504217e+00 2.912708e+01
    endloop
  endfacet
  facet normal 4.932174e-01 8.569449e-01 -1.496062e-01
    outer loop
      vertex   3.138713e+01 7.565975e+00 2.870201e+01
      vertex   3.162337e+01 7.504217e+00 2.912708e+01
      vertex   3.178255e+01 7.296633e+00 2.846281e+01
    endloop
  endfacet
  facet normal 4.932174e-01 8.569449e-01 -1.496062e-01
    outer loop
      vertex   3.178255e+01 7.296633e+00 2.846281e+01
      vertex   3.162337e+01 7.504217e+00 2.912708e+01
      vertex   3.199565e+01 7.250632e+00 2.890187e+01
    endloop
  endfacet
  facet normal 5.959324e-01 7.756347e-01 -2.079794e-01
    outer loop
      vertex   3.178255e+01 7.296633e+00 2.846281e+01
      vertex   3.199565e+01 7.250632e+00 2.890187e+01
      vertex   3.215094e+01 6.961336e+00 2.826794e+01
    endloop
  endfacet
  facet normal 5.959324e-01 7.756347e-01 -2.079794e-01
    outer loop
      vertex   3.215094e+01 6.961336e+00 2.826794e+01
      vertex   3.199565e+01 7.250632e+00 2.890187e+01
      vertex   3.234249e+01 6.934951e+00 2.871840e+01
    endloop
  endfacet
  facet normal 6.901606e-01 6.776957e-01 -2.537851e-01
    outer loop
      vertex   3.215094e+01 6.961336e+00 2.826794e+01
      vertex   3.234249e+01 6.934951e+00 2.871840e+01
      vertex   3.248324e+01 6.568340e+00 2.812219e+01
    endloop
  endfacet
  facet normal 6.901606e-01 6.776957e-01 -2.537851e-01
    outer loop
      vertex   3.248324e+01 6.568340e+00 2.812219e+01
      vertex   3.234249e+01 6.934951e+00 2.871840e+01
      vertex   3.265535e+01 6.564946e+00 2.858118e+01
    endloop
  endfacet
  facet normal 7.735817e-01 5.655396e-01 -2.858955e-01
    outer loop
      vertex   3.248324e+01 6.568340e+00 2.812219e+01
      vertex   3.265535e+01 6.564946e+00 2.858118e+01
      vertex   3.277128e+01 6.127322e+00 2.802916e+01
    endloop
  endfacet
  facet normal 7.735817e-01 5.655396e-01 -2.858955e-01
    outer loop
      vertex   3.277128e+01 6.127322e+00 2.802916e+01
      vertex   3.265535e+01 6.564946e+00 2.858118e+01
      vertex   3.292654e+01 6.149729e+00 2.849359e+01
    endloop
  endfacet
  facet normal 8.441417e-01 4.419281e-01 -3.035199e-01
    outer loop
      vertex   3.277128e+01 6.127322e+00 2.802916e+01
      vertex   3.292654e+01 6.149729e+00 2.849359e+01
      vertex   3.300794e+01 5.649140e+00 2.799113e+01
    endloop
  endfacet
  facet normal 8.441417e-01 4.419281e-01 -3.035199e-01
    outer loop
      vertex   3.300794e+01 5.649140e+00 2.799113e+01
      vertex   3.292654e+01 6.149729e+00 2.849359e+01
      vertex   3.314936e+01 5.699523e+00 2.845779e+01
    endloop
  endfacet
  facet normal 9.001031e-01 3.099048e-01 -3.062244e-01
    outer loop
      vertex   3.300794e+01 5.649140e+00 2.799113e+01
      vertex   3.314936e+01 5.699523e+00 2.845779e+01
      vertex   3.318742e+01 5.145571e+00 2.800905e+01
    endloop
  endfacet
  facet normal 1.806958e-01 9.747995e-01 -1.308240e-01
    outer loop
      vertex   3.025638e+01 7.885125e+00 2.889986e+01
      vertex   3.055462e+01 7.882051e+00 2.928889e+01
      vertex   3.069166e+01 7.761408e+00 2.857923e+01
    endloop
  endfacet
  facet normal 1.806958e-01 9.747995e-01 -1.308240e-01
    outer loop
      vertex   3.069166e+01 7.761408e+00 2.857923e+01
      vertex   3.055462e+01 7.882051e+00 2.928889e+01
      vertex   3.097444e+01 7.762729e+00 2.897965e+01
    endloop
  endfacet
  facet normal 2.991258e-01 9.298358e-01 -2.143109e-01
    outer loop
      vertex   3.069166e+01 7.761408e+00 2.857923e+01
      vertex   3.097444e+01 7.762729e+00 2.897965e+01
      vertex   3.111956e+01 7.557407e+00 2.829137e+01
    endloop
  endfacet
  facet normal 2.991258e-01 9.298358e-01 -2.143109e-01
    outer loop
      vertex   3.111956e+01 7.557407e+00 2.829137e+01
      vertex   3.097444e+01 7.762729e+00 2.897965e+01
      vertex   3.138713e+01 7.565975e+00 2.870201e+01
    endloop
  endfacet
  facet normal 4.140842e-01 8.635310e-01 -2.878342e-01
    outer loop
      vertex   3.111956e+01 7.557407e+00 2.829137e+01
      vertex   3.138713e+01 7.565975e+00 2.870201e+01
      vertex   3.152953e+01 7.278145e+00 2.804336e+01
    endloop
  endfacet
  facet normal 4.140842e-01 8.635310e-01 -2.878342e-01
    outer loop
      vertex   3.152953e+01 7.278145e+00 2.804336e+01
      vertex   3.138713e+01 7.565975e+00 2.870201e+01
      vertex   3.178255e+01 7.296633e+00 2.846281e+01
    endloop
  endfacet
  facet normal 5.227404e-01 7.775176e-01 -3.495838e-01
    outer loop
      vertex   3.152953e+01 7.278145e+00 2.804336e+01
      vertex   3.178255e+01 7.296633e+00 2.846281e+01
      vertex   3.191150e+01 6.930499e+00 2.784131e+01
    endloop
  endfacet
  facet normal 5.227404e-01 7.775176e-01 -3.495838e-01
    outer loop
      vertex   3.191150e+01 6.930499e+00 2.784131e+01
      vertex   3.178255e+01 7.296633e+00 2.846281e+01
      vertex   3.215094e+01 6.961336e+00 2.826794e+01
    endloop
  endfacet
  facet normal 6.224189e-01 6.739138e-01 -3.980389e-01
    outer loop
      vertex   3.191150e+01 6.930499e+00 2.784131e+01
      vertex   3.215094e+01 6.961336e+00 2.826794e+01
      vertex   3.225604e+01 6.523028e+00 2.769019e+01
    endloop
  endfacet
  facet normal 6.224189e-01 6.739138e-01 -3.980389e-01
    outer loop
      vertex   3.225604e+01 6.523028e+00 2.769019e+01
      vertex   3.215094e+01 6.961336e+00 2.826794e+01
      vertex   3.248324e+01 6.568340e+00 2.812219e+01
    endloop
  endfacet
  facet normal 7.106652e-01 5.552704e-01 -4.320067e-01
    outer loop
      vertex   3.225604e+01 6.523028e+00 2.769019e+01
      vertex   3.248324e+01 6.568340e+00 2.812219e+01
      vertex   3.255468e+01 6.065766e+00 2.759373e+01
    endloop
  endfacet
  facet normal 7.106652e-01 5.552704e-01 -4.320067e-01
    outer loop
      vertex   3.255468e+01 6.065766e+00 2.759373e+01
      vertex   3.248324e+01 6.568340e+00 2.812219e+01
      vertex   3.277128e+01 6.127322e+00 2.802916e+01
    endloop
  endfacet
  facet normal 7.853065e-01 4.245090e-01 -4.506505e-01
    outer loop
      vertex   3.255468e+01 6.065766e+00 2.759373e+01
      vertex   3.277128e+01 6.127322e+00 2.802916e+01
      vertex   3.280006e+01 5.569973e+00 2.755430e+01
    endloop
  endfacet
  facet normal 7.853065e-01 4.245090e-01 -4.506505e-01
    outer loop
      vertex   3.280006e+01 5.569973e+00 2.755430e+01
      vertex   3.277128e+01 6.127322e+00 2.802916e+01
      vertex   3.300794e+01 5.649140e+00 2.799113e+01
    endloop
  endfacet
  facet normal 8.445048e-01 2.848493e-01 -4.535114e-01
    outer loop
      vertex   3.280006e+01 5.569973e+00 2.755430e+01
      vertex   3.300794e+01 5.649140e+00 2.799113e+01
      vertex   3.298615e+01 5.047857e+00 2.757288e+01
    endloop
  endfacet
  facet normal 8.445048e-01 2.848493e-01 -4.535114e-01
    outer loop
      vertex   3.298615e+01 5.047857e+00 2.757288e+01
      vertex   3.300794e+01 5.649140e+00 2.799113e+01
      vertex   3.318742e+01 5.145571e+00 2.800905e+01
    endloop
  endfacet
  facet normal 8.868025e-01 1.397302e-01 -4.405189e-01
    outer loop
      vertex   3.298615e+01 5.047857e+00 2.757288e+01
      vertex   3.318742e+01 5.145571e+00 2.800905e+01
      vertex   3.310835e+01 4.512272e+00 2.764900e+01
    endloop
  endfacet
  facet normal 8.425673e-02 9.627094e-01 -2.570826e-01
    outer loop
      vertex   2.995246e+01 7.810944e+00 2.852246e+01
      vertex   3.025638e+01 7.885125e+00 2.889986e+01
      vertex   3.039371e+01 7.685530e+00 2.819744e+01
    endloop
  endfacet
  facet normal 8.425673e-02 9.627094e-01 -2.570826e-01
    outer loop
      vertex   3.039371e+01 7.685530e+00 2.819744e+01
      vertex   3.025638e+01 7.885125e+00 2.889986e+01
      vertex   3.069166e+01 7.761408e+00 2.857923e+01
    endloop
  endfacet
  facet normal 2.061518e-01 9.164301e-01 -3.430121e-01
    outer loop
      vertex   3.039371e+01 7.685530e+00 2.819744e+01
      vertex   3.069166e+01 7.761408e+00 2.857923e+01
      vertex   3.082747e+01 7.478731e+00 2.790562e+01
    endloop
  endfacet
  facet normal 2.061518e-01 9.164301e-01 -3.430121e-01
    outer loop
      vertex   3.082747e+01 7.478731e+00 2.790562e+01
      vertex   3.069166e+01 7.761408e+00 2.857923e+01
      vertex   3.111956e+01 7.557407e+00 2.829137e+01
    endloop
  endfacet
  facet normal 3.244737e-01 8.481853e-01 -4.186867e-01
    outer loop
      vertex   3.082747e+01 7.478731e+00 2.790562e+01
      vertex   3.111956e+01 7.557407e+00 2.829137e+01
      vertex   3.124307e+01 7.195640e+00 2.765421e+01
    endloop
  endfacet
  facet normal 3.244737e-01 8.481853e-01 -4.186867e-01
    outer loop
      vertex   3.124307e+01 7.195640e+00 2.765421e+01
      vertex   3.111956e+01 7.557407e+00 2.829137e+01
      vertex   3.152953e+01 7.278145e+00 2.804336e+01
    endloop
  endfacet
  facet normal 4.363090e-01 7.596553e-01 -4.822429e-01
    outer loop
      vertex   3.124307e+01 7.195640e+00 2.765421e+01
      vertex   3.152953e+01 7.278145e+00 2.804336e+01
      vertex   3.163027e+01 6.843226e+00 2.744939e+01
    endloop
  endfacet
  facet normal 4.363090e-01 7.596553e-01 -4.822429e-01
    outer loop
      vertex   3.163027e+01 6.843226e+00 2.744939e+01
      vertex   3.152953e+01 7.278145e+00 2.804336e+01
      vertex   3.191150e+01 6.930499e+00 2.784131e+01
    endloop
  endfacet
  facet normal 5.389039e-01 6.530202e-01 -5.321158e-01
    outer loop
      vertex   3.163027e+01 6.843226e+00 2.744939e+01
      vertex   3.191150e+01 6.930499e+00 2.784131e+01
      vertex   3.197954e+01 6.430168e+00 2.729620e+01
    endloop
  endfacet
  facet normal 5.389039e-01 6.530202e-01 -5.321158e-01
    outer loop
      vertex   3.197954e+01 6.430168e+00 2.729620e+01
      vertex   3.191150e+01 6.930499e+00 2.784131e+01
      vertex   3.225604e+01 6.523028e+00 2.769019e+01
    endloop
  endfacet
  facet normal 6.297321e-01 5.309056e-01 -5.670773e-01
    outer loop
      vertex   3.197954e+01 6.430168e+00 2.729620e+01
      vertex   3.225604e+01 6.523028e+00 2.769019e+01
      vertex   3.228228e+01 5.966635e+00 2.719842e+01
    endloop
  endfacet
  facet normal 6.297321e-01 5.309056e-01 -5.670773e-01
    outer loop
      vertex   3.228228e+01 5.966635e+00 2.719842e+01
      vertex   3.225604e+01 6.523028e+00 2.769019e+01
      vertex   3.255468e+01 6.065766e+00 2.759373e+01
    endloop
  endfacet
  facet normal 7.065573e-01 3.963183e-01 -5.862667e-01
    outer loop
      vertex   3.228228e+01 5.966635e+00 2.719842e+01
      vertex   3.255468e+01 6.065766e+00 2.759373e+01
      vertex   3.253102e+01 5.464043e+00 2.715845e+01
    endloop
  endfacet
  facet normal 7.065573e-01 3.963183e-01 -5.862667e-01
    outer loop
      vertex   3.253102e+01 5.464043e+00 2.715845e+01
      vertex   3.255468e+01 6.065766e+00 2.759373e+01
      vertex   3.280006e+01 5.569973e+00 2.755430e+01
    endloop
  endfacet
  facet normal 7.674877e-01 2.525724e-01 -5.892112e-01
    outer loop
      vertex   3.253102e+01 5.464043e+00 2.715845e+01
      vertex   3.280006e+01 5.569973e+00 2.755430e+01
      vertex   3.271966e+01 4.934766e+00 2.717728e+01
    endloop
  endfacet
  facet normal 7.674877e-01 2.525724e-01 -5.892112e-01
    outer loop
      vertex   3.271966e+01 4.934766e+00 2.717728e+01
      vertex   3.280006e+01 5.569973e+00 2.755430e+01
      vertex   3.298615e+01 5.047857e+00 2.757288e+01
    endloop
  endfacet
  facet normal 8.110229e-01 1.032073e-01 -5.758386e-01
    outer loop
      vertex   3.271966e+01 4.934766e+00 2.717728e+01
      vertex   3.298615e+01 5.047857e+00 2.757288e+01
      vertex   3.284354e+01 4.391837e+00 2.725445e+01
    endloop
  endfacet
  facet normal 8.110229e-01 1.032073e-01 -5.758386e-01
    outer loop
      vertex   3.284354e+01 4.391837e+00 2.725445e+01
      vertex   3.298615e+01 5.047857e+00 2.757288e+01
      vertex   3.310835e+01 4.512272e+00 2.764900e+01
    endloop
  endfacet
  facet normal 8.360911e-01 -4.809907e-02 -5.464780e-01
    outer loop
      vertex   3.284354e+01 4.391837e+00 2.725445e+01
      vertex   3.310835e+01 4.512272e+00 2.764900e+01
      vertex   3.289961e+01 3.848625e+00 2.738805e+01
    endloop
  endfacet
  facet normal -1.430246e-02 9.261874e-01 -3.767922e-01
    outer loop
      vertex   2.965061e+01 7.661402e+00 2.816633e+01
      vertex   2.995246e+01 7.810944e+00 2.852246e+01
      vertex   3.008818e+01 7.537033e+00 2.784402e+01
    endloop
  endfacet
  facet normal -1.430246e-02 9.261874e-01 -3.767922e-01
    outer loop
      vertex   3.008818e+01 7.537033e+00 2.784402e+01
      vertex   2.995246e+01 7.810944e+00 2.852246e+01
      vertex   3.039371e+01 7.685530e+00 2.819744e+01
    endloop
  endfacet
  facet normal 1.079632e-01 8.797674e-01 -4.629830e-01
    outer loop
      vertex   3.008818e+01 7.537033e+00 2.784402e+01
      vertex   3.039371e+01 7.685530e+00 2.819744e+01
      vertex   3.051833e+01 7.331958e+00 2.755463e+01
    endloop
  endfacet
  facet normal 1.079632e-01 8.797674e-01 -4.629830e-01
    outer loop
      vertex   3.051833e+01 7.331958e+00 2.755463e+01
      vertex   3.039371e+01 7.685530e+00 2.819744e+01
      vertex   3.082747e+01 7.478731e+00 2.790562e+01
    endloop
  endfacet
  facet normal 2.266449e-01 8.113151e-01 -5.388877e-01
    outer loop
      vertex   3.051833e+01 7.331958e+00 2.755463e+01
      vertex   3.082747e+01 7.478731e+00 2.790562e+01
      vertex   3.093047e+01 7.051225e+00 2.730532e+01
    endloop
  endfacet
  facet normal 2.266449e-01 8.113151e-01 -5.388877e-01
    outer loop
      vertex   3.093047e+01 7.051225e+00 2.730532e+01
      vertex   3.082747e+01 7.478731e+00 2.790562e+01
      vertex   3.124307e+01 7.195640e+00 2.765421e+01
    endloop
  endfacet
  facet normal 3.388203e-01 7.225159e-01 -6.026372e-01
    outer loop
      vertex   3.093047e+01 7.051225e+00 2.730532e+01
      vertex   3.124307e+01 7.195640e+00 2.765421e+01
      vertex   3.131445e+01 6.701747e+00 2.710220e+01
    endloop
  endfacet
  facet normal 3.388203e-01 7.225159e-01 -6.026372e-01
    outer loop
      vertex   3.131445e+01 6.701747e+00 2.710220e+01
      vertex   3.124307e+01 7.195640e+00 2.765421e+01
      vertex   3.163027e+01 6.843226e+00 2.744939e+01
    endloop
  endfacet
  facet normal 4.417271e-01 6.155566e-01 -6.526617e-01
    outer loop
      vertex   3.131445e+01 6.701747e+00 2.710220e+01
      vertex   3.163027e+01 6.843226e+00 2.744939e+01
      vertex   3.166081e+01 6.292130e+00 2.695029e+01
    endloop
  endfacet
  facet normal 4.417271e-01 6.155566e-01 -6.526617e-01
    outer loop
      vertex   3.166081e+01 6.292130e+00 2.695029e+01
      vertex   3.163027e+01 6.843226e+00 2.744939e+01
      vertex   3.197954e+01 6.430168e+00 2.729620e+01
    endloop
  endfacet
  facet normal 5.328315e-01 4.930706e-01 -6.877295e-01
    outer loop
      vertex   3.166081e+01 6.292130e+00 2.695029e+01
      vertex   3.197954e+01 6.430168e+00 2.729620e+01
      vertex   3.196102e+01 5.832459e+00 2.685332e+01
    endloop
  endfacet
  facet normal 5.328315e-01 4.930706e-01 -6.877295e-01
    outer loop
      vertex   3.196102e+01 5.832459e+00 2.685332e+01
      vertex   3.197954e+01 6.430168e+00 2.729620e+01
      vertex   3.228228e+01 5.966635e+00 2.719842e+01
    endloop
  endfacet
  facet normal 6.098903e-01 3.580741e-01 -7.069772e-01
    outer loop
      vertex   3.196102e+01 5.832459e+00 2.685332e+01
      vertex   3.228228e+01 5.966635e+00 2.719842e+01
      vertex   3.220769e+01 5.334054e+00 2.681369e+01
    endloop
  endfacet
  facet normal 6.098903e-01 3.580741e-01 -7.069772e-01
    outer loop
      vertex   3.220769e+01 5.334054e+00 2.681369e+01
      vertex   3.228228e+01 5.966635e+00 2.719842e+01
      vertex   3.253102e+01 5.464043e+00 2.715845e+01
    endloop
  endfacet
  facet normal 6.710059e-01 2.138911e-01 -7.099307e-01
    outer loop
      vertex   3.220769e+01 5.334054e+00 2.681369e+01
      vertex   3.253102e+01 5.464043e+00 2.715845e+01
      vertex   3.239476e+01 4.809187e+00 2.683236e+01
    endloop
  endfacet
  facet normal 6.710059e-01 2.138911e-01 -7.099307e-01
    outer loop
      vertex   3.239476e+01 4.809187e+00 2.683236e+01
      vertex   3.253102e+01 5.464043e+00 2.715845e+01
      vertex   3.271966e+01 4.934766e+00 2.717728e+01
    endloop
  endfacet
  facet normal 7.146735e-01 6.407190e-02 -6.965174e-01
    outer loop
      vertex   3.239476e+01 4.809187e+00 2.683236e+01
      vertex   3.271966e+01 4.934766e+00 2.717728e+01
      vertex   3.251761e+01 4.270782e+00 2.690888e+01
    endloop
  endfacet
  facet normal 7.146735e-01 6.407190e-02 -6.965174e-01
    outer loop
      vertex   3.251761e+01 4.270782e+00 2.690888e+01
      vertex   3.271966e+01 4.934766e+00 2.717728e+01
      vertex   3.284354e+01 4.391837e+00 2.725445e+01
    endloop
  endfacet
  facet normal 7.398179e-01 -8.769452e-02 -6.670676e-01
    outer loop
      vertex   3.251761e+01 4.270782e+00 2.690888e+01
      vertex   3.284354e+01 4.391837e+00 2.725445e+01
      vertex   3.257321e+01 3.732095e+00 2.704137e+01
    endloop
  endfacet
  facet normal 7.398179e-01 -8.769452e-02 -6.670676e-01
    outer loop
      vertex   3.257321e+01 3.732095e+00 2.704137e+01
      vertex   3.284354e+01 4.391837e+00 2.725445e+01
      vertex   3.289961e+01 3.848625e+00 2.738805e+01
    endloop
  endfacet
  facet normal 7.458199e-01 -2.376711e-01 -6.223063e-01
    outer loop
      vertex   3.257321e+01 3.732095e+00 2.704137e+01
      vertex   3.289961e+01 3.848625e+00 2.738805e+01
      vertex   3.256020e+01 3.206392e+00 2.722656e+01
    endloop
  endfacet
  facet normal -2.079009e-01 7.840915e-01 -5.847887e-01
    outer loop
      vertex   2.948563e+01 7.039107e+00 2.725744e+01
      vertex   2.908373e+01 7.153338e+00 2.755348e+01
      vertex   2.935855e+01 7.440319e+00 2.784057e+01
    endloop
  endfacet
  facet normal -1.125102e-01 8.661520e-01 -4.869519e-01
    outer loop
      vertex   2.935855e+01 7.440319e+00 2.784057e+01
      vertex   2.965061e+01 7.661402e+00 2.816633e+01
      vertex   2.978289e+01 7.319709e+00 2.752799e+01
    endloop
  endfacet
  facet normal -1.125102e-01 8.661520e-01 -4.869519e-01
    outer loop
      vertex   2.978289e+01 7.319709e+00 2.752799e+01
      vertex   2.965061e+01 7.661402e+00 2.816633e+01
      vertex   3.008818e+01 7.537033e+00 2.784402e+01
    endloop
  endfacet
  facet normal 7.022750e-03 8.207695e-01 -5.712163e-01
    outer loop
      vertex   2.978289e+01 7.319709e+00 2.752799e+01
      vertex   3.008818e+01 7.537033e+00 2.784402e+01
      vertex   3.020004e+01 7.120833e+00 2.724736e+01
    endloop
  endfacet
  facet normal 7.022750e-03 8.207695e-01 -5.712163e-01
    outer loop
      vertex   3.020004e+01 7.120833e+00 2.724736e+01
      vertex   3.008818e+01 7.537033e+00 2.784402e+01
      vertex   3.051833e+01 7.331958e+00 2.755463e+01
    endloop
  endfacet
  facet normal 1.230518e-01 7.538472e-01 -6.454244e-01
    outer loop
      vertex   3.020004e+01 7.120833e+00 2.724736e+01
      vertex   3.051833e+01 7.331958e+00 2.755463e+01
      vertex   3.059972e+01 6.848587e+00 2.700558e+01
    endloop
  endfacet
  facet normal 1.230518e-01 7.538472e-01 -6.454244e-01
    outer loop
      vertex   3.059972e+01 6.848587e+00 2.700558e+01
      vertex   3.051833e+01 7.331958e+00 2.755463e+01
      vertex   3.093047e+01 7.051225e+00 2.730532e+01
    endloop
  endfacet
  facet normal 2.327199e-01 6.670328e-01 -7.077490e-01
    outer loop
      vertex   3.059972e+01 6.848587e+00 2.700558e+01
      vertex   3.093047e+01 7.051225e+00 2.730532e+01
      vertex   3.097209e+01 6.509674e+00 2.680861e+01
    endloop
  endfacet
  facet normal 2.327199e-01 6.670328e-01 -7.077490e-01
    outer loop
      vertex   3.097209e+01 6.509674e+00 2.680861e+01
      vertex   3.093047e+01 7.051225e+00 2.730532e+01
      vertex   3.131445e+01 6.701747e+00 2.710220e+01
    endloop
  endfacet
  facet normal 3.333267e-01 5.624641e-01 -7.566555e-01
    outer loop
      vertex   3.097209e+01 6.509674e+00 2.680861e+01
      vertex   3.131445e+01 6.701747e+00 2.710220e+01
      vertex   3.130798e+01 6.112439e+00 2.666129e+01
    endloop
  endfacet
  facet normal 3.333267e-01 5.624641e-01 -7.566555e-01
    outer loop
      vertex   3.130798e+01 6.112439e+00 2.666129e+01
      vertex   3.131445e+01 6.701747e+00 2.710220e+01
      vertex   3.166081e+01 6.292130e+00 2.695029e+01
    endloop
  endfacet
  facet normal 4.223948e-01 4.427158e-01 -7.909395e-01
    outer loop
      vertex   3.130798e+01 6.112439e+00 2.666129e+01
      vertex   3.166081e+01 6.292130e+00 2.695029e+01
      vertex   3.159911e+01 5.666665e+00 2.656725e+01
    endloop
  endfacet
  facet normal 4.223948e-01 4.427158e-01 -7.909395e-01
    outer loop
      vertex   3.159911e+01 5.666665e+00 2.656725e+01
      vertex   3.166081e+01 6.292130e+00 2.695029e+01
      vertex   3.196102e+01 5.832459e+00 2.685332e+01
    endloop
  endfacet
  facet normal 4.977313e-01 3.107366e-01 -8.097570e-01
    outer loop
      vertex   3.159911e+01 5.666665e+00 2.656725e+01
      vertex   3.196102e+01 5.832459e+00 2.685332e+01
      vertex   3.183833e+01 5.183327e+00 2.652881e+01
    endloop
  endfacet
  facet normal 4.977313e-01 3.107366e-01 -8.097570e-01
    outer loop
      vertex   3.183833e+01 5.183327e+00 2.652881e+01
      vertex   3.196102e+01 5.832459e+00 2.685332e+01
      vertex   3.220769e+01 5.334054e+00 2.681369e+01
    endloop
  endfacet
  facet normal 5.574809e-01 1.697762e-01 -8.126445e-01
    outer loop
      vertex   3.183833e+01 5.183327e+00 2.652881e+01
      vertex   3.220769e+01 5.334054e+00 2.681369e+01
      vertex   3.201974e+01 4.674326e+00 2.654692e+01
    endloop
  endfacet
  facet normal 5.574809e-01 1.697762e-01 -8.126445e-01
    outer loop
      vertex   3.201974e+01 4.674326e+00 2.654692e+01
      vertex   3.220769e+01 5.334054e+00 2.681369e+01
      vertex   3.239476e+01 4.809187e+00 2.683236e+01
    endloop
  endfacet
  facet normal 6.001725e-01 2.330558e-02 -7.995310e-01
    outer loop
      vertex   3.201974e+01 4.674326e+00 2.654692e+01
      vertex   3.239476e+01 4.809187e+00 2.683236e+01
      vertex   3.213888e+01 4.152197e+00 2.662113e+01
    endloop
  endfacet
  facet normal 6.001725e-01 2.330558e-02 -7.995310e-01
    outer loop
      vertex   3.213888e+01 4.152197e+00 2.662113e+01
      vertex   3.239476e+01 4.809187e+00 2.683236e+01
      vertex   3.251761e+01 4.270782e+00 2.690888e+01
    endloop
  endfacet
  facet normal 6.247549e-01 -1.250687e-01 -7.707394e-01
    outer loop
      vertex   3.213888e+01 4.152197e+00 2.662113e+01
      vertex   3.251761e+01 4.270782e+00 2.690888e+01
      vertex   3.219280e+01 3.629795e+00 2.674961e+01
    endloop
  endfacet
  facet normal 6.247549e-01 -1.250687e-01 -7.707394e-01
    outer loop
      vertex   3.219280e+01 3.629795e+00 2.674961e+01
      vertex   3.251761e+01 4.270782e+00 2.690888e+01
      vertex   3.257321e+01 3.732095e+00 2.704137e+01
    endloop
  endfacet
  facet normal 6.306227e-01 -2.716932e-01 -7.269785e-01
    outer loop
      vertex   3.219280e+01 3.629795e+00 2.674961e+01
      vertex   3.257321e+01 3.732095e+00 2.704137e+01
      vertex   3.218018e+01 3.119983e+00 2.692920e+01
    endloop
  endfacet
  facet normal 6.306227e-01 -2.716932e-01 -7.269785e-01
    outer loop
      vertex   3.218018e+01 3.119983e+00 2.692920e+01
      vertex   3.257321e+01 3.732095e+00 2.704137e+01
      vertex   3.256020e+01 3.206392e+00 2.722656e+01
    endloop
  endfacet
  facet normal 6.176316e-01 -4.129575e-01 -6.693260e-01
    outer loop
      vertex   3.218018e+01 3.119983e+00 2.692920e+01
      vertex   3.256020e+01 3.206392e+00 2.722656e+01
      vertex   3.210134e+01 2.635316e+00 2.715548e+01
    endloop
  endfacet
  facet normal -9.413793e-02 7.408997e-01 -6.649855e-01
    outer loop
      vertex   3.020004e+01 7.120833e+00 2.724736e+01
      vertex   2.988072e+01 6.850749e+00 2.699165e+01
      vertex   2.978289e+01 7.319709e+00 2.752799e+01
    endloop
  endfacet
  facet normal -9.413793e-02 7.408997e-01 -6.649855e-01
    outer loop
      vertex   2.978289e+01 7.319709e+00 2.752799e+01
      vertex   2.988072e+01 6.850749e+00 2.699165e+01
      vertex   2.948563e+01 7.039107e+00 2.725744e+01
    endloop
  endfacet
  facet normal -2.079009e-01 7.840915e-01 -5.847887e-01
    outer loop
      vertex   2.978289e+01 7.319709e+00 2.752799e+01
      vertex   2.948563e+01 7.039107e+00 2.725744e+01
      vertex   2.935855e+01 7.440319e+00 2.784057e+01
    endloop
  endfacet
  facet normal 1.629022e-02 6.772078e-01 -7.356115e-01
    outer loop
      vertex   2.988072e+01 6.850749e+00 2.699165e+01
      vertex   3.020004e+01 7.120833e+00 2.724736e+01
      vertex   3.025926e+01 6.592900e+00 2.676265e+01
    endloop
  endfacet
  facet normal 1.629022e-02 6.772078e-01 -7.356115e-01
    outer loop
      vertex   3.025926e+01 6.592900e+00 2.676265e+01
      vertex   3.020004e+01 7.120833e+00 2.724736e+01
      vertex   3.059972e+01 6.848587e+00 2.700558e+01
    endloop
  endfacet
  facet normal 1.206645e-01 5.945840e-01 -7.949276e-01
    outer loop
      vertex   3.025926e+01 6.592900e+00 2.676265e+01
      vertex   3.059972e+01 6.848587e+00 2.700558e+01
      vertex   3.061194e+01 6.271911e+00 2.657610e+01
    endloop
  endfacet
  facet normal 1.206645e-01 5.945840e-01 -7.949276e-01
    outer loop
      vertex   3.061194e+01 6.271911e+00 2.657610e+01
      vertex   3.059972e+01 6.848587e+00 2.700558e+01
      vertex   3.097209e+01 6.509674e+00 2.680861e+01
    endloop
  endfacet
  facet normal 2.164148e-01 4.950630e-01 -8.414733e-01
    outer loop
      vertex   3.061194e+01 6.271911e+00 2.657610e+01
      vertex   3.097209e+01 6.509674e+00 2.680861e+01
      vertex   3.093006e+01 5.895685e+00 2.643657e+01
    endloop
  endfacet
  facet normal 2.164148e-01 4.950630e-01 -8.414733e-01
    outer loop
      vertex   3.093006e+01 5.895685e+00 2.643657e+01
      vertex   3.097209e+01 6.509674e+00 2.680861e+01
      vertex   3.130798e+01 6.112439e+00 2.666129e+01
    endloop
  endfacet
  facet normal 3.011836e-01 3.810951e-01 -8.741024e-01
    outer loop
      vertex   3.093006e+01 5.895685e+00 2.643657e+01
      vertex   3.130798e+01 6.112439e+00 2.666129e+01
      vertex   3.120580e+01 5.473485e+00 2.634751e+01
    endloop
  endfacet
  facet normal 3.011836e-01 3.810951e-01 -8.741024e-01
    outer loop
      vertex   3.120580e+01 5.473485e+00 2.634751e+01
      vertex   3.130798e+01 6.112439e+00 2.666129e+01
      vertex   3.159911e+01 5.666665e+00 2.656725e+01
    endloop
  endfacet
  facet normal 3.728834e-01 2.554867e-01 -8.920115e-01
    outer loop
      vertex   3.120580e+01 5.473485e+00 2.634751e+01
      vertex   3.159911e+01 5.666665e+00 2.656725e+01
      vertex   3.143237e+01 5.015708e+00 2.631110e+01
    endloop
  endfacet
  facet normal 3.728834e-01 2.554867e-01 -8.920115e-01
    outer loop
      vertex   3.143237e+01 5.015708e+00 2.631110e+01
      vertex   3.159911e+01 5.666665e+00 2.656725e+01
      vertex   3.183833e+01 5.183327e+00 2.652881e+01
    endloop
  endfacet
  facet normal 4.297488e-01 1.213307e-01 -8.947596e-01
    outer loop
      vertex   3.143237e+01 5.015708e+00 2.631110e+01
      vertex   3.183833e+01 5.183327e+00 2.652881e+01
      vertex   3.160418e+01 4.533627e+00 2.632825e+01
    endloop
  endfacet
  facet normal 4.297488e-01 1.213307e-01 -8.947596e-01
    outer loop
      vertex   3.160418e+01 4.533627e+00 2.632825e+01
      vertex   3.183833e+01 5.183327e+00 2.652881e+01
      vertex   3.201974e+01 4.674326e+00 2.654692e+01
    endloop
  endfacet
  facet normal 4.703797e-01 -1.806957e-02 -8.822791e-01
    outer loop
      vertex   3.160418e+01 4.533627e+00 2.632825e+01
      vertex   3.201974e+01 4.674326e+00 2.654692e+01
      vertex   3.171702e+01 4.039110e+00 2.639854e+01
    endloop
  endfacet
  facet normal 4.703797e-01 -1.806957e-02 -8.822791e-01
    outer loop
      vertex   3.171702e+01 4.039110e+00 2.639854e+01
      vertex   3.201974e+01 4.674326e+00 2.654692e+01
      vertex   3.213888e+01 4.152197e+00 2.662113e+01
    endloop
  endfacet
  facet normal 4.937754e-01 -1.592816e-01 -8.548773e-01
    outer loop
      vertex   3.171702e+01 4.039110e+00 2.639854e+01
      vertex   3.213888e+01 4.152197e+00 2.662113e+01
      vertex   3.176809e+01 3.544336e+00 2.652022e+01
    endloop
  endfacet
  facet normal 4.937754e-01 -1.592816e-01 -8.548773e-01
    outer loop
      vertex   3.176809e+01 3.544336e+00 2.652022e+01
      vertex   3.213888e+01 4.152197e+00 2.662113e+01
      vertex   3.219280e+01 3.629795e+00 2.674961e+01
    endloop
  endfacet
  facet normal 4.993600e-01 -2.988284e-01 -8.132289e-01
    outer loop
      vertex   3.176809e+01 3.544336e+00 2.652022e+01
      vertex   3.219280e+01 3.629795e+00 2.674961e+01
      vertex   3.175614e+01 3.061486e+00 2.669031e+01
    endloop
  endfacet
  facet normal 4.993600e-01 -2.988284e-01 -8.132289e-01
    outer loop
      vertex   3.175614e+01 3.061486e+00 2.669031e+01
      vertex   3.219280e+01 3.629795e+00 2.674961e+01
      vertex   3.218018e+01 3.119983e+00 2.692920e+01
    endloop
  endfacet
  facet normal 4.869959e-01 -4.332736e-01 -7.583594e-01
    outer loop
      vertex   3.175614e+01 3.061486e+00 2.669031e+01
      vertex   3.218018e+01 3.119983e+00 2.692920e+01
      vertex   3.168147e+01 2.602451e+00 2.690462e+01
    endloop
  endfacet
  facet normal 4.869959e-01 -4.332736e-01 -7.583594e-01
    outer loop
      vertex   3.168147e+01 2.602451e+00 2.690462e+01
      vertex   3.218018e+01 3.119983e+00 2.692920e+01
      vertex   3.210134e+01 2.635316e+00 2.715548e+01
    endloop
  endfacet
  facet normal 4.569877e-01 -5.593070e-01 -6.916198e-01
    outer loop
      vertex   3.168147e+01 2.602451e+00 2.690462e+01
      vertex   3.210134e+01 2.635316e+00 2.715548e+01
      vertex   3.154591e+01 2.178533e+00 2.715787e+01
    endloop
  endfacet
  facet normal 9.540834e-01 2.426519e-01 1.756274e-01
    outer loop
      vertex   3.326495e+01 5.339908e+00 2.992727e+01
      vertex   3.334196e+01 5.002378e+00 2.997524e+01
      vertex   3.344788e+01 4.928172e+00 2.950240e+01
    endloop
  endfacet
  facet normal 9.697944e-01 1.478234e-01 1.940286e-01
    outer loop
      vertex   3.344788e+01 4.928172e+00 2.950240e+01
      vertex   3.334196e+01 5.002378e+00 2.997524e+01
      vertex   3.348874e+01 4.532299e+00 2.959976e+01
    endloop
  endfacet
  facet normal 9.928719e-01 1.123031e-01 3.991752e-02
    outer loop
      vertex   3.344788e+01 4.928172e+00 2.950240e+01
      vertex   3.348874e+01 4.532299e+00 2.959976e+01
      vertex   3.352327e+01 4.393724e+00 2.913082e+01
    endloop
  endfacet
  facet normal 9.973231e-01 1.078198e-03 7.311318e-02
    outer loop
      vertex   3.352327e+01 4.393724e+00 2.913082e+01
      vertex   3.348874e+01 4.532299e+00 2.959976e+01
      vertex   3.351250e+01 3.958544e+00 2.928412e+01
    endloop
  endfacet
  facet normal 9.956395e-01 -5.193304e-02 -7.749163e-02
    outer loop
      vertex   3.352327e+01 4.393724e+00 2.913082e+01
      vertex   3.351250e+01 3.958544e+00 2.928412e+01
      vertex   3.346777e+01 3.777618e+00 2.883073e+01
    endloop
  endfacet
  facet normal 9.844858e-01 -1.732167e-01 -2.799359e-02
    outer loop
      vertex   3.346777e+01 3.777618e+00 2.883073e+01
      vertex   3.351250e+01 3.958544e+00 2.928412e+01
      vertex   3.339434e+01 3.326174e+00 2.904149e+01
    endloop
  endfacet
  facet normal 9.564402e-01 -2.358829e-01 -1.719925e-01
    outer loop
      vertex   3.346777e+01 3.777618e+00 2.883073e+01
      vertex   3.339434e+01 3.326174e+00 2.904149e+01
      vertex   3.326815e+01 3.128316e+00 2.861111e+01
    endloop
  endfacet
  facet normal 9.269090e-01 -3.599127e-01 -1.063139e-01
    outer loop
      vertex   3.326815e+01 3.128316e+00 2.861111e+01
      vertex   3.339434e+01 3.326174e+00 2.904149e+01
      vertex   3.312655e+01 2.685503e+00 2.887565e+01
    endloop
  endfacet
  facet normal 8.728611e-01 -4.237113e-01 -2.420378e-01
    outer loop
      vertex   3.326815e+01 3.128316e+00 2.861111e+01
      vertex   3.312655e+01 2.685503e+00 2.887565e+01
      vertex   3.292303e+01 2.497182e+00 2.847139e+01
    endloop
  endfacet
  facet normal 8.240229e-01 -5.429274e-01 -1.619141e-01
    outer loop
      vertex   3.292303e+01 2.497182e+00 2.847139e+01
      vertex   3.312655e+01 2.685503e+00 2.887565e+01
      vertex   3.271389e+01 2.087398e+00 2.878110e+01
    endloop
  endfacet
  facet normal 7.464065e-01 -5.994237e-01 -2.890824e-01
    outer loop
      vertex   3.292303e+01 2.497182e+00 2.847139e+01
      vertex   3.271389e+01 2.087398e+00 2.878110e+01
      vertex   3.244367e+01 1.933708e+00 2.840207e+01
    endloop
  endfacet
  facet normal 6.792633e-01 -7.067681e-01 -1.976873e-01
    outer loop
      vertex   3.244367e+01 1.933708e+00 2.840207e+01
      vertex   3.271389e+01 2.087398e+00 2.878110e+01
      vertex   3.217370e+01 1.578549e+00 2.874419e+01
    endloop
  endfacet
  facet normal 5.825133e-01 -7.483663e-01 -3.172163e-01
    outer loop
      vertex   3.244367e+01 1.933708e+00 2.840207e+01
      vertex   3.217370e+01 1.578549e+00 2.874419e+01
      vertex   3.185335e+01 1.480932e+00 2.838622e+01
    endloop
  endfacet
  facet normal 4.998970e-01 -8.379793e-01 -2.188465e-01
    outer loop
      vertex   3.185335e+01 1.480932e+00 2.838622e+01
      vertex   3.217370e+01 1.578549e+00 2.874419e+01
      vertex   3.153474e+01 1.197146e+00 2.874508e+01
    endloop
  endfacet
  facet normal 3.901964e-01 -8.585839e-01 -3.325364e-01
    outer loop
      vertex   3.185335e+01 1.480932e+00 2.838622e+01
      vertex   3.153474e+01 1.197146e+00 2.874508e+01
      vertex   3.118572e+01 1.171477e+00 2.840182e+01
    endloop
  endfacet
  facet normal 2.964877e-01 -9.263826e-01 -2.321860e-01
    outer loop
      vertex   3.118572e+01 1.171477e+00 2.840182e+01
      vertex   3.153474e+01 1.197146e+00 2.874508e+01
      vertex   3.083500e+01 9.693920e-01 2.876026e+01
    endloop
  endfacet
  facet normal 1.813541e-01 -9.219150e-01 -3.423207e-01
    outer loop
      vertex   3.118572e+01 1.171477e+00 2.840182e+01
      vertex   3.083500e+01 9.693920e-01 2.876026e+01
      vertex   3.048210e+01 1.024630e+00 2.842453e+01
    endloop
  endfacet
  facet normal 8.205058e-02 -9.659970e-01 -2.451886e-01
    outer loop
      vertex   3.048210e+01 1.024630e+00 2.842453e+01
      vertex   3.083500e+01 9.693920e-01 2.876026e+01
      vertex   3.011858e+01 9.072010e-01 2.876553e+01
    endloop
  endfacet
  facet normal 9.697944e-01 1.478234e-01 1.940286e-01
    outer loop
      vertex   3.334196e+01 5.002378e+00 2.997524e+01
      vertex   3.337682e+01 4.664672e+00 3.005830e+01
      vertex   3.348874e+01 4.532299e+00 2.959976e+01
    endloop
  endfacet
  facet normal 9.735446e-01 5.411316e-02 2.219969e-01
    outer loop
      vertex   3.348874e+01 4.532299e+00 2.959976e+01
      vertex   3.337682e+01 4.664672e+00 3.005830e+01
      vertex   3.347918e+01 4.145968e+00 2.973585e+01
    endloop
  endfacet
  facet normal 9.973231e-01 1.078198e-03 7.311318e-02
    outer loop
      vertex   3.348874e+01 4.532299e+00 2.959976e+01
      vertex   3.347918e+01 4.145968e+00 2.973585e+01
      vertex   3.351250e+01 3.958544e+00 2.928412e+01
    endloop
  endfacet
  facet normal 9.874684e-01 -1.060807e-01 1.168466e-01
    outer loop
      vertex   3.351250e+01 3.958544e+00 2.928412e+01
      vertex   3.347918e+01 4.145968e+00 2.973585e+01
      vertex   3.344520e+01 3.544827e+00 2.947727e+01
    endloop
  endfacet
  facet normal 9.844858e-01 -1.732167e-01 -2.799359e-02
    outer loop
      vertex   3.351250e+01 3.958544e+00 2.928412e+01
      vertex   3.344520e+01 3.544827e+00 2.947727e+01
      vertex   3.339434e+01 3.326174e+00 2.904149e+01
    endloop
  endfacet
  facet normal 9.574152e-01 -2.869120e-01 3.221243e-02
    outer loop
      vertex   3.339434e+01 3.326174e+00 2.904149e+01
      vertex   3.344520e+01 3.544827e+00 2.947727e+01
      vertex   3.326102e+01 2.909267e+00 2.929055e+01
    endloop
  endfacet
  facet normal 9.269090e-01 -3.599127e-01 -1.063139e-01
    outer loop
      vertex   3.339434e+01 3.326174e+00 2.904149e+01
      vertex   3.326102e+01 2.909267e+00 2.929055e+01
      vertex   3.312655e+01 2.685503e+00 2.887565e+01
    endloop
  endfacet
  facet normal 8.807411e-01 -4.726102e-01 -3.057126e-02
    outer loop
      vertex   3.312655e+01 2.685503e+00 2.887565e+01
      vertex   3.326102e+01 2.909267e+00 2.929055e+01
      vertex   3.292483e+01 2.290275e+00 2.917435e+01
    endloop
  endfacet
  facet normal 8.240229e-01 -5.429274e-01 -1.619141e-01
    outer loop
      vertex   3.312655e+01 2.685503e+00 2.887565e+01
      vertex   3.292483e+01 2.290275e+00 2.917435e+01
      vertex   3.271389e+01 2.087398e+00 2.878110e+01
    endloop
  endfacet
  facet normal 7.587884e-01 -6.472203e-01 -7.311712e-02
    outer loop
      vertex   3.271389e+01 2.087398e+00 2.878110e+01
      vertex   3.292483e+01 2.290275e+00 2.917435e+01
      vertex   3.244757e+01 1.737043e+00 2.911859e+01
    endloop
  endfacet
  facet normal 6.792633e-01 -7.067681e-01 -1.976873e-01
    outer loop
      vertex   3.271389e+01 2.087398e+00 2.878110e+01
      vertex   3.244757e+01 1.737043e+00 2.911859e+01
      vertex   3.217370e+01 1.578549e+00 2.874419e+01
    endloop
  endfacet
  facet normal 5.968974e-01 -7.961094e-01 -9.961564e-02
    outer loop
      vertex   3.217370e+01 1.578549e+00 2.874419e+01
      vertex   3.244757e+01 1.737043e+00 2.911859e+01
      vertex   3.185241e+01 1.292378e+00 2.910607e+01
    endloop
  endfacet
  facet normal 4.998970e-01 -8.379793e-01 -2.188465e-01
    outer loop
      vertex   3.217370e+01 1.578549e+00 2.874419e+01
      vertex   3.185241e+01 1.292378e+00 2.910607e+01
      vertex   3.153474e+01 1.197146e+00 2.874508e+01
    endloop
  endfacet
  facet normal 4.040459e-01 -9.073280e-01 -1.162019e-01
    outer loop
      vertex   3.153474e+01 1.197146e+00 2.874508e+01
      vertex   3.185241e+01 1.292378e+00 2.910607e+01
      vertex   3.117309e+01 9.887615e-01 2.911469e+01
    endloop
  endfacet
  facet normal 2.964877e-01 -9.263826e-01 -2.321860e-01
    outer loop
      vertex   3.153474e+01 1.197146e+00 2.874508e+01
      vertex   3.117309e+01 9.887615e-01 2.911469e+01
      vertex   3.083500e+01 9.693920e-01 2.876026e+01
    endloop
  endfacet
  facet normal 1.921475e-01 -9.727005e-01 -1.301274e-01
    outer loop
      vertex   3.083500e+01 9.693920e-01 2.876026e+01
      vertex   3.117309e+01 9.887615e-01 2.911469e+01
      vertex   3.045118e+01 8.454061e-01 2.912029e+01
    endloop
  endfacet
  facet normal 8.205058e-02 -9.659970e-01 -2.451886e-01
    outer loop
      vertex   3.083500e+01 9.693920e-01 2.876026e+01
      vertex   3.045118e+01 8.454061e-01 2.912029e+01
      vertex   3.011858e+01 9.072010e-01 2.876553e+01
    endloop
  endfacet
  facet normal -2.492611e-02 -9.885497e-01 -1.488225e-01
    outer loop
      vertex   3.011858e+01 9.072010e-01 2.876553e+01
      vertex   3.045118e+01 8.454061e-01 2.912029e+01
      vertex   2.973265e+01 8.666321e-01 2.909965e+01
    endloop
  endfacet
  facet normal 9.735446e-01 5.411316e-02 2.219969e-01
    outer loop
      vertex   3.337682e+01 4.664672e+00 3.005830e+01
      vertex   3.336867e+01 4.335106e+00 3.017439e+01
      vertex   3.347918e+01 4.145968e+00 2.973585e+01
    endloop
  endfacet
  facet normal 9.652418e-01 -3.617126e-02 2.588436e-01
    outer loop
      vertex   3.347918e+01 4.145968e+00 2.973585e+01
      vertex   3.336867e+01 4.335106e+00 3.017439e+01
      vertex   3.341943e+01 3.778690e+00 2.990732e+01
    endloop
  endfacet
  facet normal 9.874684e-01 -1.060807e-01 1.168466e-01
    outer loop
      vertex   3.347918e+01 4.145968e+00 2.973585e+01
      vertex   3.341943e+01 3.778690e+00 2.990732e+01
      vertex   3.344520e+01 3.544827e+00 2.947727e+01
    endloop
  endfacet
  facet normal 9.635504e-01 -2.065349e-01 1.700410e-01
    outer loop
      vertex   3.344520e+01 3.544827e+00 2.947727e+01
      vertex   3.341943e+01 3.778690e+00 2.990732e+01
      vertex   3.332302e+01 3.162760e+00 2.970552e+01
    endloop
  endfacet
  facet normal 9.574152e-01 -2.869120e-01 3.221243e-02
    outer loop
      vertex   3.344520e+01 3.544827e+00 2.947727e+01
      vertex   3.332302e+01 3.162760e+00 2.970552e+01
      vertex   3.326102e+01 2.909267e+00 2.929055e+01
    endloop
  endfacet
  facet normal 9.150942e-01 -3.902192e-01 1.016440e-01
    outer loop
      vertex   3.326102e+01 2.909267e+00 2.929055e+01
      vertex   3.332302e+01 3.162760e+00 2.970552e+01
      vertex   3.307111e+01 2.537161e+00 2.957178e+01
    endloop
  endfacet
  facet normal 8.807411e-01 -4.726102e-01 -3.057126e-02
    outer loop
      vertex   3.326102e+01 2.909267e+00 2.929055e+01
      vertex   3.307111e+01 2.537161e+00 2.957178e+01
      vertex   3.292483e+01 2.290275e+00 2.917435e+01
    endloop
  endfacet
  facet normal 8.190736e-01 -5.712006e-01 5.337045e-02
    outer loop
      vertex   3.292483e+01 2.290275e+00 2.917435e+01
      vertex   3.307111e+01 2.537161e+00 2.957178e+01
      vertex   3.266797e+01 1.952366e+00 2.949985e+01
    endloop
  endfacet
  facet normal 7.587884e-01 -6.472203e-01 -7.311712e-02
    outer loop
      vertex   3.292483e+01 2.290275e+00 2.917435e+01
      vertex   3.266797e+01 1.952366e+00 2.949985e+01
      vertex   3.244757e+01 1.737043e+00 2.911859e+01
    endloop
  endfacet
  facet normal 6.787638e-01 -7.340220e-01 2.216670e-02
    outer loop
      vertex   3.244757e+01 1.737043e+00 2.911859e+01
      vertex   3.266797e+01 1.952366e+00 2.949985e+01
      vertex   3.213063e+01 1.454743e+00 2.947557e+01
    endloop
  endfacet
  facet normal 5.968974e-01 -7.961094e-01 -9.961564e-02
    outer loop
      vertex   3.244757e+01 1.737043e+00 2.911859e+01
      vertex   3.213063e+01 1.454743e+00 2.947557e+01
      vertex   3.185241e+01 1.292378e+00 2.910607e+01
    endloop
  endfacet
  facet normal 5.013369e-01 -8.652479e-01 2.717796e-03
    outer loop
      vertex   3.185241e+01 1.292378e+00 2.910607e+01
      vertex   3.213063e+01 1.454743e+00 2.947557e+01
      vertex   3.148773e+01 1.082244e+00 2.947879e+01
    endloop
  endfacet
  facet normal 4.040459e-01 -9.073280e-01 -1.162019e-01
    outer loop
      vertex   3.185241e+01 1.292378e+00 2.910607e+01
      vertex   3.148773e+01 1.082244e+00 2.947879e+01
      vertex   3.117309e+01 9.887615e-01 2.911469e+01
    endloop
  endfacet
  facet normal 2.973203e-01 -9.547048e-01 -1.181002e-02
    outer loop
      vertex   3.117309e+01 9.887615e-01 2.911469e+01
      vertex   3.148773e+01 1.082244e+00 2.947879e+01
      vertex   3.077730e+01 8.609106e-01 2.948595e+01
    endloop
  endfacet
  facet normal 1.921475e-01 -9.727005e-01 -1.301274e-01
    outer loop
      vertex   3.117309e+01 9.887615e-01 2.911469e+01
      vertex   3.077730e+01 8.609106e-01 2.948595e+01
      vertex   3.045118e+01 8.454061e-01 2.912029e+01
    endloop
  endfacet
  facet normal 7.974498e-02 -9.963970e-01 -2.887363e-02
    outer loop
      vertex   3.045118e+01 8.454061e-01 2.912029e+01
      vertex   3.077730e+01 8.609106e-01 2.948595e+01
      vertex   3.004371e+01 8.025719e-01 2.947307e+01
    endloop
  endfacet
  facet normal -2.492611e-02 -9.885497e-01 -1.488225e-01
    outer loop
      vertex   3.045118e+01 8.454061e-01 2.912029e+01
      vertex   3.004371e+01 8.025719e-01 2.947307e+01
      vertex   2.973265e+01 8.666321e-01 2.909965e+01
    endloop
  endfacet
  facet normal -1.369418e-01 -9.890178e-01 -5.559514e-02
    outer loop
      vertex   2.973265e+01 8.666321e-01 2.909965e+01
      vertex   3.004371e+01 8.025719e-01 2.947307e+01
      vertex   2.933383e+01 9.039221e-01 2.941865e+01
    endloop
  endfacet
  facet normal 8.198841e-01 -3.209787e-01 4.740916e-01
    outer loop
      vertex   3.292554e+01 3.253405e+00 3.090139e+01
      vertex   3.272580e+01 3.075498e+00 3.112636e+01
      vertex   3.272558e+01 2.669403e+00 3.085179e+01
    endloop
  endfacet
  facet normal 7.599932e-01 -3.643100e-01 5.382272e-01
    outer loop
      vertex   3.272558e+01 2.669403e+00 3.085179e+01
      vertex   3.272580e+01 3.075498e+00 3.112636e+01
      vertex   3.245981e+01 2.516264e+00 3.112341e+01
    endloop
  endfacet
  facet normal 7.438582e-01 -4.955496e-01 4.484479e-01
    outer loop
      vertex   3.272558e+01 2.669403e+00 3.085179e+01
      vertex   3.245981e+01 2.516264e+00 3.112341e+01
      vertex   3.236424e+01 2.122777e+00 3.084713e+01
    endloop
  endfacet
  facet normal 6.647089e-01 -5.306849e-01 5.258665e-01
    outer loop
      vertex   3.236424e+01 2.122777e+00 3.084713e+01
      vertex   3.245981e+01 2.516264e+00 3.112341e+01
      vertex   3.203661e+01 2.016941e+00 3.115446e+01
    endloop
  endfacet
  facet normal 6.191828e-01 -6.537888e-01 4.349400e-01
    outer loop
      vertex   3.236424e+01 2.122777e+00 3.084713e+01
      vertex   3.203661e+01 2.016941e+00 3.115446e+01
      vertex   3.185729e+01 1.658959e+00 3.087162e+01
    endloop
  endfacet
  facet normal 5.226787e-01 -6.741337e-01 5.218723e-01
    outer loop
      vertex   3.185729e+01 1.658959e+00 3.087162e+01
      vertex   3.203661e+01 2.016941e+00 3.115446e+01
      vertex   3.147775e+01 1.619061e+00 3.120021e+01
    endloop
  endfacet
  facet normal 4.526563e-01 -7.823317e-01 4.278545e-01
    outer loop
      vertex   3.185729e+01 1.658959e+00 3.087162e+01
      vertex   3.147775e+01 1.619061e+00 3.120021e+01
      vertex   3.123247e+01 1.315126e+00 3.090397e+01
    endloop
  endfacet
  facet normal 3.424213e-01 -7.827923e-01 5.195998e-01
    outer loop
      vertex   3.123247e+01 1.315126e+00 3.090397e+01
      vertex   3.147775e+01 1.619061e+00 3.120021e+01
      vertex   3.081586e+01 1.354078e+00 3.123720e+01
    endloop
  endfacet
  facet normal 2.545659e-01 -8.710507e-01 4.200795e-01
    outer loop
      vertex   3.123247e+01 1.315126e+00 3.090397e+01
      vertex   3.081586e+01 1.354078e+00 3.123720e+01
      vertex   3.052725e+01 1.116719e+00 3.091993e+01
    endloop
  endfacet
  facet normal 1.355805e-01 -8.485353e-01 5.114741e-01
    outer loop
      vertex   3.052725e+01 1.116719e+00 3.091993e+01
      vertex   3.081586e+01 1.354078e+00 3.123720e+01
      vertex   3.009197e+01 1.240436e+00 3.124056e+01
    endloop
  endfacet
  facet normal 3.782141e-02 -9.139732e-01 4.040081e-01
    outer loop
      vertex   3.052725e+01 1.116719e+00 3.091993e+01
      vertex   3.009197e+01 1.240436e+00 3.124056e+01
      vertex   2.978579e+01 1.075132e+00 3.089526e+01
    endloop
  endfacet
  facet normal 7.599932e-01 -3.643100e-01 5.382272e-01
    outer loop
      vertex   3.272580e+01 3.075498e+00 3.112636e+01
      vertex   3.249908e+01 2.944860e+00 3.135807e+01
      vertex   3.245981e+01 2.516264e+00 3.112341e+01
    endloop
  endfacet
  facet normal 6.933076e-01 -3.939125e-01 6.034546e-01
    outer loop
      vertex   3.245981e+01 2.516264e+00 3.112341e+01
      vertex   3.249908e+01 2.944860e+00 3.135807e+01
      vertex   3.216895e+01 2.422308e+00 3.139625e+01
    endloop
  endfacet
  facet normal 6.647089e-01 -5.306849e-01 5.258665e-01
    outer loop
      vertex   3.245981e+01 2.516264e+00 3.112341e+01
      vertex   3.216895e+01 2.422308e+00 3.139625e+01
      vertex   3.203661e+01 2.016941e+00 3.115446e+01
    endloop
  endfacet
  facet normal 5.794437e-01 -5.486604e-01 6.026746e-01
    outer loop
      vertex   3.203661e+01 2.016941e+00 3.115446e+01
      vertex   3.216895e+01 2.422308e+00 3.139625e+01
      vertex   3.168878e+01 1.980378e+00 3.145559e+01
    endloop
  endfacet
  facet normal 5.226787e-01 -6.741337e-01 5.218723e-01
    outer loop
      vertex   3.203661e+01 2.016941e+00 3.115446e+01
      vertex   3.168878e+01 1.980378e+00 3.145559e+01
      vertex   3.147775e+01 1.619061e+00 3.120021e+01
    endloop
  endfacet
  facet normal 4.216288e-01 -6.745559e-01 6.059731e-01
    outer loop
      vertex   3.147775e+01 1.619061e+00 3.120021e+01
      vertex   3.168878e+01 1.980378e+00 3.145559e+01
      vertex   3.108552e+01 1.655735e+00 3.151395e+01
    endloop
  endfacet
  facet normal 3.424213e-01 -7.827923e-01 5.195998e-01
    outer loop
      vertex   3.147775e+01 1.619061e+00 3.120021e+01
      vertex   3.108552e+01 1.655735e+00 3.151395e+01
      vertex   3.081586e+01 1.354078e+00 3.123720e+01
    endloop
  endfacet
  facet normal 2.299418e-01 -7.615079e-01 6.059971e-01
    outer loop
      vertex   3.081586e+01 1.354078e+00 3.123720e+01
      vertex   3.108552e+01 1.655735e+00 3.151395e+01
      vertex   3.039605e+01 1.473400e+00 3.154644e+01
    endloop
  endfacet
  facet normal 1.355805e-01 -8.485353e-01 5.114741e-01
    outer loop
      vertex   3.081586e+01 1.354078e+00 3.123720e+01
      vertex   3.039605e+01 1.473400e+00 3.154644e+01
      vertex   3.009197e+01 1.240436e+00 3.124056e+01
    endloop
  endfacet
  facet normal 6.933076e-01 -3.939125e-01 6.034546e-01
    outer loop
      vertex   3.249908e+01 2.944860e+00 3.135807e+01
      vertex   3.225096e+01 2.864710e+00 3.159082e+01
      vertex   3.216895e+01 2.422308e+00 3.139625e+01
    endloop
  endfacet
  facet normal 6.214693e-01 -4.090574e-01 6.681676e-01
    outer loop
      vertex   3.216895e+01 2.422308e+00 3.139625e+01
      vertex   3.225096e+01 2.864710e+00 3.159082e+01
      vertex   3.186017e+01 2.389849e+00 3.166358e+01
    endloop
  endfacet
  facet normal 5.794437e-01 -5.486604e-01 6.026746e-01
    outer loop
      vertex   3.216895e+01 2.422308e+00 3.139625e+01
      vertex   3.186017e+01 2.389849e+00 3.166358e+01
      vertex   3.168878e+01 1.980378e+00 3.145559e+01
    endloop
  endfacet
  facet normal 4.901622e-01 -5.490335e-01 6.769810e-01
    outer loop
      vertex   3.168878e+01 1.980378e+00 3.145559e+01
      vertex   3.186017e+01 2.389849e+00 3.166358e+01
      vertex   3.132933e+01 2.013986e+00 3.174310e+01
    endloop
  endfacet
  facet normal 4.216288e-01 -6.745559e-01 6.059731e-01
    outer loop
      vertex   3.168878e+01 1.980378e+00 3.145559e+01
      vertex   3.132933e+01 2.013986e+00 3.174310e+01
      vertex   3.108552e+01 1.655735e+00 3.151395e+01
    endloop
  endfacet
  facet normal 3.185215e-01 -6.550451e-01 6.851715e-01
    outer loop
      vertex   3.108552e+01 1.655735e+00 3.151395e+01
      vertex   3.132933e+01 2.013986e+00 3.174310e+01
      vertex   3.069026e+01 1.768076e+00 3.180509e+01
    endloop
  endfacet
  facet normal 2.299418e-01 -7.615079e-01 6.059971e-01
    outer loop
      vertex   3.108552e+01 1.655735e+00 3.151395e+01
      vertex   3.069026e+01 1.768076e+00 3.180509e+01
      vertex   3.039605e+01 1.473400e+00 3.154644e+01
    endloop
  endfacet
  facet normal 3.189415e-01 -3.230718e-01 8.910112e-01
    outer loop
      vertex   3.090339e+01 2.661789e+00 3.236835e+01
      vertex   3.117135e+01 3.069003e+00 3.242008e+01
      vertex   3.060052e+01 2.868095e+00 3.255157e+01
    endloop
  endfacet
  facet normal 3.189415e-01 -3.230718e-01 8.910112e-01
    outer loop
      vertex   3.060052e+01 2.868095e+00 3.255157e+01
      vertex   3.117135e+01 3.069003e+00 3.242008e+01
      vertex   3.091298e+01 3.244996e+00 3.257638e+01
    endloop
  endfacet
  facet normal 2.488508e-01 -2.675872e-01 9.308439e-01
    outer loop
      vertex   3.060052e+01 2.868095e+00 3.255157e+01
      vertex   3.091298e+01 3.244996e+00 3.257638e+01
      vertex   3.031834e+01 3.124921e+00 3.270083e+01
    endloop
  endfacet
  facet normal 2.488508e-01 -2.675872e-01 9.308439e-01
    outer loop
      vertex   3.031834e+01 3.124921e+00 3.270083e+01
      vertex   3.091298e+01 3.244996e+00 3.257638e+01
      vertex   3.067226e+01 3.464085e+00 3.270371e+01
    endloop
  endfacet
  facet normal 1.845513e-01 -2.007555e-01 9.621008e-01
    outer loop
      vertex   3.031834e+01 3.124921e+00 3.270083e+01
      vertex   3.067226e+01 3.464085e+00 3.270371e+01
      vertex   3.006381e+01 3.425943e+00 3.281247e+01
    endloop
  endfacet
  facet normal 2.203726e-01 -4.466038e-01 8.671684e-01
    outer loop
      vertex   3.061102e+01 2.286702e+00 3.224947e+01
      vertex   3.090339e+01 2.661789e+00 3.236835e+01
      vertex   3.026985e+01 2.519094e+00 3.245586e+01
    endloop
  endfacet
  facet normal 2.203726e-01 -4.466038e-01 8.671684e-01
    outer loop
      vertex   3.026985e+01 2.519094e+00 3.245586e+01
      vertex   3.090339e+01 2.661789e+00 3.236835e+01
      vertex   3.060052e+01 2.868095e+00 3.255157e+01
    endloop
  endfacet
  facet normal 1.371816e-01 -3.807490e-01 9.144460e-01
    outer loop
      vertex   3.026985e+01 2.519094e+00 3.245586e+01
      vertex   3.060052e+01 2.868095e+00 3.255157e+01
      vertex   2.995200e+01 2.808394e+00 3.262400e+01
    endloop
  endfacet
  facet normal 1.371816e-01 -3.807490e-01 9.144460e-01
    outer loop
      vertex   2.995200e+01 2.808394e+00 3.262400e+01
      vertex   3.060052e+01 2.868095e+00 3.255157e+01
      vertex   3.031834e+01 3.124921e+00 3.270083e+01
    endloop
  endfacet
  facet normal 6.086435e-02 -3.014263e-01 9.515449e-01
    outer loop
      vertex   2.995200e+01 2.808394e+00 3.262400e+01
      vertex   3.031834e+01 3.124921e+00 3.270083e+01
      vertex   2.966528e+01 3.147477e+00 3.274975e+01
    endloop
  endfacet
  facet normal 6.086435e-02 -3.014263e-01 9.515449e-01
    outer loop
      vertex   2.966528e+01 3.147477e+00 3.274975e+01
      vertex   3.031834e+01 3.124921e+00 3.270083e+01
      vertex   3.006381e+01 3.425943e+00 3.281247e+01
    endloop
  endfacet
  facet normal -7.290774e-01 5.338527e-01 4.283077e-01
    outer loop
      vertex   3.048323e+01 6.059380e+00 3.232214e+01
      vertex   3.059131e+01 6.028505e+00 3.254461e+01
      vertex   3.209015e+01 6.674823e+00 3.429039e+01
    endloop
  endfacet
  facet normal -7.500628e-01 4.625272e-01 4.727308e-01
    outer loop
      vertex   3.209015e+01 6.674823e+00 3.429039e+01
      vertex   3.059131e+01 6.028505e+00 3.254461e+01
      vertex   3.050042e+01 5.837125e+00 3.258764e+01
    endloop
  endfacet
  facet normal -7.520405e-01 4.519189e-01 4.797961e-01
    outer loop
      vertex   3.209015e+01 6.674823e+00 3.429039e+01
      vertex   3.050042e+01 5.837125e+00 3.258764e+01
      vertex   3.200522e+01 6.341025e+00 3.447167e+01
    endloop
  endfacet
  facet normal -7.729080e-01 3.634216e-01 5.201326e-01
    outer loop
      vertex   3.200522e+01 6.341025e+00 3.447167e+01
      vertex   3.050042e+01 5.837125e+00 3.258764e+01
      vertex   3.042479e+01 5.635234e+00 3.261633e+01
    endloop
  endfacet
  facet normal -7.817653e-01 2.568390e-01 5.682224e-01
    outer loop
      vertex   3.200522e+01 6.341025e+00 3.447167e+01
      vertex   3.042479e+01 5.635234e+00 3.261633e+01
      vertex   3.198539e+01 5.977292e+00 3.460880e+01
    endloop
  endfacet
  facet normal -7.814834e-01 2.589948e-01 5.676314e-01
    outer loop
      vertex   3.198539e+01 5.977292e+00 3.460880e+01
      vertex   3.042479e+01 5.635234e+00 3.261633e+01
      vertex   3.036542e+01 5.425426e+00 3.263031e+01
    endloop
  endfacet
  facet normal -7.833976e-01 1.010803e-01 6.132463e-01
    outer loop
      vertex   3.198539e+01 5.977292e+00 3.460880e+01
      vertex   3.036542e+01 5.425426e+00 3.263031e+01
      vertex   3.039527e+01 5.048220e+00 3.273062e+01
    endloop
  endfacet
  facet normal -7.743131e-01 4.999628e-02 6.308246e-01
    outer loop
      vertex   3.198539e+01 5.977292e+00 3.460880e+01
      vertex   3.039527e+01 5.048220e+00 3.273062e+01
      vertex   3.203159e+01 5.600632e+00 3.469536e+01
    endloop
  endfacet
  facet normal -7.483997e-01 -1.096319e-01 6.541244e-01
    outer loop
      vertex   3.203159e+01 5.600632e+00 3.469536e+01
      vertex   3.039527e+01 5.048220e+00 3.273062e+01
      vertex   3.049056e+01 4.671316e+00 3.277647e+01
    endloop
  endfacet
  facet normal -7.306817e-01 -1.591947e-01 6.638986e-01
    outer loop
      vertex   3.203159e+01 5.600632e+00 3.469536e+01
      vertex   3.049056e+01 4.671316e+00 3.277647e+01
      vertex   3.214165e+01 5.228657e+00 3.472730e+01
    endloop
  endfacet
  facet normal -6.780938e-01 -3.151943e-01 6.639589e-01
    outer loop
      vertex   3.214165e+01 5.228657e+00 3.472730e+01
      vertex   3.049056e+01 4.671316e+00 3.277647e+01
      vertex   3.064677e+01 4.312538e+00 3.276569e+01
    endloop
  endfacet
  facet normal -6.527991e-01 -3.609080e-01 6.660320e-01
    outer loop
      vertex   3.214165e+01 5.228657e+00 3.472730e+01
      vertex   3.064677e+01 4.312538e+00 3.276569e+01
      vertex   3.231043e+01 4.878761e+00 3.470312e+01
    endloop
  endfacet
  facet normal -5.758037e-01 -5.058840e-01 6.422862e-01
    outer loop
      vertex   3.231043e+01 4.878761e+00 3.470312e+01
      vertex   3.064677e+01 4.312538e+00 3.276569e+01
      vertex   3.085651e+01 3.988857e+00 3.269878e+01
    endloop
  endfacet
  facet normal -5.443086e-01 -5.457122e-01 6.371235e-01
    outer loop
      vertex   3.231043e+01 4.878761e+00 3.470312e+01
      vertex   3.085651e+01 3.988857e+00 3.269878e+01
      vertex   3.253004e+01 4.567303e+00 3.462397e+01
    endloop
  endfacet
  facet normal -4.463658e-01 -6.726816e-01 5.901332e-01
    outer loop
      vertex   3.253004e+01 4.567303e+00 3.462397e+01
      vertex   3.085651e+01 3.988857e+00 3.269878e+01
      vertex   3.110987e+01 3.715581e+00 3.257892e+01
    endloop
  endfacet
  facet normal -4.102843e-01 -7.049667e-01 5.785229e-01
    outer loop
      vertex   3.253004e+01 4.567303e+00 3.462397e+01
      vertex   3.110987e+01 3.715581e+00 3.257892e+01
      vertex   3.279021e+01 4.308848e+00 3.449353e+01
    endloop
  endfacet
  facet normal -2.959005e-01 -8.076976e-01 5.099681e-01
    outer loop
      vertex   3.279021e+01 4.308848e+00 3.449353e+01
      vertex   3.110987e+01 3.715581e+00 3.257892e+01
      vertex   3.139487e+01 3.505635e+00 3.241176e+01
    endloop
  endfacet
  facet normal -2.569947e-01 -8.312254e-01 4.929686e-01
    outer loop
      vertex   3.279021e+01 4.308848e+00 3.449353e+01
      vertex   3.139487e+01 3.505635e+00 3.241176e+01
      vertex   3.307876e+01 4.115481e+00 3.431791e+01
    endloop
  endfacet
  facet normal -1.315228e-01 -9.045458e-01 4.055843e-01
    outer loop
      vertex   3.307876e+01 4.115481e+00 3.431791e+01
      vertex   3.139487e+01 3.505635e+00 3.241176e+01
      vertex   3.169801e+01 3.368948e+00 3.220522e+01
    endloop
  endfacet
  facet normal -9.160869e-02 -9.185853e-01 3.844593e-01
    outer loop
      vertex   3.307876e+01 4.115481e+00 3.431791e+01
      vertex   3.169801e+01 3.368948e+00 3.220522e+01
      vertex   3.338222e+01 3.996242e+00 3.410533e+01
    endloop
  endfacet
  facet normal 3.899444e-02 -9.586450e-01 2.819205e-01
    outer loop
      vertex   3.338222e+01 3.996242e+00 3.410533e+01
      vertex   3.169801e+01 3.368948e+00 3.220522e+01
      vertex   3.200497e+01 3.311985e+00 3.196907e+01
    endloop
  endfacet
  facet normal 7.813878e-02 -9.629620e-01 2.580668e-01
    outer loop
      vertex   3.338222e+01 3.996242e+00 3.410533e+01
      vertex   3.200497e+01 3.311985e+00 3.196907e+01
      vertex   3.368639e+01 3.956708e+00 3.386571e+01
    endloop
  endfacet
  facet normal 2.075881e-01 -9.674359e-01 1.448274e-01
    outer loop
      vertex   3.368639e+01 3.956708e+00 3.386571e+01
      vertex   3.200497e+01 3.311985e+00 3.196907e+01
      vertex   3.230123e+01 3.337441e+00 3.171447e+01
    endloop
  endfacet
  facet normal 2.443090e-01 -9.622812e-01 1.196993e-01
    outer loop
      vertex   3.368639e+01 3.956708e+00 3.386571e+01
      vertex   3.230123e+01 3.337441e+00 3.171447e+01
      vertex   3.397705e+01 3.998728e+00 3.361027e+01
    endloop
  endfacet
  facet normal 3.662858e-01 -9.305021e-01 7.908525e-04
    outer loop
      vertex   3.397705e+01 3.998728e+00 3.361027e+01
      vertex   3.230123e+01 3.337441e+00 3.171447e+01
      vertex   3.257278e+01 3.444111e+00 3.145346e+01
    endloop
  endfacet
  facet normal 3.991304e-01 -9.165754e-01 -2.417520e-02
    outer loop
      vertex   3.397705e+01 3.998728e+00 3.361027e+01
      vertex   3.257278e+01 3.444111e+00 3.145346e+01
      vertex   3.424061e+01 4.120335e+00 3.335094e+01
    endloop
  endfacet
  facet normal 5.075836e-01 -8.495896e-01 -1.433749e-01
    outer loop
      vertex   3.424061e+01 4.120335e+00 3.335094e+01
      vertex   3.257278e+01 3.444111e+00 3.145346e+01
      vertex   3.280676e+01 3.626950e+00 3.119840e+01
    endloop
  endfacet
  facet normal 5.353622e-01 -8.279823e-01 -1.668313e-01
    outer loop
      vertex   3.424061e+01 4.120335e+00 3.335094e+01
      vertex   3.280676e+01 3.626950e+00 3.119840e+01
      vertex   3.446474e+01 4.315845e+00 3.309987e+01
    endloop
  endfacet
  facet normal 6.248002e-01 -7.285248e-01 -2.808493e-01
    outer loop
      vertex   3.446474e+01 4.315845e+00 3.309987e+01
      vertex   3.280676e+01 3.626950e+00 3.119840e+01
      vertex   3.299213e+01 3.877311e+00 3.096134e+01
    endloop
  endfacet
  facet normal 6.466326e-01 -7.006450e-01 -3.016005e-01
    outer loop
      vertex   3.446474e+01 4.315845e+00 3.309987e+01
      vertex   3.299213e+01 3.877311e+00 3.096134e+01
      vertex   3.463896e+01 4.576115e+00 3.286877e+01
    endloop
  endfacet
  facet normal 7.123934e-01 -5.730328e-01 -4.051285e-01
    outer loop
      vertex   3.463896e+01 4.576115e+00 3.286877e+01
      vertex   3.299213e+01 3.877311e+00 3.096134e+01
      vertex   3.312010e+01 4.183353e+00 3.075349e+01
    endloop
  endfacet
  facet normal 7.277371e-01 -5.405185e-01 -4.221831e-01
    outer loop
      vertex   3.463896e+01 4.576115e+00 3.286877e+01
      vertex   3.312010e+01 4.183353e+00 3.075349e+01
      vertex   3.475514e+01 4.888976e+00 3.266847e+01
    endloop
  endfacet
  facet normal 7.662221e-01 -3.904670e-01 -5.103324e-01
    outer loop
      vertex   3.475514e+01 4.888976e+00 3.266847e+01
      vertex   3.312010e+01 4.183353e+00 3.075349e+01
      vertex   3.318463e+01 4.530600e+00 3.058469e+01
    endloop
  endfacet
  facet normal 7.748815e-01 -3.550906e-01 -5.229429e-01
    outer loop
      vertex   3.475514e+01 4.888976e+00 3.266847e+01
      vertex   3.318463e+01 4.530600e+00 3.058469e+01
      vertex   3.480782e+01 5.239797e+00 3.250832e+01
    endloop
  endfacet
  facet normal 7.837423e-01 -1.894613e-01 -5.914833e-01
    outer loop
      vertex   3.480782e+01 5.239797e+00 3.250832e+01
      vertex   3.318463e+01 4.530600e+00 3.058469e+01
      vertex   3.318267e+01 4.902631e+00 3.046292e+01
    endloop
  endfacet
  facet normal 7.858598e-01 -1.530325e-01 -5.991707e-01
    outer loop
      vertex   3.480782e+01 5.239797e+00 3.250832e+01
      vertex   3.318267e+01 4.902631e+00 3.046292e+01
      vertex   3.479456e+01 5.612177e+00 3.239582e+01
    endloop
  endfacet
  facet normal 7.641269e-01 2.047815e-02 -6.447408e-01
    outer loop
      vertex   3.479456e+01 5.612177e+00 3.239582e+01
      vertex   3.318267e+01 4.902631e+00 3.046292e+01
      vertex   3.311430e+01 5.281848e+00 3.039393e+01
    endloop
  endfacet
  facet normal 7.601567e-01 5.620703e-02 -6.473040e-01
    outer loop
      vertex   3.479456e+01 5.612177e+00 3.239582e+01
      vertex   3.311430e+01 5.281848e+00 3.039393e+01
      vertex   3.471597e+01 5.988701e+00 3.233622e+01
    endloop
  endfacet
  facet normal 7.083056e-01 2.294228e-01 -6.675839e-01
    outer loop
      vertex   3.471597e+01 5.988701e+00 3.233622e+01
      vertex   3.311430e+01 5.281848e+00 3.039393e+01
      vertex   3.298276e+01 5.650318e+00 3.038100e+01
    endloop
  endfacet
  facet normal 6.989725e-01 2.628436e-01 -6.650946e-01
    outer loop
      vertex   3.471597e+01 5.988701e+00 3.233622e+01
      vertex   3.298276e+01 5.650318e+00 3.038100e+01
      vertex   3.457573e+01 6.351765e+00 3.233232e+01
    endloop
  endfacet
  facet normal 6.189203e-01 4.274913e-01 -6.589301e-01
    outer loop
      vertex   3.457573e+01 6.351765e+00 3.233232e+01
      vertex   3.298276e+01 5.650318e+00 3.038100e+01
      vertex   3.279428e+01 5.990612e+00 3.042473e+01
    endloop
  endfacet
  facet normal 6.051660e-01 4.572142e-01 -6.517126e-01
    outer loop
      vertex   3.457573e+01 6.351765e+00 3.233232e+01
      vertex   3.279428e+01 5.990612e+00 3.042473e+01
      vertex   3.438039e+01 6.684392e+00 3.238429e+01
    endloop
  endfacet
  facet normal 5.002003e-01 6.053163e-01 -6.191864e-01
    outer loop
      vertex   3.438039e+01 6.684392e+00 3.238429e+01
      vertex   3.279428e+01 5.990612e+00 3.042473e+01
      vertex   3.255776e+01 6.286636e+00 3.052306e+01
    endloop
  endfacet
  facet normal 4.831217e-01 6.302297e-01 -6.077861e-01
    outer loop
      vertex   3.438039e+01 6.684392e+00 3.238429e+01
      vertex   3.255776e+01 6.286636e+00 3.052306e+01
      vertex   3.413909e+01 6.971028e+00 3.248970e+01
    endloop
  endfacet
  facet normal 3.577627e-01 7.544884e-01 -5.502301e-01
    outer loop
      vertex   3.413909e+01 6.971028e+00 3.248970e+01
      vertex   3.255776e+01 6.286636e+00 3.052306e+01
      vertex   3.228439e+01 6.524389e+00 3.067133e+01
    endloop
  endfacet
  facet normal 3.385445e-01 7.737993e-01 -5.353712e-01
    outer loop
      vertex   3.413909e+01 6.971028e+00 3.248970e+01
      vertex   3.228439e+01 6.524389e+00 3.067133e+01
      vertex   3.386311e+01 7.198272e+00 3.264363e+01
    endloop
  endfacet
  facet normal 1.983460e-01 8.679530e-01 -4.553203e-01
    outer loop
      vertex   3.386311e+01 7.198272e+00 3.264363e+01
      vertex   3.228439e+01 6.524389e+00 3.067133e+01
      vertex   3.198711e+01 6.692627e+00 3.086253e+01
    endloop
  endfacet
  facet normal 1.781925e-01 8.812089e-01 -4.378564e-01
    outer loop
      vertex   3.386311e+01 7.198272e+00 3.264363e+01
      vertex   3.198711e+01 6.692627e+00 3.086253e+01
      vertex   3.356535e+01 7.355497e+00 3.283888e+01
    endloop
  endfacet
  facet normal 2.949188e-02 9.403444e-01 -3.389435e-01
    outer loop
      vertex   3.356535e+01 7.355497e+00 3.283888e+01
      vertex   3.198711e+01 6.692627e+00 3.086253e+01
      vertex   3.167997e+01 6.783393e+00 3.108762e+01
    endloop
  endfacet
  facet normal 9.561831e-03 9.474356e-01 -3.198036e-01
    outer loop
      vertex   3.356535e+01 7.355497e+00 3.283888e+01
      vertex   3.167997e+01 6.783393e+00 3.108762e+01
      vertex   3.325975e+01 7.435351e+00 3.306631e+01
    endloop
  endfacet
  facet normal -1.408114e-01 9.682396e-01 -2.066014e-01
    outer loop
      vertex   3.325975e+01 7.435351e+00 3.306631e+01
      vertex   3.167997e+01 6.783393e+00 3.108762e+01
      vertex   3.137750e+01 6.792393e+00 3.133595e+01
    endloop
  endfacet
  facet normal -1.594646e-01 9.693817e-01 -1.867353e-01
    outer loop
      vertex   3.325975e+01 7.435351e+00 3.306631e+01
      vertex   3.137750e+01 6.792393e+00 3.133595e+01
      vertex   3.296058e+01 7.434101e+00 3.331530e+01
    endloop
  endfacet
  facet normal -3.045073e-01 9.503202e-01 -6.455088e-02
    outer loop
      vertex   3.296058e+01 7.434101e+00 3.331530e+01
      vertex   3.137750e+01 6.792393e+00 3.133595e+01
      vertex   3.109400e+01 6.719203e+00 3.159578e+01
    endloop
  endfacet
  facet normal -3.209853e-01 9.460204e-01 -4.487601e-02
    outer loop
      vertex   3.296058e+01 7.434101e+00 3.331530e+01
      vertex   3.109400e+01 6.719203e+00 3.159578e+01
      vertex   3.268184e+01 7.351805e+00 3.357420e+01
    endloop
  endfacet
  facet normal -4.538516e-01 8.874344e-01 8.049217e-02
    outer loop
      vertex   3.268184e+01 7.351805e+00 3.357420e+01
      vertex   3.109400e+01 6.719203e+00 3.159578e+01
      vertex   3.084289e+01 6.567283e+00 3.185482e+01
    endloop
  endfacet
  facet normal -4.674499e-01 8.784430e-01 9.913863e-02
    outer loop
      vertex   3.268184e+01 7.351805e+00 3.357420e+01
      vertex   3.084289e+01 6.567283e+00 3.185482e+01
      vertex   3.243656e+01 7.192311e+00 3.383091e+01
    endloop
  endfacet
  facet normal -5.817787e-01 7.825572e-01 2.216703e-01
    outer loop
      vertex   3.243656e+01 7.192311e+00 3.383091e+01
      vertex   3.084289e+01 6.567283e+00 3.185482e+01
      vertex   3.063604e+01 6.343819e+00 3.210082e+01
    endloop
  endfacet
  facet normal -5.920117e-01 7.698087e-01 2.385722e-01
    outer loop
      vertex   3.243656e+01 7.192311e+00 3.383091e+01
      vertex   3.063604e+01 6.343819e+00 3.210082e+01
      vertex   3.223620e+01 6.963078e+00 3.407342e+01
    endloop
  endfacet
  facet normal -6.822362e-01 6.406499e-01 3.523089e-01
    outer loop
      vertex   3.223620e+01 6.963078e+00 3.407342e+01
      vertex   3.063604e+01 6.343819e+00 3.210082e+01
      vertex   3.048323e+01 6.059380e+00 3.232214e+01
    endloop
  endfacet
  facet normal -6.888487e-01 6.251962e-01 3.669023e-01
    outer loop
      vertex   3.223620e+01 6.963078e+00 3.407342e+01
      vertex   3.048323e+01 6.059380e+00 3.232214e+01
      vertex   3.209015e+01 6.674823e+00 3.429039e+01
    endloop
  endfacet
  facet normal 6.192362e-01 2.472123e-01 7.452735e-01
    outer loop
      vertex   3.338222e+01 3.996242e+00 3.410533e+01
      vertex   3.368639e+01 3.956708e+00 3.386571e+01
      vertex   3.354191e+01 4.828769e+00 3.369649e+01
    endloop
  endfacet
  facet normal 6.192362e-01 2.472123e-01 7.452735e-01
    outer loop
      vertex   3.354191e+01 4.828769e+00 3.369649e+01
      vertex   3.368639e+01 3.956708e+00 3.386571e+01
      vertex   3.397705e+01 3.998728e+00 3.361027e+01
    endloop
  endfacet
  facet normal 6.192362e-01 2.472123e-01 7.452735e-01
    outer loop
      vertex   3.354191e+01 4.828769e+00 3.369649e+01
      vertex   3.397705e+01 3.998728e+00 3.361027e+01
      vertex   3.371603e+01 4.859232e+00 3.354171e+01
    endloop
  endfacet
  facet normal 6.192362e-01 2.472123e-01 7.452735e-01
    outer loop
      vertex   3.371603e+01 4.859232e+00 3.354171e+01
      vertex   3.397705e+01 3.998728e+00 3.361027e+01
      vertex   3.424061e+01 4.120335e+00 3.335094e+01
    endloop
  endfacet
  facet normal 6.192362e-01 2.472123e-01 7.452735e-01
    outer loop
      vertex   3.371603e+01 4.859232e+00 3.354171e+01
      vertex   3.424061e+01 4.120335e+00 3.335094e+01
      vertex   3.386843e+01 4.947048e+00 3.338595e+01
    endloop
  endfacet
  facet normal 6.192362e-01 2.472123e-01 7.452735e-01
    outer loop
      vertex   3.386843e+01 4.947048e+00 3.338595e+01
      vertex   3.424061e+01 4.120335e+00 3.335094e+01
      vertex   3.446474e+01 4.315845e+00 3.309987e+01
    endloop
  endfacet
  facet normal 6.192362e-01 2.472123e-01 7.452735e-01
    outer loop
      vertex   3.386843e+01 4.947048e+00 3.338595e+01
      vertex   3.446474e+01 4.315845e+00 3.309987e+01
      vertex   3.398874e+01 5.086233e+00 3.323982e+01
    endloop
  endfacet
  facet normal 6.192362e-01 2.472123e-01 7.452735e-01
    outer loop
      vertex   3.398874e+01 5.086233e+00 3.323982e+01
      vertex   3.446474e+01 4.315845e+00 3.309987e+01
      vertex   3.463896e+01 4.576115e+00 3.286877e+01
    endloop
  endfacet
  facet normal 6.192362e-01 2.472123e-01 7.452735e-01
    outer loop
      vertex   3.398874e+01 5.086233e+00 3.323982e+01
      vertex   3.463896e+01 4.576115e+00 3.286877e+01
      vertex   3.406875e+01 5.267302e+00 3.311328e+01
    endloop
  endfacet
  facet normal 6.192362e-01 2.472123e-01 7.452735e-01
    outer loop
      vertex   3.406875e+01 5.267302e+00 3.311328e+01
      vertex   3.463896e+01 4.576115e+00 3.286877e+01
      vertex   3.475514e+01 4.888976e+00 3.266847e+01
    endloop
  endfacet
  facet normal 6.192362e-01 2.472123e-01 7.452735e-01
    outer loop
      vertex   3.406875e+01 5.267302e+00 3.311328e+01
      vertex   3.475514e+01 4.888976e+00 3.266847e+01
      vertex   3.410301e+01 5.477915e+00 3.301495e+01
    endloop
  endfacet
  facet normal 6.192362e-01 2.472123e-01 7.452735e-01
    outer loop
      vertex   3.410301e+01 5.477915e+00 3.301495e+01
      vertex   3.475514e+01 4.888976e+00 3.266847e+01
      vertex   3.480782e+01 5.239797e+00 3.250832e+01
    endloop
  endfacet
  facet normal 6.192362e-01 2.472123e-01 7.452735e-01
    outer loop
      vertex   3.410301e+01 5.477915e+00 3.301495e+01
      vertex   3.480782e+01 5.239797e+00 3.250832e+01
      vertex   3.479456e+01 5.612177e+00 3.239582e+01
    endloop
  endfacet
  facet normal 6.192362e-01 2.472123e-01 7.452735e-01
    outer loop
      vertex   3.410301e+01 5.477915e+00 3.301495e+01
      vertex   3.479456e+01 5.612177e+00 3.239582e+01
      vertex   3.408919e+01 5.703720e+00 3.295154e+01
    endloop
  endfacet
  facet normal 6.192362e-01 2.472123e-01 7.452735e-01
    outer loop
      vertex   3.408919e+01 5.703720e+00 3.295154e+01
      vertex   3.479456e+01 5.612177e+00 3.239582e+01
      vertex   3.471597e+01 5.988701e+00 3.233622e+01
    endloop
  endfacet
  facet normal 6.192362e-01 2.472123e-01 7.452735e-01
    outer loop
      vertex   3.408919e+01 5.703720e+00 3.295154e+01
      vertex   3.471597e+01 5.988701e+00 3.233622e+01
      vertex   3.402822e+01 5.929327e+00 3.292736e+01
    endloop
  endfacet
  facet normal 6.192362e-01 2.472123e-01 7.452735e-01
    outer loop
      vertex   3.402822e+01 5.929327e+00 3.292736e+01
      vertex   3.471597e+01 5.988701e+00 3.233622e+01
      vertex   3.457573e+01 6.351765e+00 3.233232e+01
    endloop
  endfacet
  facet normal 6.192362e-01 2.472123e-01 7.452735e-01
    outer loop
      vertex   3.402822e+01 5.929327e+00 3.292736e+01
      vertex   3.457573e+01 6.351765e+00 3.233232e+01
      vertex   3.392427e+01 6.139363e+00 3.294406e+01
    endloop
  endfacet
  facet normal 6.192362e-01 2.472123e-01 7.452735e-01
    outer loop
      vertex   3.392427e+01 6.139363e+00 3.294406e+01
      vertex   3.457573e+01 6.351765e+00 3.233232e+01
      vertex   3.438039e+01 6.684392e+00 3.238429e+01
    endloop
  endfacet
  facet normal 6.192362e-01 2.472123e-01 7.452735e-01
    outer loop
      vertex   3.392427e+01 6.139363e+00 3.294406e+01
      vertex   3.438039e+01 6.684392e+00 3.238429e+01
      vertex   3.378441e+01 6.319513e+00 3.300051e+01
    endloop
  endfacet
  facet normal 6.192362e-01 2.472123e-01 7.452735e-01
    outer loop
      vertex   3.378441e+01 6.319513e+00 3.300051e+01
      vertex   3.438039e+01 6.684392e+00 3.238429e+01
      vertex   3.413909e+01 6.971028e+00 3.248970e+01
    endloop
  endfacet
  facet normal 6.192362e-01 2.472123e-01 7.452735e-01
    outer loop
      vertex   3.378441e+01 6.319513e+00 3.300051e+01
      vertex   3.413909e+01 6.971028e+00 3.248970e+01
      vertex   3.361819e+01 6.457501e+00 3.309285e+01
    endloop
  endfacet
  facet normal 6.192362e-01 2.472123e-01 7.452735e-01
    outer loop
      vertex   3.361819e+01 6.457501e+00 3.309285e+01
      vertex   3.413909e+01 6.971028e+00 3.248970e+01
      vertex   3.386311e+01 7.198272e+00 3.264363e+01
    endloop
  endfacet
  facet normal 6.192362e-01 2.472123e-01 7.452735e-01
    outer loop
      vertex   3.361819e+01 6.457501e+00 3.309285e+01
      vertex   3.386311e+01 7.198272e+00 3.264363e+01
      vertex   3.356535e+01 7.355497e+00 3.283888e+01
    endloop
  endfacet
  facet normal 6.192362e-01 2.472123e-01 7.452735e-01
    outer loop
      vertex   3.361819e+01 6.457501e+00 3.309285e+01
      vertex   3.356535e+01 7.355497e+00 3.283888e+01
      vertex   3.343691e+01 6.543923e+00 3.321480e+01
    endloop
  endfacet
  facet normal 6.192362e-01 2.472123e-01 7.452735e-01
    outer loop
      vertex   3.343691e+01 6.543923e+00 3.321480e+01
      vertex   3.356535e+01 7.355497e+00 3.283888e+01
      vertex   3.325975e+01 7.435351e+00 3.306631e+01
    endloop
  endfacet
  facet normal 6.192362e-01 2.472123e-01 7.452735e-01
    outer loop
      vertex   3.343691e+01 6.543923e+00 3.321480e+01
      vertex   3.325975e+01 7.435351e+00 3.306631e+01
      vertex   3.325295e+01 6.572890e+00 3.335805e+01
    endloop
  endfacet
  facet normal 6.192362e-01 2.472123e-01 7.452735e-01
    outer loop
      vertex   3.325295e+01 6.572890e+00 3.335805e+01
      vertex   3.325975e+01 7.435351e+00 3.306631e+01
      vertex   3.296058e+01 7.434101e+00 3.331530e+01
    endloop
  endfacet
  facet normal 6.192362e-01 2.472123e-01 7.452735e-01
    outer loop
      vertex   3.325295e+01 6.572890e+00 3.335805e+01
      vertex   3.296058e+01 7.434101e+00 3.331530e+01
      vertex   3.307883e+01 6.542427e+00 3.351282e+01
    endloop
  endfacet
  facet normal 6.192362e-01 2.472123e-01 7.452735e-01
    outer loop
      vertex   3.307883e+01 6.542427e+00 3.351282e+01
      vertex   3.296058e+01 7.434101e+00 3.331530e+01
      vertex   3.268184e+01 7.351805e+00 3.357420e+01
    endloop
  endfacet
  facet normal 6.192362e-01 2.472123e-01 7.452735e-01
    outer loop
      vertex   3.307883e+01 6.542427e+00 3.351282e+01
      vertex   3.268184e+01 7.351805e+00 3.357420e+01
      vertex   3.292643e+01 6.454610e+00 3.366858e+01
    endloop
  endfacet
  facet normal 6.192362e-01 2.472123e-01 7.452735e-01
    outer loop
      vertex   3.292643e+01 6.454610e+00 3.366858e+01
      vertex   3.268184e+01 7.351805e+00 3.357420e+01
      vertex   3.243656e+01 7.192311e+00 3.383091e+01
    endloop
  endfacet
  facet normal 6.192362e-01 2.472123e-01 7.452735e-01
    outer loop
      vertex   3.292643e+01 6.454610e+00 3.366858e+01
      vertex   3.243656e+01 7.192311e+00 3.383091e+01
      vertex   3.223620e+01 6.963078e+00 3.407342e+01
    endloop
  endfacet
  facet normal 6.192362e-01 2.472123e-01 7.452735e-01
    outer loop
      vertex   3.292643e+01 6.454610e+00 3.366858e+01
      vertex   3.223620e+01 6.963078e+00 3.407342e+01
      vertex   3.280612e+01 6.315425e+00 3.381471e+01
    endloop
  endfacet
  facet normal 6.192362e-01 2.472123e-01 7.452735e-01
    outer loop
      vertex   3.280612e+01 6.315425e+00 3.381471e+01
      vertex   3.223620e+01 6.963078e+00 3.407342e+01
      vertex   3.209015e+01 6.674823e+00 3.429039e+01
    endloop
  endfacet
  facet normal 6.192362e-01 2.472123e-01 7.452735e-01
    outer loop
      vertex   3.280612e+01 6.315425e+00 3.381471e+01
      vertex   3.209015e+01 6.674823e+00 3.429039e+01
      vertex   3.272611e+01 6.134356e+00 3.394125e+01
    endloop
  endfacet
  facet normal 6.192362e-01 2.472123e-01 7.452735e-01
    outer loop
      vertex   3.272611e+01 6.134356e+00 3.394125e+01
      vertex   3.209015e+01 6.674823e+00 3.429039e+01
      vertex   3.200522e+01 6.341025e+00 3.447167e+01
    endloop
  endfacet
  facet normal 6.192362e-01 2.472123e-01 7.452735e-01
    outer loop
      vertex   3.272611e+01 6.134356e+00 3.394125e+01
      vertex   3.200522e+01 6.341025e+00 3.447167e+01
      vertex   3.269185e+01 5.923743e+00 3.403958e+01
    endloop
  endfacet
  facet normal 6.192362e-01 2.472123e-01 7.452735e-01
    outer loop
      vertex   3.269185e+01 5.923743e+00 3.403958e+01
      vertex   3.200522e+01 6.341025e+00 3.447167e+01
      vertex   3.198539e+01 5.977292e+00 3.460880e+01
    endloop
  endfacet
  facet normal 6.192362e-01 2.472123e-01 7.452735e-01
    outer loop
      vertex   3.269185e+01 5.923743e+00 3.403958e+01
      vertex   3.198539e+01 5.977292e+00 3.460880e+01
      vertex   3.270567e+01 5.697939e+00 3.410300e+01
    endloop
  endfacet
  facet normal 6.192362e-01 2.472123e-01 7.452735e-01
    outer loop
      vertex   3.270567e+01 5.697939e+00 3.410300e+01
      vertex   3.198539e+01 5.977292e+00 3.460880e+01
      vertex   3.203159e+01 5.600632e+00 3.469536e+01
    endloop
  endfacet
  facet normal 6.192362e-01 2.472123e-01 7.452735e-01
    outer loop
      vertex   3.270567e+01 5.697939e+00 3.410300e+01
      vertex   3.203159e+01 5.600632e+00 3.469536e+01
      vertex   3.276664e+01 5.472331e+00 3.412718e+01
    endloop
  endfacet
  facet normal 6.192362e-01 2.472123e-01 7.452735e-01
    outer loop
      vertex   3.276664e+01 5.472331e+00 3.412718e+01
      vertex   3.203159e+01 5.600632e+00 3.469536e+01
      vertex   3.214165e+01 5.228657e+00 3.472730e+01
    endloop
  endfacet
  facet normal 6.192362e-01 2.472123e-01 7.452735e-01
    outer loop
      vertex   3.276664e+01 5.472331e+00 3.412718e+01
      vertex   3.214165e+01 5.228657e+00 3.472730e+01
      vertex   3.231043e+01 4.878761e+00 3.470312e+01
    endloop
  endfacet
  facet normal 6.192362e-01 2.472123e-01 7.452735e-01
    outer loop
      vertex   3.276664e+01 5.472331e+00 3.412718e+01
      vertex   3.231043e+01 4.878761e+00 3.470312e+01
      vertex   3.287059e+01 5.262296e+00 3.411047e+01
    endloop
  endfacet
  facet normal 6.192362e-01 2.472123e-01 7.452735e-01
    outer loop
      vertex   3.287059e+01 5.262296e+00 3.411047e+01
      vertex   3.231043e+01 4.878761e+00 3.470312e+01
      vertex   3.253004e+01 4.567303e+00 3.462397e+01
    endloop
  endfacet
  facet normal 6.192362e-01 2.472123e-01 7.452735e-01
    outer loop
      vertex   3.287059e+01 5.262296e+00 3.411047e+01
      vertex   3.253004e+01 4.567303e+00 3.462397e+01
      vertex   3.301045e+01 5.082146e+00 3.405403e+01
    endloop
  endfacet
  facet normal 6.192362e-01 2.472123e-01 7.452735e-01
    outer loop
      vertex   3.301045e+01 5.082146e+00 3.405403e+01
      vertex   3.253004e+01 4.567303e+00 3.462397e+01
      vertex   3.279021e+01 4.308848e+00 3.449353e+01
    endloop
  endfacet
  facet normal 6.192362e-01 2.472123e-01 7.452735e-01
    outer loop
      vertex   3.301045e+01 5.082146e+00 3.405403e+01
      vertex   3.279021e+01 4.308848e+00 3.449353e+01
      vertex   3.317668e+01 4.944158e+00 3.396168e+01
    endloop
  endfacet
  facet normal 6.192362e-01 2.472123e-01 7.452735e-01
    outer loop
      vertex   3.317668e+01 4.944158e+00 3.396168e+01
      vertex   3.279021e+01 4.308848e+00 3.449353e+01
      vertex   3.307876e+01 4.115481e+00 3.431791e+01
    endloop
  endfacet
  facet normal 6.192362e-01 2.472123e-01 7.452735e-01
    outer loop
      vertex   3.317668e+01 4.944158e+00 3.396168e+01
      vertex   3.307876e+01 4.115481e+00 3.431791e+01
      vertex   3.335795e+01 4.857735e+00 3.383973e+01
    endloop
  endfacet
  facet normal 6.192362e-01 2.472123e-01 7.452735e-01
    outer loop
      vertex   3.335795e+01 4.857735e+00 3.383973e+01
      vertex   3.307876e+01 4.115481e+00 3.431791e+01
      vertex   3.338222e+01 3.996242e+00 3.410533e+01
    endloop
  endfacet
  facet normal 6.192362e-01 2.472123e-01 7.452735e-01
    outer loop
      vertex   3.335795e+01 4.857735e+00 3.383973e+01
      vertex   3.338222e+01 3.996242e+00 3.410533e+01
      vertex   3.354191e+01 4.828769e+00 3.369649e+01
    endloop
  endfacet
  facet normal -4.641790e-01 3.484272e-01 -8.143319e-01
    outer loop
      vertex   2.929260e+01 2.375337e+00 2.905781e+01
      vertex   2.879779e+01 1.680506e+00 2.904256e+01
      vertex   2.899638e+01 2.477075e+00 2.927019e+01
    endloop
  endfacet
  facet normal -4.127228e-01 3.439157e-01 -8.434345e-01
    outer loop
      vertex   2.899638e+01 2.477075e+00 2.927019e+01
      vertex   2.879779e+01 1.680506e+00 2.904256e+01
      vertex   2.844329e+01 1.844245e+00 2.928279e+01
    endloop
  endfacet
  facet normal -3.656329e-01 3.020237e-01 -8.803944e-01
    outer loop
      vertex   2.899638e+01 2.477075e+00 2.927019e+01
      vertex   2.844329e+01 1.844245e+00 2.928279e+01
      vertex   2.871210e+01 2.652163e+00 2.944832e+01
    endloop
  endfacet
  facet normal -3.267472e-01 2.928172e-01 -8.986069e-01
    outer loop
      vertex   2.871210e+01 2.652163e+00 2.944832e+01
      vertex   2.844329e+01 1.844245e+00 2.928279e+01
      vertex   2.810706e+01 2.083178e+00 2.948291e+01
    endloop
  endfacet
  facet normal -2.724411e-01 2.329450e-01 -9.335483e-01
    outer loop
      vertex   2.871210e+01 2.652163e+00 2.944832e+01
      vertex   2.810706e+01 2.083178e+00 2.948291e+01
      vertex   2.845305e+01 2.892413e+00 2.958387e+01
    endloop
  endfacet
  facet normal -2.476684e-01 2.234965e-01 -9.427140e-01
    outer loop
      vertex   2.845305e+01 2.892413e+00 2.958387e+01
      vertex   2.810706e+01 2.083178e+00 2.948291e+01
      vertex   2.780123e+01 2.388670e+00 2.963569e+01
    endloop
  endfacet
  facet normal -1.885177e-01 1.440015e-01 -9.714549e-01
    outer loop
      vertex   2.845305e+01 2.892413e+00 2.958387e+01
      vertex   2.780123e+01 2.388670e+00 2.963569e+01
      vertex   2.823135e+01 3.186593e+00 2.967050e+01
    endloop
  endfacet
  facet normal -1.786019e-01 1.387712e-01 -9.740862e-01
    outer loop
      vertex   2.823135e+01 3.186593e+00 2.967050e+01
      vertex   2.780123e+01 2.388670e+00 2.963569e+01
      vertex   2.753687e+01 2.749680e+00 2.973559e+01
    endloop
  endfacet
  facet normal -1.201438e-01 4.321024e-02 -9.918157e-01
    outer loop
      vertex   2.823135e+01 3.186593e+00 2.967050e+01
      vertex   2.753687e+01 2.749680e+00 2.973559e+01
      vertex   2.732354e+01 3.153160e+00 2.977901e+01
    endloop
  endfacet
  facet normal -5.021887e-01 3.747265e-01 -7.793501e-01
    outer loop
      vertex   2.879779e+01 1.680506e+00 2.904256e+01
      vertex   2.929260e+01 2.375337e+00 2.905781e+01
      vertex   2.915774e+01 1.597879e+00 2.877089e+01
    endloop
  endfacet
  facet normal -5.639481e-01 3.702389e-01 -7.381637e-01
    outer loop
      vertex   2.915774e+01 1.597879e+00 2.877089e+01
      vertex   2.929260e+01 2.375337e+00 2.905781e+01
      vertex   2.958690e+01 2.351707e+00 2.882112e+01
    endloop
  endfacet
  facet normal -5.915976e-01 3.840299e-01 -7.088959e-01
    outer loop
      vertex   2.915774e+01 1.597879e+00 2.877089e+01
      vertex   2.958690e+01 2.351707e+00 2.882112e+01
      vertex   2.951013e+01 1.599352e+00 2.847761e+01
    endloop
  endfacet
  facet normal -6.607383e-01 3.665035e-01 -6.550573e-01
    outer loop
      vertex   2.951013e+01 1.599352e+00 2.847761e+01
      vertex   2.958690e+01 2.351707e+00 2.882112e+01
      vertex   2.986553e+01 2.407288e+00 2.857117e+01
    endloop
  endfacet
  facet normal -6.774200e-01 3.715062e-01 -6.348900e-01
    outer loop
      vertex   2.951013e+01 1.599352e+00 2.847761e+01
      vertex   2.986553e+01 2.407288e+00 2.857117e+01
      vertex   2.984222e+01 1.684869e+00 2.817331e+01
    endloop
  endfacet
  facet normal -7.504262e-01 3.372618e-01 -5.684321e-01
    outer loop
      vertex   2.984222e+01 1.684869e+00 2.817331e+01
      vertex   2.986553e+01 2.407288e+00 2.857117e+01
      vertex   3.011546e+01 2.539483e+00 2.831965e+01
    endloop
  endfacet
  facet normal -7.562999e-01 3.377474e-01 -5.603009e-01
    outer loop
      vertex   2.984222e+01 1.684869e+00 2.817331e+01
      vertex   3.011546e+01 2.539483e+00 2.831965e+01
      vertex   3.014201e+01 1.851342e+00 2.786900e+01
    endloop
  endfacet
  facet normal -8.254254e-01 2.866353e-01 -4.863262e-01
    outer loop
      vertex   3.014201e+01 1.851342e+00 2.786900e+01
      vertex   3.011546e+01 2.539483e+00 2.831965e+01
      vertex   3.039867e+01 2.092753e+00 2.757567e+01
    endloop
  endfacet
  facet normal -8.288257e-01 2.806514e-01 -4.840276e-01
    outer loop
      vertex   3.039867e+01 2.092753e+00 2.757567e+01
      vertex   3.011546e+01 2.539483e+00 2.831965e+01
      vertex   3.032500e+01 2.742109e+00 2.807833e+01
    endloop
  endfacet
  facet normal -8.830913e-01 2.204377e-01 -4.141944e-01
    outer loop
      vertex   3.039867e+01 2.092753e+00 2.757567e+01
      vertex   3.032500e+01 2.742109e+00 2.807833e+01
      vertex   3.060291e+01 2.400377e+00 2.730393e+01
    endloop
  endfacet
  facet normal -8.912444e-01 1.988622e-01 -4.075995e-01
    outer loop
      vertex   3.060291e+01 2.400377e+00 2.730393e+01
      vertex   3.032500e+01 2.742109e+00 2.807833e+01
      vertex   3.048435e+01 3.005693e+00 2.785850e+01
    endloop
  endfacet
  facet normal -9.269657e-01 1.380250e-01 -3.488319e-01
    outer loop
      vertex   3.060291e+01 2.400377e+00 2.730393e+01
      vertex   3.048435e+01 3.005693e+00 2.785850e+01
      vertex   3.074737e+01 2.763095e+00 2.706359e+01
    endloop
  endfacet
  facet normal -9.351403e-01 9.989948e-02 -3.399011e-01
    outer loop
      vertex   3.074737e+01 2.763095e+00 2.706359e+01
      vertex   3.048435e+01 3.005693e+00 2.785850e+01
      vertex   3.058607e+01 3.317909e+00 2.767042e+01
    endloop
  endfacet
  facet normal -9.552108e-01 4.259662e-02 -2.928446e-01
    outer loop
      vertex   3.074737e+01 2.763095e+00 2.706359e+01
      vertex   3.058607e+01 3.317909e+00 2.767042e+01
      vertex   3.082680e+01 3.167798e+00 2.686334e+01
    endloop
  endfacet
  facet normal -9.588190e-01 -1.201347e-02 -2.837636e-01
    outer loop
      vertex   3.082680e+01 3.167798e+00 2.686334e+01
      vertex   3.058607e+01 3.317909e+00 2.767042e+01
      vertex   3.062539e+01 3.664159e+00 2.752289e+01
    endloop
  endfacet
  facet normal -9.666482e-01 -6.209098e-02 -2.484672e-01
    outer loop
      vertex   3.082680e+01 3.167798e+00 2.686334e+01
      vertex   3.062539e+01 3.664159e+00 2.752289e+01
      vertex   3.083836e+01 3.599858e+00 2.671043e+01
    endloop
  endfacet
  facet normal -9.613508e-01 -1.321606e-01 -2.415332e-01
    outer loop
      vertex   3.083836e+01 3.599858e+00 2.671043e+01
      vertex   3.062539e+01 3.664159e+00 2.752289e+01
      vertex   3.060048e+01 4.028251e+00 2.742281e+01
    endloop
  endfacet
  facet normal -9.608141e-01 -1.718897e-01 -2.174630e-01
    outer loop
      vertex   3.083836e+01 3.599858e+00 2.671043e+01
      vertex   3.060048e+01 4.028251e+00 2.742281e+01
      vertex   3.078161e+01 4.043661e+00 2.661037e+01
    endloop
  endfacet
  facet normal -9.426022e-01 -2.555013e-01 -2.149887e-01
    outer loop
      vertex   3.078161e+01 4.043661e+00 2.661037e+01
      vertex   3.060048e+01 4.028251e+00 2.742281e+01
      vertex   3.051250e+01 4.393163e+00 2.737487e+01
    endloop
  endfacet
  facet normal -9.379800e-01 -2.824440e-01 -2.010446e-01
    outer loop
      vertex   3.078161e+01 4.043661e+00 2.661037e+01
      vertex   3.051250e+01 4.393163e+00 2.737487e+01
      vertex   3.065861e+01 4.483166e+00 2.656678e+01
    endloop
  endfacet
  facet normal -9.032416e-01 -3.768492e-01 -2.052785e-01
    outer loop
      vertex   3.065861e+01 4.483166e+00 2.656678e+01
      vertex   3.051250e+01 4.393163e+00 2.737487e+01
      vertex   3.036557e+01 4.741830e+00 2.738130e+01
    endloop
  endfacet
  facet normal -8.991390e-01 -3.893846e-01 -1.998217e-01
    outer loop
      vertex   3.065861e+01 4.483166e+00 2.656678e+01
      vertex   3.036557e+01 4.741830e+00 2.738130e+01
      vertex   3.047380e+01 4.902488e+00 2.658124e+01
    endloop
  endfacet
  facet normal -8.460813e-01 -4.888179e-01 -2.126113e-01
    outer loop
      vertex   3.047380e+01 4.902488e+00 2.658124e+01
      vertex   3.036557e+01 4.741830e+00 2.738130e+01
      vertex   3.023387e+01 5.286471e+00 2.665323e+01
    endloop
  endfacet
  facet normal -8.445715e-01 -4.906933e-01 -2.142874e-01
    outer loop
      vertex   3.023387e+01 5.286471e+00 2.665323e+01
      vertex   3.036557e+01 4.741830e+00 2.738130e+01
      vertex   3.016656e+01 5.057950e+00 2.744180e+01
    endloop
  endfacet
  facet normal -7.808187e-01 -5.790933e-01 -2.344633e-01
    outer loop
      vertex   3.023387e+01 5.286471e+00 2.665323e+01
      vertex   3.016656e+01 5.057950e+00 2.744180e+01
      vertex   2.994748e+01 5.621238e+00 2.678014e+01
    endloop
  endfacet
  facet normal -7.692390e-01 -5.892965e-01 -2.469836e-01
    outer loop
      vertex   2.994748e+01 5.621238e+00 2.678014e+01
      vertex   3.016656e+01 5.057950e+00 2.744180e+01
      vertex   2.992476e+01 5.326741e+00 2.755354e+01
    endloop
  endfacet
  facet normal -7.047695e-01 -6.558677e-01 -2.704393e-01
    outer loop
      vertex   2.994748e+01 5.621238e+00 2.678014e+01
      vertex   2.992476e+01 5.326741e+00 2.755354e+01
      vertex   2.962499e+01 5.894690e+00 2.695739e+01
    endloop
  endfacet
  facet normal -6.819103e-01 -6.693893e-01 -2.948159e-01
    outer loop
      vertex   2.962499e+01 5.894690e+00 2.695739e+01
      vertex   2.992476e+01 5.326741e+00 2.755354e+01
      vertex   2.965150e+01 5.535635e+00 2.771131e+01
    endloop
  endfacet
  facet normal -6.208690e-01 -7.160011e-01 -3.191615e-01
    outer loop
      vertex   2.962499e+01 5.894690e+00 2.695739e+01
      vertex   2.965150e+01 5.535635e+00 2.771131e+01
      vertex   2.927805e+01 6.096942e+00 2.717856e+01
    endloop
  endfacet
  facet normal -5.863606e-01 -7.277576e-01 -3.557390e-01
    outer loop
      vertex   2.927805e+01 6.096942e+00 2.717856e+01
      vertex   2.965150e+01 5.535635e+00 2.771131e+01
      vertex   2.935954e+01 5.674863e+00 2.790771e+01
    endloop
  endfacet
  facet normal -5.324072e-01 -7.570422e-01 -3.787212e-01
    outer loop
      vertex   2.927805e+01 6.096942e+00 2.717856e+01
      vertex   2.935954e+01 5.674863e+00 2.790771e+01
      vertex   2.891920e+01 6.220685e+00 2.743568e+01
    endloop
  endfacet
  facet normal -4.866420e-01 -7.620322e-01 -4.271845e-01
    outer loop
      vertex   2.891920e+01 6.220685e+00 2.743568e+01
      vertex   2.935954e+01 5.674863e+00 2.790771e+01
      vertex   2.906254e+01 5.737917e+00 2.813357e+01
    endloop
  endfacet
  facet normal -4.428838e-01 -7.773403e-01 -4.467616e-01
    outer loop
      vertex   2.891920e+01 6.220685e+00 2.743568e+01
      vertex   2.906254e+01 5.737917e+00 2.813357e+01
      vertex   2.856141e+01 6.261446e+00 2.771944e+01
    endloop
  endfacet
  facet normal -3.869392e-01 -7.707702e-01 -5.061534e-01
    outer loop
      vertex   2.856141e+01 6.261446e+00 2.771944e+01
      vertex   2.906254e+01 5.737917e+00 2.813357e+01
      vertex   2.877438e+01 5.721848e+00 2.837833e+01
    endloop
  endfacet
  facet normal -3.558530e-01 -7.761200e-01 -5.205827e-01
    outer loop
      vertex   2.856141e+01 6.261446e+00 2.771944e+01
      vertex   2.877438e+01 5.721848e+00 2.837833e+01
      vertex   2.821761e+01 6.217753e+00 2.801959e+01
    endloop
  endfacet
  facet normal -2.914211e-01 -7.535069e-01 -5.893226e-01
    outer loop
      vertex   2.821761e+01 6.217753e+00 2.801959e+01
      vertex   2.877438e+01 5.721848e+00 2.837833e+01
      vertex   2.850854e+01 5.627406e+00 2.863054e+01
    endloop
  endfacet
  facet normal -2.747652e-01 -7.535140e-01 -5.972610e-01
    outer loop
      vertex   2.821761e+01 6.217753e+00 2.801959e+01
      vertex   2.850854e+01 5.627406e+00 2.863054e+01
      vertex   2.790023e+01 6.091185e+00 2.832528e+01
    endloop
  endfacet
  facet normal -2.040918e-01 -7.107743e-01 -6.731615e-01
    outer loop
      vertex   2.790023e+01 6.091185e+00 2.832528e+01
      vertex   2.850854e+01 5.627406e+00 2.863054e+01
      vertex   2.827745e+01 5.459008e+00 2.887841e+01
    endloop
  endfacet
  facet normal -2.028146e-01 -7.105536e-01 -6.737802e-01
    outer loop
      vertex   2.790023e+01 6.091185e+00 2.832528e+01
      vertex   2.827745e+01 5.459008e+00 2.887841e+01
      vertex   2.762074e+01 5.886315e+00 2.862546e+01
    endloop
  endfacet
  facet normal -1.371822e-01 -6.521736e-01 -7.455539e-01
    outer loop
      vertex   2.762074e+01 5.886315e+00 2.862546e+01
      vertex   2.827745e+01 5.459008e+00 2.887841e+01
      vertex   2.738925e+01 5.610549e+00 2.890928e+01
    endloop
  endfacet
  facet normal -1.355468e-01 -6.404761e-01 -7.559216e-01
    outer loop
      vertex   2.738925e+01 5.610549e+00 2.890928e+01
      vertex   2.827745e+01 5.459008e+00 2.887841e+01
      vertex   2.809192e+01 5.224529e+00 2.911035e+01
    endloop
  endfacet
  facet normal -8.437329e-02 -5.768026e-01 -8.125145e-01
    outer loop
      vertex   2.738925e+01 5.610549e+00 2.890928e+01
      vertex   2.809192e+01 5.224529e+00 2.911035e+01
      vertex   2.721410e+01 5.273854e+00 2.916649e+01
    endloop
  endfacet
  facet normal -8.404977e-02 -5.503748e-01 -8.306763e-01
    outer loop
      vertex   2.721410e+01 5.273854e+00 2.916649e+01
      vertex   2.809192e+01 5.224529e+00 2.911035e+01
      vertex   2.796062e+01 4.934931e+00 2.931551e+01
    endloop
  endfacet
  facet normal -4.699736e-02 -4.869945e-01 -8.721396e-01
    outer loop
      vertex   2.721410e+01 5.273854e+00 2.916649e+01
      vertex   2.796062e+01 4.934931e+00 2.931551e+01
      vertex   2.710165e+01 4.888398e+00 2.938778e+01
    endloop
  endfacet
  facet normal -5.113770e-02 -4.447891e-01 -8.941742e-01
    outer loop
      vertex   2.710165e+01 4.888398e+00 2.938778e+01
      vertex   2.796062e+01 4.934931e+00 2.931551e+01
      vertex   2.788968e+01 4.603757e+00 2.948430e+01
    endloop
  endfacet
  facet normal -2.658409e-02 -3.862515e-01 -9.220103e-01
    outer loop
      vertex   2.710165e+01 4.888398e+00 2.938778e+01
      vertex   2.788968e+01 4.603757e+00 2.948430e+01
      vertex   2.705595e+01 4.468113e+00 2.956516e+01
    endloop
  endfacet
  facet normal -3.814290e-02 -3.282147e-01 -9.438327e-01
    outer loop
      vertex   2.705595e+01 4.468113e+00 2.956516e+01
      vertex   2.788968e+01 4.603757e+00 2.948430e+01
      vertex   2.788243e+01 4.246491e+00 2.960883e+01
    endloop
  endfacet
  facet normal -2.396467e-02 -2.785501e-01 -9.601227e-01
    outer loop
      vertex   2.705595e+01 4.468113e+00 2.956516e+01
      vertex   2.788243e+01 4.246491e+00 2.960883e+01
      vertex   2.707865e+01 4.028189e+00 2.969223e+01
    endloop
  endfacet
  facet normal -4.560182e-02 -2.055528e-01 -9.775830e-01
    outer loop
      vertex   2.707865e+01 4.028189e+00 2.969223e+01
      vertex   2.788243e+01 4.246491e+00 2.960883e+01
      vertex   2.793921e+01 3.879840e+00 2.968328e+01
    endloop
  endfacet
  facet normal -3.923357e-02 -1.681651e-01 -9.849778e-01
    outer loop
      vertex   2.707865e+01 4.028189e+00 2.969223e+01
      vertex   2.793921e+01 3.879840e+00 2.968328e+01
      vertex   2.716893e+01 3.584527e+00 2.976438e+01
    endloop
  endfacet
  facet normal -7.323651e-02 -8.193614e-02 -9.939431e-01
    outer loop
      vertex   2.716893e+01 3.584527e+00 2.976438e+01
      vertex   2.793921e+01 3.879840e+00 2.968328e+01
      vertex   2.805736e+01 3.520947e+00 2.970416e+01
    endloop
  endfacet
  facet normal -7.174497e-02 -5.947954e-02 -9.956480e-01
    outer loop
      vertex   2.716893e+01 3.584527e+00 2.976438e+01
      vertex   2.805736e+01 3.520947e+00 2.970416e+01
      vertex   2.732354e+01 3.153160e+00 2.977901e+01
    endloop
  endfacet
  facet normal -1.199623e-01 3.745304e-02 -9.920717e-01
    outer loop
      vertex   2.732354e+01 3.153160e+00 2.977901e+01
      vertex   2.805736e+01 3.520947e+00 2.970416e+01
      vertex   2.823135e+01 3.186593e+00 2.967050e+01
    endloop
  endfacet
  facet normal 3.273254e-01 7.448675e-01 -5.814040e-01
    outer loop
      vertex   2.884691e+01 2.647227e+00 2.951789e+01
      vertex   2.871210e+01 2.652163e+00 2.944832e+01
      vertex   2.858216e+01 2.876028e+00 2.966197e+01
    endloop
  endfacet
  facet normal 4.130690e-01 7.427215e-01 -5.270093e-01
    outer loop
      vertex   2.858216e+01 2.876028e+00 2.966197e+01
      vertex   2.871210e+01 2.652163e+00 2.944832e+01
      vertex   2.845305e+01 2.892413e+00 2.958387e+01
    endloop
  endfacet
  facet normal 4.692461e-01 5.973530e-01 -6.503672e-01
    outer loop
      vertex   2.858216e+01 2.876028e+00 2.966197e+01
      vertex   2.845305e+01 2.892413e+00 2.958387e+01
      vertex   2.835261e+01 3.161075e+00 2.975816e+01
    endloop
  endfacet
  facet normal 5.510974e-01 5.892979e-01 -5.907788e-01
    outer loop
      vertex   2.835261e+01 3.161075e+00 2.975816e+01
      vertex   2.845305e+01 2.892413e+00 2.958387e+01
      vertex   2.823135e+01 3.186593e+00 2.967050e+01
    endloop
  endfacet
  facet normal 5.878777e-01 4.213685e-01 -6.905421e-01
    outer loop
      vertex   2.835261e+01 3.161075e+00 2.975816e+01
      vertex   2.823135e+01 3.186593e+00 2.967050e+01
      vertex   2.816897e+01 3.489039e+00 2.980195e+01
    endloop
  endfacet
  facet normal 6.647048e-01 4.088580e-01 -6.253021e-01
    outer loop
      vertex   2.816897e+01 3.489039e+00 2.980195e+01
      vertex   2.823135e+01 3.186593e+00 2.967050e+01
      vertex   2.805736e+01 3.520947e+00 2.970416e+01
    endloop
  endfacet
  facet normal 6.776729e-01 2.251428e-01 -7.000501e-01
    outer loop
      vertex   2.816897e+01 3.489039e+00 2.980195e+01
      vertex   2.805736e+01 3.520947e+00 2.970416e+01
      vertex   2.803985e+01 3.844584e+00 2.979130e+01
    endloop
  endfacet
  facet normal 7.485792e-01 2.098386e-01 -6.289650e-01
    outer loop
      vertex   2.803985e+01 3.844584e+00 2.979130e+01
      vertex   2.805736e+01 3.520947e+00 2.970416e+01
      vertex   2.793921e+01 3.879840e+00 2.968328e+01
    endloop
  endfacet
  facet normal 7.344329e-01 1.785153e-02 -6.784465e-01
    outer loop
      vertex   2.803985e+01 3.844584e+00 2.979130e+01
      vertex   2.793921e+01 3.879840e+00 2.968328e+01
      vertex   2.797127e+01 4.211087e+00 2.972671e+01
    endloop
  endfacet
  facet normal 7.987989e-01 1.545689e-03 -6.015962e-01
    outer loop
      vertex   2.797127e+01 4.211087e+00 2.972671e+01
      vertex   2.793921e+01 3.879840e+00 2.968328e+01
      vertex   2.788243e+01 4.246491e+00 2.960883e+01
    endloop
  endfacet
  facet normal 7.555037e-01 -1.908126e-01 -6.267414e-01
    outer loop
      vertex   2.797127e+01 4.211087e+00 2.972671e+01
      vertex   2.788243e+01 4.246491e+00 2.960883e+01
      vertex   2.796645e+01 4.571409e+00 2.961119e+01
    endloop
  endfacet
  facet normal 8.130157e-01 -2.062814e-01 -5.444754e-01
    outer loop
      vertex   2.796645e+01 4.571409e+00 2.961119e+01
      vertex   2.788243e+01 4.246491e+00 2.960883e+01
      vertex   2.788968e+01 4.603757e+00 2.948430e+01
    endloop
  endfacet
  facet normal 7.398999e-01 -3.910925e-01 -5.473526e-01
    outer loop
      vertex   2.796645e+01 4.571409e+00 2.961119e+01
      vertex   2.788968e+01 4.603757e+00 2.948430e+01
      vertex   2.802561e+01 4.908703e+00 2.945016e+01
    endloop
  endfacet
  facet normal 7.905648e-01 -4.039252e-01 -4.602736e-01
    outer loop
      vertex   2.802561e+01 4.908703e+00 2.945016e+01
      vertex   2.788968e+01 4.603757e+00 2.948430e+01
      vertex   2.796062e+01 4.934931e+00 2.931551e+01
    endloop
  endfacet
  facet normal 6.883512e-01 -5.736231e-01 -4.439924e-01
    outer loop
      vertex   2.802561e+01 4.908703e+00 2.945016e+01
      vertex   2.796062e+01 4.934931e+00 2.931551e+01
      vertex   2.814598e+01 5.207197e+00 2.925113e+01
    endloop
  endfacet
  facet normal 7.324959e-01 -5.821441e-01 -3.529278e-01
    outer loop
      vertex   2.814598e+01 5.207197e+00 2.925113e+01
      vertex   2.796062e+01 4.934931e+00 2.931551e+01
      vertex   2.809192e+01 5.224529e+00 2.911035e+01
    endloop
  endfacet
  facet normal 6.032681e-01 -7.298695e-01 -3.214937e-01
    outer loop
      vertex   2.814598e+01 5.207197e+00 2.925113e+01
      vertex   2.809192e+01 5.224529e+00 2.911035e+01
      vertex   2.832193e+01 5.452934e+00 2.902342e+01
    endloop
  endfacet
  facet normal 6.415243e-01 -7.326049e-01 -2.274572e-01
    outer loop
      vertex   2.832193e+01 5.452934e+00 2.902342e+01
      vertex   2.809192e+01 5.224529e+00 2.911035e+01
      vertex   2.827745e+01 5.459008e+00 2.887841e+01
    endloop
  endfacet
  facet normal 4.886291e-01 -8.525256e-01 -1.855847e-01
    outer loop
      vertex   2.832193e+01 5.452934e+00 2.902342e+01
      vertex   2.827745e+01 5.459008e+00 2.887841e+01
      vertex   2.854524e+01 5.634423e+00 2.877767e+01
    endloop
  endfacet
  facet normal 5.219033e-01 -8.482722e-01 -8.972854e-02
    outer loop
      vertex   2.854524e+01 5.634423e+00 2.877767e+01
      vertex   2.827745e+01 5.459008e+00 2.887841e+01
      vertex   2.850854e+01 5.627406e+00 2.863054e+01
    endloop
  endfacet
  facet normal 3.497947e-01 -9.358564e-01 -4.262045e-02
    outer loop
      vertex   2.854524e+01 5.634423e+00 2.877767e+01
      vertex   2.850854e+01 5.627406e+00 2.863054e+01
      vertex   2.880547e+01 5.743178e+00 2.852537e+01
    endloop
  endfacet
  facet normal 3.792264e-01 -9.237375e-01 5.381813e-02
    outer loop
      vertex   2.880547e+01 5.743178e+00 2.852537e+01
      vertex   2.850854e+01 5.627406e+00 2.863054e+01
      vertex   2.877438e+01 5.721848e+00 2.837833e+01
    endloop
  endfacet
  facet normal 1.932568e-01 -9.759654e-01 1.007142e-01
    outer loop
      vertex   2.880547e+01 5.743178e+00 2.852537e+01
      vertex   2.877438e+01 5.721848e+00 2.837833e+01
      vertex   2.909045e+01 5.774114e+00 2.827833e+01
    endloop
  endfacet
  facet normal 2.201647e-01 -9.554720e-01 1.964708e-01
    outer loop
      vertex   2.909045e+01 5.774114e+00 2.827833e+01
      vertex   2.877438e+01 5.721848e+00 2.837833e+01
      vertex   2.906254e+01 5.737917e+00 2.813357e+01
    endloop
  endfacet
  facet normal 2.633506e-02 -9.709774e-01 2.377171e-01
    outer loop
      vertex   2.909045e+01 5.774114e+00 2.827833e+01
      vertex   2.906254e+01 5.737917e+00 2.813357e+01
      vertex   2.938684e+01 5.725784e+00 2.804809e+01
    endloop
  endfacet
  facet normal 5.215580e-02 -9.419916e-01 3.315593e-01
    outer loop
      vertex   2.938684e+01 5.725784e+00 2.804809e+01
      vertex   2.906254e+01 5.737917e+00 2.813357e+01
      vertex   2.935954e+01 5.674863e+00 2.790771e+01
    endloop
  endfacet
  facet normal -1.431655e-01 -9.211257e-01 3.619822e-01
    outer loop
      vertex   2.938684e+01 5.725784e+00 2.804809e+01
      vertex   2.935954e+01 5.674863e+00 2.790771e+01
      vertex   2.968081e+01 5.600449e+00 2.784541e+01
    endloop
  endfacet
  facet normal -1.169445e-01 -8.839266e-01 4.527669e-01
    outer loop
      vertex   2.968081e+01 5.600449e+00 2.784541e+01
      vertex   2.935954e+01 5.674863e+00 2.790771e+01
      vertex   2.965150e+01 5.535635e+00 2.771131e+01
    endloop
  endfacet
  facet normal -3.073193e-01 -8.287415e-01 4.676990e-01
    outer loop
      vertex   2.968081e+01 5.600449e+00 2.784541e+01
      vertex   2.965150e+01 5.535635e+00 2.771131e+01
      vertex   2.995858e+01 5.403968e+00 2.767978e+01
    endloop
  endfacet
  facet normal -2.792291e-01 -7.839917e-01 5.544259e-01
    outer loop
      vertex   2.995858e+01 5.403968e+00 2.767978e+01
      vertex   2.965150e+01 5.535635e+00 2.771131e+01
      vertex   2.992476e+01 5.326741e+00 2.755354e+01
    endloop
  endfacet
  facet normal -4.584507e-01 -6.981448e-01 5.499244e-01
    outer loop
      vertex   2.995858e+01 5.403968e+00 2.767978e+01
      vertex   2.992476e+01 5.326741e+00 2.755354e+01
      vertex   3.020719e+01 5.145529e+00 2.755894e+01
    endloop
  endfacet
  facet normal -4.271098e-01 -6.468598e-01 6.317829e-01
    outer loop
      vertex   3.020719e+01 5.145529e+00 2.755894e+01
      vertex   2.992476e+01 5.326741e+00 2.755354e+01
      vertex   3.016656e+01 5.057950e+00 2.744180e+01
    endloop
  endfacet
  facet normal -5.894931e-01 -5.354420e-01 6.048138e-01
    outer loop
      vertex   3.020719e+01 5.145529e+00 2.755894e+01
      vertex   3.016656e+01 5.057950e+00 2.744180e+01
      vertex   3.041501e+01 4.837217e+00 2.748854e+01
    endloop
  endfacet
  facet normal -5.536715e-01 -4.789430e-01 6.812205e-01
    outer loop
      vertex   3.041501e+01 4.837217e+00 2.748854e+01
      vertex   3.016656e+01 5.057950e+00 2.744180e+01
      vertex   3.036557e+01 4.741830e+00 2.738130e+01
    endloop
  endfacet
  facet normal -6.943192e-01 -3.482410e-01 6.298008e-01
    outer loop
      vertex   3.041501e+01 4.837217e+00 2.748854e+01
      vertex   3.036557e+01 4.741830e+00 2.738130e+01
      vertex   3.057231e+01 4.493447e+00 2.747187e+01
    endloop
  endfacet
  facet normal -6.529964e-01 -2.880929e-01 7.004271e-01
    outer loop
      vertex   3.057231e+01 4.493447e+00 2.747187e+01
      vertex   3.036557e+01 4.741830e+00 2.738130e+01
      vertex   3.051250e+01 4.393163e+00 2.737487e+01
    endloop
  endfacet
  facet normal -7.680277e-01 -1.452949e-01 6.237169e-01
    outer loop
      vertex   3.057231e+01 4.493447e+00 2.747187e+01
      vertex   3.051250e+01 4.393163e+00 2.737487e+01
      vertex   3.067174e+01 4.130294e+00 2.750971e+01
    endloop
  endfacet
  facet normal -7.204400e-01 -8.323361e-02 6.885044e-01
    outer loop
      vertex   3.067174e+01 4.130294e+00 2.750971e+01
      vertex   3.051250e+01 4.393163e+00 2.737487e+01
      vertex   3.060048e+01 4.028251e+00 2.742281e+01
    endloop
  endfacet
  facet normal -8.071720e-01 6.390674e-02 5.868468e-01
    outer loop
      vertex   3.067174e+01 4.130294e+00 2.750971e+01
      vertex   3.060048e+01 4.028251e+00 2.742281e+01
      vertex   3.070866e+01 3.764739e+00 2.760030e+01
    endloop
  endfacet
  facet normal -7.528486e-01 1.260558e-01 6.460100e-01
    outer loop
      vertex   3.070866e+01 3.764739e+00 2.760030e+01
      vertex   3.060048e+01 4.028251e+00 2.742281e+01
      vertex   3.062539e+01 3.664159e+00 2.752289e+01
    endloop
  endfacet
  facet normal -8.099220e-01 2.695822e-01 5.209144e-01
    outer loop
      vertex   3.070866e+01 3.764739e+00 2.760030e+01
      vertex   3.062539e+01 3.664159e+00 2.752289e+01
      vertex   3.068133e+01 3.413874e+00 2.773939e+01
    endloop
  endfacet
  facet normal -7.487067e-01 3.299889e-01 5.749309e-01
    outer loop
      vertex   3.068133e+01 3.413874e+00 2.773939e+01
      vertex   3.062539e+01 3.664159e+00 2.752289e+01
      vertex   3.058607e+01 3.317909e+00 2.767042e+01
    endloop
  endfacet
  facet normal -7.761488e-01 4.621144e-01 4.290026e-01
    outer loop
      vertex   3.068133e+01 3.413874e+00 2.773939e+01
      vertex   3.058607e+01 3.317909e+00 2.767042e+01
      vertex   3.059104e+01 3.094105e+00 2.792048e+01
    endloop
  endfacet
  facet normal -7.082082e-01 5.190299e-01 4.785907e-01
    outer loop
      vertex   3.059104e+01 3.094105e+00 2.792048e+01
      vertex   3.058607e+01 3.317909e+00 2.767042e+01
      vertex   3.048435e+01 3.005693e+00 2.785850e+01
    endloop
  endfacet
  facet normal -7.074318e-01 6.325010e-01 3.154089e-01
    outer loop
      vertex   3.059104e+01 3.094105e+00 2.792048e+01
      vertex   3.048435e+01 3.005693e+00 2.785850e+01
      vertex   3.044200e+01 2.820385e+00 2.813511e+01
    endloop
  endfacet
  facet normal -6.332467e-01 6.843394e-01 3.614944e-01
    outer loop
      vertex   3.044200e+01 2.820385e+00 2.813511e+01
      vertex   3.048435e+01 3.005693e+00 2.785850e+01
      vertex   3.032500e+01 2.742109e+00 2.807833e+01
    endloop
  endfacet
  facet normal -6.069838e-01 7.727748e-01 1.854447e-01
    outer loop
      vertex   3.044200e+01 2.820385e+00 2.813511e+01
      vertex   3.032500e+01 2.742109e+00 2.807833e+01
      vertex   3.024119e+01 2.605513e+00 2.837324e+01
    endloop
  endfacet
  facet normal -5.273275e-01 8.181876e-01 2.291173e-01
    outer loop
      vertex   3.024119e+01 2.605513e+00 2.837324e+01
      vertex   3.032500e+01 2.742109e+00 2.807833e+01
      vertex   3.011546e+01 2.539483e+00 2.831965e+01
    endloop
  endfacet
  facet normal -4.795017e-01 8.763768e-01 4.518701e-02
    outer loop
      vertex   3.024119e+01 2.605513e+00 2.837324e+01
      vertex   3.011546e+01 2.539483e+00 2.831965e+01
      vertex   2.999800e+01 2.459535e+00 2.862373e+01
    endloop
  endfacet
  facet normal -3.954034e-01 9.143160e-01 8.764927e-02
    outer loop
      vertex   2.999800e+01 2.459535e+00 2.862373e+01
      vertex   3.011546e+01 2.539483e+00 2.831965e+01
      vertex   2.986553e+01 2.407288e+00 2.857117e+01
    endloop
  endfacet
  facet normal -3.309461e-01 9.384626e-01 -9.880607e-02
    outer loop
      vertex   2.999800e+01 2.459535e+00 2.862373e+01
      vertex   2.986553e+01 2.407288e+00 2.857117e+01
      vertex   2.972379e+01 2.389278e+00 2.887487e+01
    endloop
  endfacet
  facet normal -2.436431e-01 9.682298e-01 -5.629461e-02
    outer loop
      vertex   2.972379e+01 2.389278e+00 2.887487e+01
      vertex   2.986553e+01 2.407288e+00 2.857117e+01
      vertex   2.958690e+01 2.351707e+00 2.882112e+01
    endloop
  endfacet
  facet normal -1.682633e-01 9.561290e-01 -2.398016e-01
    outer loop
      vertex   2.972379e+01 2.389278e+00 2.887487e+01
      vertex   2.958690e+01 2.351707e+00 2.882112e+01
      vertex   2.943139e+01 2.398026e+00 2.911492e+01
    endloop
  endfacet
  facet normal -7.914293e-02 9.774082e-01 -1.959837e-01
    outer loop
      vertex   2.943139e+01 2.398026e+00 2.911492e+01
      vertex   2.958690e+01 2.351707e+00 2.882112e+01
      vertex   2.929260e+01 2.375337e+00 2.905781e+01
    endloop
  endfacet
  facet normal 9.398664e-04 9.285498e-01 -3.712067e-01
    outer loop
      vertex   2.943139e+01 2.398026e+00 2.911492e+01
      vertex   2.929260e+01 2.375337e+00 2.905781e+01
      vertex   2.913447e+01 2.485370e+00 2.933265e+01
    endloop
  endfacet
  facet normal 9.040528e-02 9.414222e-01 -3.248863e-01
    outer loop
      vertex   2.913447e+01 2.485370e+00 2.933265e+01
      vertex   2.929260e+01 2.375337e+00 2.905781e+01
      vertex   2.899638e+01 2.477075e+00 2.927019e+01
    endloop
  endfacet
  facet normal 1.687517e-01 8.570143e-01 -4.868771e-01
    outer loop
      vertex   2.913447e+01 2.485370e+00 2.933265e+01
      vertex   2.899638e+01 2.477075e+00 2.927019e+01
      vertex   2.884691e+01 2.647227e+00 2.951789e+01
    endloop
  endfacet
  facet normal 2.570736e-01 8.619546e-01 -4.369752e-01
    outer loop
      vertex   2.884691e+01 2.647227e+00 2.951789e+01
      vertex   2.899638e+01 2.477075e+00 2.927019e+01
      vertex   2.871210e+01 2.652163e+00 2.944832e+01
    endloop
  endfacet
  facet normal -3.960871e-01 1.399796e-01 -9.074804e-01
    outer loop
      vertex   3.103487e+01 4.173046e+00 3.187005e+01
      vertex   3.127127e+01 4.132654e+00 3.176064e+01
      vertex   3.103079e+01 4.044425e+00 3.185200e+01
    endloop
  endfacet
  facet normal -4.093500e-01 1.922755e-01 -8.918872e-01
    outer loop
      vertex   3.103079e+01 4.044425e+00 3.185200e+01
      vertex   3.127127e+01 4.132654e+00 3.176064e+01
      vertex   3.130360e+01 3.908406e+00 3.169746e+01
    endloop
  endfacet
  facet normal -3.793018e-01 2.510434e-01 -8.905658e-01
    outer loop
      vertex   3.103079e+01 4.044425e+00 3.185200e+01
      vertex   3.130360e+01 3.908406e+00 3.169746e+01
      vertex   3.090202e+01 3.845896e+00 3.185087e+01
    endloop
  endfacet
  facet normal -3.804213e-01 2.833059e-01 -8.803507e-01
    outer loop
      vertex   3.090202e+01 3.845896e+00 3.185087e+01
      vertex   3.130360e+01 3.908406e+00 3.169746e+01
      vertex   3.089365e+01 3.691293e+00 3.180474e+01
    endloop
  endfacet
  facet normal -2.007970e-01 2.900909e-01 -9.356964e-01
    outer loop
      vertex   3.090202e+01 3.845896e+00 3.185087e+01
      vertex   3.089365e+01 3.691293e+00 3.180474e+01
      vertex   3.047251e+01 3.725431e+00 3.190570e+01
    endloop
  endfacet
  facet normal -1.930392e-01 3.402660e-01 -9.203016e-01
    outer loop
      vertex   3.047251e+01 3.725431e+00 3.190570e+01
      vertex   3.089365e+01 3.691293e+00 3.180474e+01
      vertex   3.045284e+01 3.649297e+00 3.188167e+01
    endloop
  endfacet
  facet normal -1.128248e-02 3.035349e-01 -9.527535e-01
    outer loop
      vertex   3.047251e+01 3.725431e+00 3.190570e+01
      vertex   3.045284e+01 3.649297e+00 3.188167e+01
      vertex   3.004281e+01 3.784532e+00 3.192961e+01
    endloop
  endfacet
  facet normal -4.012428e-01 1.136383e-01 -9.088952e-01
    outer loop
      vertex   3.127127e+01 4.132654e+00 3.176064e+01
      vertex   3.103487e+01 4.173046e+00 3.187005e+01
      vertex   3.124378e+01 4.270596e+00 3.179002e+01
    endloop
  endfacet
  facet normal -3.934166e-01 9.208584e-02 -9.147369e-01
    outer loop
      vertex   3.124378e+01 4.270596e+00 3.179002e+01
      vertex   3.103487e+01 4.173046e+00 3.187005e+01
      vertex   3.105630e+01 4.301161e+00 3.187373e+01
    endloop
  endfacet
  facet normal -4.013552e-01 4.377258e-02 -9.148759e-01
    outer loop
      vertex   3.124378e+01 4.270596e+00 3.179002e+01
      vertex   3.105630e+01 4.301161e+00 3.187373e+01
      vertex   3.109443e+01 4.424917e+00 3.186293e+01
    endloop
  endfacet
  facet normal -4.773165e-01 9.104704e-02 -8.740020e-01
    outer loop
      vertex   3.124378e+01 4.270596e+00 3.179002e+01
      vertex   3.141263e+01 4.160285e+00 3.168632e+01
      vertex   3.127127e+01 4.132654e+00 3.176064e+01
    endloop
  endfacet
  facet normal -4.845459e-01 1.718068e-01 -8.577282e-01
    outer loop
      vertex   3.127127e+01 4.132654e+00 3.176064e+01
      vertex   3.141263e+01 4.160285e+00 3.168632e+01
      vertex   3.130360e+01 3.908406e+00 3.169746e+01
    endloop
  endfacet
  facet normal -5.301724e-01 1.929758e-01 -8.256377e-01
    outer loop
      vertex   3.141263e+01 4.160285e+00 3.168632e+01
      vertex   3.159027e+01 4.100989e+00 3.155839e+01
      vertex   3.130360e+01 3.908406e+00 3.169746e+01
    endloop
  endfacet
  facet normal -5.455441e-01 2.301342e-01 -8.058659e-01
    outer loop
      vertex   3.130360e+01 3.908406e+00 3.169746e+01
      vertex   3.159027e+01 4.100989e+00 3.155839e+01
      vertex   3.166741e+01 3.989450e+00 3.147432e+01
    endloop
  endfacet
  facet normal -5.463742e-01 2.665288e-01 -7.940010e-01
    outer loop
      vertex   3.130360e+01 3.908406e+00 3.169746e+01
      vertex   3.166741e+01 3.989450e+00 3.147432e+01
      vertex   3.129141e+01 3.683318e+00 3.163029e+01
    endloop
  endfacet
  facet normal -5.463742e-01 2.665288e-01 -7.940010e-01
    outer loop
      vertex   3.129141e+01 3.683318e+00 3.163029e+01
      vertex   3.166741e+01 3.989450e+00 3.147432e+01
      vertex   3.165183e+01 3.701785e+00 3.138848e+01
    endloop
  endfacet
  facet normal -5.293458e-01 3.766627e-01 -7.602093e-01
    outer loop
      vertex   3.129141e+01 3.683318e+00 3.163029e+01
      vertex   3.165183e+01 3.701785e+00 3.138848e+01
      vertex   3.123513e+01 3.465523e+00 3.156157e+01
    endloop
  endfacet
  facet normal -5.293458e-01 3.766627e-01 -7.602093e-01
    outer loop
      vertex   3.123513e+01 3.465523e+00 3.156157e+01
      vertex   3.165183e+01 3.701785e+00 3.138848e+01
      vertex   3.157989e+01 3.423443e+00 3.130065e+01
    endloop
  endfacet
  facet normal -4.908948e-01 4.812117e-01 -7.262628e-01
    outer loop
      vertex   3.123513e+01 3.465523e+00 3.156157e+01
      vertex   3.157989e+01 3.423443e+00 3.130065e+01
      vertex   3.113679e+01 3.262893e+00 3.149378e+01
    endloop
  endfacet
  facet normal -4.908948e-01 4.812117e-01 -7.262628e-01
    outer loop
      vertex   3.113679e+01 3.262893e+00 3.149378e+01
      vertex   3.157989e+01 3.423443e+00 3.130065e+01
      vertex   3.145422e+01 3.164481e+00 3.121402e+01
    endloop
  endfacet
  facet normal -4.324109e-01 5.763969e-01 -6.933883e-01
    outer loop
      vertex   3.113679e+01 3.262893e+00 3.149378e+01
      vertex   3.145422e+01 3.164481e+00 3.121402e+01
      vertex   3.099995e+01 3.082752e+00 3.142937e+01
    endloop
  endfacet
  facet normal -4.324109e-01 5.763969e-01 -6.933883e-01
    outer loop
      vertex   3.099995e+01 3.082752e+00 3.142937e+01
      vertex   3.145422e+01 3.164481e+00 3.121402e+01
      vertex   3.127933e+01 2.934261e+00 3.113170e+01
    endloop
  endfacet
  facet normal -3.560080e-01 6.587783e-01 -6.627741e-01
    outer loop
      vertex   3.099995e+01 3.082752e+00 3.142937e+01
      vertex   3.127933e+01 2.934261e+00 3.113170e+01
      vertex   3.082955e+01 2.931611e+00 3.137067e+01
    endloop
  endfacet
  facet normal -3.560080e-01 6.587783e-01 -6.627741e-01
    outer loop
      vertex   3.082955e+01 2.931611e+00 3.137067e+01
      vertex   3.127933e+01 2.934261e+00 3.113170e+01
      vertex   3.106156e+01 2.741102e+00 3.105668e+01
    endloop
  endfacet
  facet normal -2.644474e-01 7.253783e-01 -6.355265e-01
    outer loop
      vertex   3.082955e+01 2.931611e+00 3.137067e+01
      vertex   3.106156e+01 2.741102e+00 3.105668e+01
      vertex   3.063175e+01 2.814933e+00 3.131980e+01
    endloop
  endfacet
  facet normal -2.644474e-01 7.253783e-01 -6.355265e-01
    outer loop
      vertex   3.063175e+01 2.814933e+00 3.131980e+01
      vertex   3.106156e+01 2.741102e+00 3.105668e+01
      vertex   3.080878e+01 2.591986e+00 3.099167e+01
    endloop
  endfacet
  facet normal -1.610384e-01 7.737898e-01 -6.126304e-01
    outer loop
      vertex   3.063175e+01 2.814933e+00 3.131980e+01
      vertex   3.080878e+01 2.591986e+00 3.099167e+01
      vertex   3.041371e+01 2.736933e+00 3.127860e+01
    endloop
  endfacet
  facet normal -1.610384e-01 7.737898e-01 -6.126304e-01
    outer loop
      vertex   3.041371e+01 2.736933e+00 3.127860e+01
      vertex   3.080878e+01 2.591986e+00 3.099167e+01
      vertex   3.053011e+01 2.492302e+00 3.093901e+01
    endloop
  endfacet
  facet normal -4.951837e-02 8.022631e-01 -5.949133e-01
    outer loop
      vertex   3.041371e+01 2.736933e+00 3.127860e+01
      vertex   3.053011e+01 2.492302e+00 3.093901e+01
      vertex   3.018329e+01 2.700432e+00 3.124855e+01
    endloop
  endfacet
  facet normal -4.951837e-02 8.022631e-01 -5.949133e-01
    outer loop
      vertex   3.018329e+01 2.700432e+00 3.124855e+01
      vertex   3.053011e+01 2.492302e+00 3.093901e+01
      vertex   3.023565e+01 2.445654e+00 3.090062e+01
    endloop
  endfacet
  facet normal 6.608196e-02 8.097691e-01 -5.830156e-01
    outer loop
      vertex   3.018329e+01 2.700432e+00 3.124855e+01
      vertex   3.023565e+01 2.445654e+00 3.090062e+01
      vertex   2.994884e+01 2.706749e+00 3.123075e+01
    endloop
  endfacet
  facet normal 6.608196e-02 8.097691e-01 -5.830156e-01
    outer loop
      vertex   2.994884e+01 2.706749e+00 3.123075e+01
      vertex   3.023565e+01 2.445654e+00 3.090062e+01
      vertex   2.993601e+01 2.453727e+00 3.087787e+01
    endloop
  endfacet
  facet normal 1.815845e-01 7.960365e-01 -5.773672e-01
    outer loop
      vertex   2.994884e+01 2.706749e+00 3.123075e+01
      vertex   2.993601e+01 2.453727e+00 3.087787e+01
      vertex   2.971882e+01 2.755656e+00 3.122584e+01
    endloop
  endfacet
  facet normal 1.815845e-01 7.960365e-01 -5.773672e-01
    outer loop
      vertex   2.971882e+01 2.755656e+00 3.122584e+01
      vertex   2.993601e+01 2.453727e+00 3.087787e+01
      vertex   2.964205e+01 2.516229e+00 3.087159e+01
    endloop
  endfacet
  facet normal 2.928148e-01 7.615617e-01 -5.781724e-01
    outer loop
      vertex   2.971882e+01 2.755656e+00 3.122584e+01
      vertex   2.964205e+01 2.516229e+00 3.087159e+01
      vertex   2.950155e+01 2.845384e+00 3.123399e+01
    endloop
  endfacet
  facet normal 2.928148e-01 7.615617e-01 -5.781724e-01
    outer loop
      vertex   2.950155e+01 2.845384e+00 3.123399e+01
      vertex   2.964205e+01 2.516229e+00 3.087159e+01
      vertex   2.936437e+01 2.630902e+00 3.088201e+01
    endloop
  endfacet
  facet normal 3.957525e-01 7.075906e-01 -5.854020e-01
    outer loop
      vertex   2.950155e+01 2.845384e+00 3.123399e+01
      vertex   2.936437e+01 2.630902e+00 3.088201e+01
      vertex   2.930488e+01 2.972691e+00 3.125491e+01
    endloop
  endfacet
  facet normal 3.957525e-01 7.075906e-01 -5.854020e-01
    outer loop
      vertex   2.930488e+01 2.972691e+00 3.125491e+01
      vertex   2.936437e+01 2.630902e+00 3.088201e+01
      vertex   2.911302e+01 2.793601e+00 3.090874e+01
    endloop
  endfacet
  facet normal 4.866774e-01 6.360739e-01 -5.987947e-01
    outer loop
      vertex   2.930488e+01 2.972691e+00 3.125491e+01
      vertex   2.911302e+01 2.793601e+00 3.090874e+01
      vertex   2.913591e+01 3.132975e+00 3.128785e+01
    endloop
  endfacet
  facet normal 4.866774e-01 6.360739e-01 -5.987947e-01
    outer loop
      vertex   2.913591e+01 3.132975e+00 3.128785e+01
      vertex   2.911302e+01 2.793601e+00 3.090874e+01
      vertex   2.889709e+01 2.998445e+00 3.095083e+01
    endloop
  endfacet
  facet normal 5.623031e-01 5.495964e-01 -6.178665e-01
    outer loop
      vertex   2.913591e+01 3.132975e+00 3.128785e+01
      vertex   2.889709e+01 2.998445e+00 3.095083e+01
      vertex   2.900076e+01 3.320444e+00 3.133161e+01
    endloop
  endfacet
  facet normal 5.623031e-01 5.495964e-01 -6.178665e-01
    outer loop
      vertex   2.900076e+01 3.320444e+00 3.133161e+01
      vertex   2.889709e+01 2.998445e+00 3.095083e+01
      vertex   2.872436e+01 3.238031e+00 3.100676e+01
    endloop
  endfacet
  facet normal 6.198963e-01 4.512837e-01 -6.419281e-01
    outer loop
      vertex   2.900076e+01 3.320444e+00 3.133161e+01
      vertex   2.872436e+01 3.238031e+00 3.100676e+01
      vertex   2.890431e+01 3.528322e+00 3.138461e+01
    endloop
  endfacet
  facet normal 6.198963e-01 4.512837e-01 -6.419281e-01
    outer loop
      vertex   2.890431e+01 3.528322e+00 3.138461e+01
      vertex   2.872436e+01 3.238031e+00 3.100676e+01
      vertex   2.860110e+01 3.503700e+00 3.107449e+01
    endloop
  endfacet
  facet normal 6.573754e-01 3.446889e-01 -6.701097e-01
    outer loop
      vertex   2.890431e+01 3.528322e+00 3.138461e+01
      vertex   2.860110e+01 3.503700e+00 3.107449e+01
      vertex   2.885004e+01 3.749095e+00 3.144493e+01
    endloop
  endfacet
  facet normal 6.573754e-01 3.446889e-01 -6.701097e-01
    outer loop
      vertex   2.885004e+01 3.749095e+00 3.144493e+01
      vertex   2.860110e+01 3.503700e+00 3.107449e+01
      vertex   2.853175e+01 3.785850e+00 3.115159e+01
    endloop
  endfacet
  facet normal 6.733860e-01 2.336648e-01 -7.013930e-01
    outer loop
      vertex   2.885004e+01 3.749095e+00 3.144493e+01
      vertex   2.853175e+01 3.785850e+00 3.115159e+01
      vertex   2.883993e+01 3.974785e+00 3.151041e+01
    endloop
  endfacet
  facet normal 6.733860e-01 2.336648e-01 -7.013930e-01
    outer loop
      vertex   2.883993e+01 3.974785e+00 3.151041e+01
      vertex   2.853175e+01 3.785850e+00 3.115159e+01
      vertex   2.851882e+01 4.074282e+00 3.123527e+01
    endloop
  endfacet
  facet normal 6.689794e-01 1.408532e-01 -7.298130e-01
    outer loop
      vertex   2.883993e+01 3.974785e+00 3.151041e+01
      vertex   2.851882e+01 4.074282e+00 3.123527e+01
      vertex   2.856637e+01 4.299248e+00 3.132227e+01
    endloop
  endfacet
  facet normal 8.142474e-01 5.151802e-02 -5.782275e-01
    outer loop
      vertex   2.856637e+01 4.299248e+00 3.132227e+01
      vertex   2.851882e+01 4.074282e+00 3.123527e+01
      vertex   2.856277e+01 4.358573e+00 3.132249e+01
    endloop
  endfacet
  facet normal 3.939610e-01 2.727821e-02 -9.187223e-01
    outer loop
      vertex   2.856637e+01 4.299248e+00 3.132227e+01
      vertex   2.856277e+01 4.358573e+00 3.132249e+01
      vertex   2.860823e+01 4.682393e+00 3.135160e+01
    endloop
  endfacet
  facet normal 7.636563e-01 -4.933572e-02 -6.437352e-01
    outer loop
      vertex   2.860823e+01 4.682393e+00 3.135160e+01
      vertex   2.856277e+01 4.358573e+00 3.132249e+01
      vertex   2.830977e+01 4.522624e+00 3.100978e+01
    endloop
  endfacet
  facet normal 7.684705e-01 -7.634458e-02 -6.353146e-01
    outer loop
      vertex   2.860823e+01 4.682393e+00 3.135160e+01
      vertex   2.830977e+01 4.522624e+00 3.100978e+01
      vertex   2.842713e+01 4.841720e+00 3.111339e+01
    endloop
  endfacet
  facet normal 8.178742e-01 -1.179356e-01 -5.631812e-01
    outer loop
      vertex   2.842713e+01 4.841720e+00 3.111339e+01
      vertex   2.830977e+01 4.522624e+00 3.100978e+01
      vertex   2.825948e+01 4.561215e+00 3.092867e+01
    endloop
  endfacet
  facet normal 8.366243e-01 -1.537958e-01 -5.257439e-01
    outer loop
      vertex   2.842713e+01 4.841720e+00 3.111339e+01
      vertex   2.825948e+01 4.561215e+00 3.092867e+01
      vertex   2.825274e+01 4.977829e+00 3.079607e+01
    endloop
  endfacet
  facet normal -6.262816e-01 1.443366e-01 -7.661190e-01
    outer loop
      vertex   3.159027e+01 4.100989e+00 3.155839e+01
      vertex   3.176540e+01 4.096473e+00 3.141437e+01
      vertex   3.166741e+01 3.989450e+00 3.147432e+01
    endloop
  endfacet
  facet normal -6.926200e-01 2.566152e-01 -6.741114e-01
    outer loop
      vertex   3.166741e+01 3.989450e+00 3.147432e+01
      vertex   3.176540e+01 4.096473e+00 3.141437e+01
      vertex   3.198065e+01 4.086178e+00 3.118930e+01
    endloop
  endfacet
  facet normal -6.928317e-01 2.403988e-01 -6.798475e-01
    outer loop
      vertex   3.166741e+01 3.989450e+00 3.147432e+01
      vertex   3.198065e+01 4.086178e+00 3.118930e+01
      vertex   3.165183e+01 3.701785e+00 3.138848e+01
    endloop
  endfacet
  facet normal -6.928317e-01 2.403988e-01 -6.798475e-01
    outer loop
      vertex   3.165183e+01 3.701785e+00 3.138848e+01
      vertex   3.198065e+01 4.086178e+00 3.118930e+01
      vertex   3.196222e+01 3.746047e+00 3.108780e+01
    endloop
  endfacet
  facet normal -6.720003e-01 3.751286e-01 -6.385093e-01
    outer loop
      vertex   3.165183e+01 3.701785e+00 3.138848e+01
      vertex   3.196222e+01 3.746047e+00 3.108780e+01
      vertex   3.157989e+01 3.423443e+00 3.130065e+01
    endloop
  endfacet
  facet normal -6.720003e-01 3.751286e-01 -6.385093e-01
    outer loop
      vertex   3.157989e+01 3.423443e+00 3.130065e+01
      vertex   3.196222e+01 3.746047e+00 3.108780e+01
      vertex   3.187717e+01 3.416938e+00 3.098396e+01
    endloop
  endfacet
  facet normal -6.249622e-01 5.030262e-01 -5.969816e-01
    outer loop
      vertex   3.157989e+01 3.423443e+00 3.130065e+01
      vertex   3.187717e+01 3.416938e+00 3.098396e+01
      vertex   3.145422e+01 3.164481e+00 3.121402e+01
    endloop
  endfacet
  facet normal -6.249622e-01 5.030262e-01 -5.969816e-01
    outer loop
      vertex   3.145422e+01 3.164481e+00 3.121402e+01
      vertex   3.187717e+01 3.416938e+00 3.098396e+01
      vertex   3.172857e+01 3.110745e+00 3.088152e+01
    endloop
  endfacet
  facet normal -5.534173e-01 6.194689e-01 -5.567653e-01
    outer loop
      vertex   3.145422e+01 3.164481e+00 3.121402e+01
      vertex   3.172857e+01 3.110745e+00 3.088152e+01
      vertex   3.127933e+01 2.934261e+00 3.113170e+01
    endloop
  endfacet
  facet normal -5.534173e-01 6.194689e-01 -5.567653e-01
    outer loop
      vertex   3.127933e+01 2.934261e+00 3.113170e+01
      vertex   3.172857e+01 3.110745e+00 3.088152e+01
      vertex   3.152179e+01 2.838535e+00 3.078419e+01
    endloop
  endfacet
  facet normal -4.599515e-01 7.202482e-01 -5.193141e-01
    outer loop
      vertex   3.127933e+01 2.934261e+00 3.113170e+01
      vertex   3.152179e+01 2.838535e+00 3.078419e+01
      vertex   3.106156e+01 2.741102e+00 3.105668e+01
    endloop
  endfacet
  facet normal -4.599515e-01 7.202482e-01 -5.193141e-01
    outer loop
      vertex   3.106156e+01 2.741102e+00 3.105668e+01
      vertex   3.152179e+01 2.838535e+00 3.078419e+01
      vertex   3.126430e+01 2.610147e+00 3.069549e+01
    endloop
  endfacet
  facet normal -3.479430e-01 8.017217e-01 -4.859814e-01
    outer loop
      vertex   3.106156e+01 2.741102e+00 3.105668e+01
      vertex   3.126430e+01 2.610147e+00 3.069549e+01
      vertex   3.080878e+01 2.591986e+00 3.099167e+01
    endloop
  endfacet
  facet normal -3.479430e-01 8.017217e-01 -4.859814e-01
    outer loop
      vertex   3.080878e+01 2.591986e+00 3.099167e+01
      vertex   3.126430e+01 2.610147e+00 3.069549e+01
      vertex   3.096541e+01 2.433834e+00 3.061862e+01
    endloop
  endfacet
  facet normal -2.214400e-01 8.609448e-01 -4.579720e-01
    outer loop
      vertex   3.080878e+01 2.591986e+00 3.099167e+01
      vertex   3.096541e+01 2.433834e+00 3.061862e+01
      vertex   3.053011e+01 2.492302e+00 3.093901e+01
    endloop
  endfacet
  facet normal -2.214400e-01 8.609448e-01 -4.579720e-01
    outer loop
      vertex   3.053011e+01 2.492302e+00 3.093901e+01
      vertex   3.096541e+01 2.433834e+00 3.061862e+01
      vertex   3.063593e+01 2.315970e+00 3.055636e+01
    endloop
  endfacet
  facet normal -8.501460e-02 8.957770e-01 -4.362982e-01
    outer loop
      vertex   3.053011e+01 2.492302e+00 3.093901e+01
      vertex   3.063593e+01 2.315970e+00 3.055636e+01
      vertex   3.023565e+01 2.445654e+00 3.090062e+01
    endloop
  endfacet
  facet normal -8.501460e-02 8.957770e-01 -4.362982e-01
    outer loop
      vertex   3.023565e+01 2.445654e+00 3.090062e+01
      vertex   3.063593e+01 2.315970e+00 3.055636e+01
      vertex   3.028775e+01 2.260813e+00 3.051096e+01
    endloop
  endfacet
  facet normal 5.640237e-02 9.049593e-01 -4.217434e-01
    outer loop
      vertex   3.023565e+01 2.445654e+00 3.090062e+01
      vertex   3.028775e+01 2.260813e+00 3.051096e+01
      vertex   2.993601e+01 2.453727e+00 3.087787e+01
    endloop
  endfacet
  facet normal 5.640237e-02 9.049593e-01 -4.217434e-01
    outer loop
      vertex   2.993601e+01 2.453727e+00 3.087787e+01
      vertex   3.028775e+01 2.260813e+00 3.051096e+01
      vertex   2.993347e+01 2.270359e+00 3.048406e+01
    endloop
  endfacet
  facet normal 1.976998e-01 8.881598e-01 -4.148336e-01
    outer loop
      vertex   2.993601e+01 2.453727e+00 3.087787e+01
      vertex   2.993347e+01 2.270359e+00 3.048406e+01
      vertex   2.964205e+01 2.516229e+00 3.087159e+01
    endloop
  endfacet
  facet normal 2.025226e-01 8.886234e-01 -4.115009e-01
    outer loop
      vertex   2.964205e+01 2.516229e+00 3.087159e+01
      vertex   2.993347e+01 2.270359e+00 3.048406e+01
      vertex   2.949649e+01 2.427612e+00 3.060858e+01
    endloop
  endfacet
  facet normal 3.244982e-01 8.273992e-01 -4.583791e-01
    outer loop
      vertex   2.964205e+01 2.516229e+00 3.087159e+01
      vertex   2.949649e+01 2.427612e+00 3.060858e+01
      vertex   2.936437e+01 2.630902e+00 3.088201e+01
    endloop
  endfacet
  facet normal 3.906782e-01 8.190346e-01 -4.201820e-01
    outer loop
      vertex   2.936437e+01 2.630902e+00 3.088201e+01
      vertex   2.949649e+01 2.427612e+00 3.060858e+01
      vertex   2.918144e+01 2.670800e+00 3.078969e+01
    endloop
  endfacet
  facet normal 4.242803e-01 7.409952e-01 -5.204924e-01
    outer loop
      vertex   2.936437e+01 2.630902e+00 3.088201e+01
      vertex   2.918144e+01 2.670800e+00 3.078969e+01
      vertex   2.911302e+01 2.793601e+00 3.090874e+01
    endloop
  endfacet
  facet normal 5.723213e-01 7.124703e-01 -4.059981e-01
    outer loop
      vertex   2.911302e+01 2.793601e+00 3.090874e+01
      vertex   2.918144e+01 2.670800e+00 3.078969e+01
      vertex   2.889791e+01 2.975252e+00 3.092428e+01
    endloop
  endfacet
  facet normal 5.125879e-01 6.545382e-01 -5.557278e-01
    outer loop
      vertex   2.911302e+01 2.793601e+00 3.090874e+01
      vertex   2.889791e+01 2.975252e+00 3.092428e+01
      vertex   2.889709e+01 2.998445e+00 3.095083e+01
    endloop
  endfacet
  facet normal 6.497341e-01 5.824284e-01 -4.884904e-01
    outer loop
      vertex   2.889709e+01 2.998445e+00 3.095083e+01
      vertex   2.889791e+01 2.975252e+00 3.092428e+01
      vertex   2.872436e+01 3.238031e+00 3.100676e+01
    endloop
  endfacet
  facet normal -7.018897e-01 2.093816e-01 -6.808158e-01
    outer loop
      vertex   3.176540e+01 4.096473e+00 3.141437e+01
      vertex   3.192692e+01 4.147024e+00 3.126340e+01
      vertex   3.198065e+01 4.086178e+00 3.118930e+01
    endloop
  endfacet
  facet normal -7.634573e-01 1.024789e-01 -6.376762e-01
    outer loop
      vertex   3.198065e+01 4.086178e+00 3.118930e+01
      vertex   3.192692e+01 4.147024e+00 3.126340e+01
      vertex   3.206456e+01 4.249432e+00 3.111507e+01
    endloop
  endfacet
  facet normal -8.150263e-01 1.665976e-01 -5.549572e-01
    outer loop
      vertex   3.198065e+01 4.086178e+00 3.118930e+01
      vertex   3.206456e+01 4.249432e+00 3.111507e+01
      vertex   3.223232e+01 4.195191e+00 3.085241e+01
    endloop
  endfacet
  facet normal -8.316592e-01 8.503370e-02 -5.487369e-01
    outer loop
      vertex   3.223232e+01 4.195191e+00 3.085241e+01
      vertex   3.206456e+01 4.249432e+00 3.111507e+01
      vertex   3.216959e+01 4.397193e+00 3.097879e+01
    endloop
  endfacet
  facet normal -8.824045e-01 2.005573e-02 -4.700639e-01
    outer loop
      vertex   3.223232e+01 4.195191e+00 3.085241e+01
      vertex   3.216959e+01 4.397193e+00 3.097879e+01
      vertex   3.223533e+01 4.580926e+00 3.086322e+01
    endloop
  endfacet
  facet normal -8.954560e-01 -8.770083e-02 -4.364254e-01
    outer loop
      vertex   3.225761e+01 4.788963e+00 3.077570e+01
      vertex   3.235499e+01 4.718915e+00 3.058997e+01
      vertex   3.223533e+01 4.580926e+00 3.086322e+01
    endloop
  endfacet
  facet normal -9.127762e-01 -1.663293e-02 -4.081212e-01
    outer loop
      vertex   3.223533e+01 4.580926e+00 3.086322e+01
      vertex   3.235499e+01 4.718915e+00 3.058997e+01
      vertex   3.241357e+01 4.312659e+00 3.047550e+01
    endloop
  endfacet
  facet normal -9.033503e-01 1.905389e-02 -4.284800e-01
    outer loop
      vertex   3.223533e+01 4.580926e+00 3.086322e+01
      vertex   3.241357e+01 4.312659e+00 3.047550e+01
      vertex   3.223232e+01 4.195191e+00 3.085241e+01
    endloop
  endfacet
  facet normal -9.079903e-01 1.642116e-01 -3.854713e-01
    outer loop
      vertex   3.223232e+01 4.195191e+00 3.085241e+01
      vertex   3.241357e+01 4.312659e+00 3.047550e+01
      vertex   3.221170e+01 3.814547e+00 3.073883e+01
    endloop
  endfacet
  facet normal -8.147456e-01 2.058798e-01 -5.420360e-01
    outer loop
      vertex   3.223232e+01 4.195191e+00 3.085241e+01
      vertex   3.221170e+01 3.814547e+00 3.073883e+01
      vertex   3.196222e+01 3.746047e+00 3.108780e+01
    endloop
  endfacet
  facet normal -7.908483e-01 3.604390e-01 -4.946137e-01
    outer loop
      vertex   3.196222e+01 3.746047e+00 3.108780e+01
      vertex   3.221170e+01 3.814547e+00 3.073883e+01
      vertex   3.187717e+01 3.416938e+00 3.098396e+01
    endloop
  endfacet
  facet normal -8.971459e-01 -1.905551e-01 -3.985198e-01
    outer loop
      vertex   3.225761e+01 4.788963e+00 3.077570e+01
      vertex   3.223501e+01 5.008093e+00 3.072179e+01
      vertex   3.235499e+01 4.718915e+00 3.058997e+01
    endloop
  endfacet
  facet normal -9.209400e-01 -2.433278e-01 -3.044030e-01
    outer loop
      vertex   3.235499e+01 4.718915e+00 3.058997e+01
      vertex   3.223501e+01 5.008093e+00 3.072179e+01
      vertex   3.221785e+01 5.108963e+00 3.069310e+01
    endloop
  endfacet
  facet normal -9.181016e-01 -2.392710e-01 -3.159727e-01
    outer loop
      vertex   3.235499e+01 4.718915e+00 3.058997e+01
      vertex   3.221785e+01 5.108963e+00 3.069310e+01
      vertex   3.231617e+01 5.255764e+00 3.029624e+01
    endloop
  endfacet
  facet normal -8.774525e-01 -3.364688e-01 -3.418564e-01
    outer loop
      vertex   3.231617e+01 5.255764e+00 3.029624e+01
      vertex   3.221785e+01 5.108963e+00 3.069310e+01
      vertex   3.216898e+01 5.224402e+00 3.070491e+01
    endloop
  endfacet
  facet normal -8.472774e-01 -4.108029e-01 -3.366928e-01
    outer loop
      vertex   3.231617e+01 5.255764e+00 3.029624e+01
      vertex   3.216898e+01 5.224402e+00 3.070491e+01
      vertex   3.206370e+01 5.424154e+00 3.072612e+01
    endloop
  endfacet
  facet normal -8.018422e-01 -2.857479e-01 -5.247830e-01
    outer loop
      vertex   3.223501e+01 5.008093e+00 3.072179e+01
      vertex   3.216898e+01 5.224402e+00 3.070491e+01
      vertex   3.221785e+01 5.108963e+00 3.069310e+01
    endloop
  endfacet
  facet normal -8.464514e-01 -4.138743e-01 -3.350046e-01
    outer loop
      vertex   3.231617e+01 5.255764e+00 3.029624e+01
      vertex   3.206370e+01 5.424154e+00 3.072612e+01
      vertex   3.209881e+01 5.626805e+00 3.038705e+01
    endloop
  endfacet
  facet normal -7.783245e-01 -5.001707e-01 -3.795263e-01
    outer loop
      vertex   3.209881e+01 5.626805e+00 3.038705e+01
      vertex   3.206370e+01 5.424154e+00 3.072612e+01
      vertex   3.192585e+01 5.594665e+00 3.078410e+01
    endloop
  endfacet
  facet normal -7.387325e-01 -5.649769e-01 -3.675259e-01
    outer loop
      vertex   3.209881e+01 5.626805e+00 3.038705e+01
      vertex   3.192585e+01 5.594665e+00 3.078410e+01
      vertex   3.181339e+01 5.953177e+00 3.045903e+01
    endloop
  endfacet
  facet normal -7.060958e-01 -5.842606e-01 -4.000853e-01
    outer loop
      vertex   3.181339e+01 5.953177e+00 3.045903e+01
      vertex   3.192585e+01 5.594665e+00 3.078410e+01
      vertex   3.173038e+01 5.785141e+00 3.085093e+01
    endloop
  endfacet
  facet normal -5.985827e-01 -6.824812e-01 -4.194259e-01
    outer loop
      vertex   3.181339e+01 5.953177e+00 3.045903e+01
      vertex   3.173038e+01 5.785141e+00 3.085093e+01
      vertex   3.147023e+01 6.223087e+00 3.050957e+01
    endloop
  endfacet
  facet normal -5.985827e-01 -6.824812e-01 -4.194259e-01
    outer loop
      vertex   3.147023e+01 6.223087e+00 3.050957e+01
      vertex   3.173038e+01 5.785141e+00 3.085093e+01
      vertex   3.139767e+01 6.046832e+00 3.089993e+01
    endloop
  endfacet
  facet normal -4.417027e-01 -7.840301e-01 -4.361142e-01
    outer loop
      vertex   3.147023e+01 6.223087e+00 3.050957e+01
      vertex   3.139767e+01 6.046832e+00 3.089993e+01
      vertex   3.108174e+01 6.426778e+00 3.053686e+01
    endloop
  endfacet
  facet normal -4.417027e-01 -7.840301e-01 -4.361142e-01
    outer loop
      vertex   3.108174e+01 6.426778e+00 3.053686e+01
      vertex   3.139767e+01 6.046832e+00 3.089993e+01
      vertex   3.102100e+01 6.244321e+00 3.092639e+01
    endloop
  endfacet
  facet normal -2.683909e-01 -8.556034e-01 -4.426162e-01
    outer loop
      vertex   3.108174e+01 6.426778e+00 3.053686e+01
      vertex   3.102100e+01 6.244321e+00 3.092639e+01
      vertex   3.066194e+01 6.556889e+00 3.053990e+01
    endloop
  endfacet
  facet normal -2.683909e-01 -8.556034e-01 -4.426162e-01
    outer loop
      vertex   3.066194e+01 6.556889e+00 3.053990e+01
      vertex   3.102100e+01 6.244321e+00 3.092639e+01
      vertex   3.061399e+01 6.370471e+00 3.092934e+01
    endloop
  endfacet
  facet normal -8.491124e-02 -8.946145e-01 -4.386969e-01
    outer loop
      vertex   3.066194e+01 6.556889e+00 3.053990e+01
      vertex   3.061399e+01 6.370471e+00 3.092934e+01
      vertex   3.022603e+01 6.608717e+00 3.051858e+01
    endloop
  endfacet
  facet normal -8.491124e-02 -8.946145e-01 -4.386969e-01
    outer loop
      vertex   3.022603e+01 6.608717e+00 3.051858e+01
      vertex   3.061399e+01 6.370471e+00 3.092934e+01
      vertex   3.019135e+01 6.420720e+00 3.090867e+01
    endloop
  endfacet
  facet normal 1.021048e-01 -8.996533e-01 -4.244981e-01
    outer loop
      vertex   3.022603e+01 6.608717e+00 3.051858e+01
      vertex   3.019135e+01 6.420720e+00 3.090867e+01
      vertex   2.978974e+01 6.580389e+00 3.047368e+01
    endloop
  endfacet
  facet normal 1.021048e-01 -8.996533e-01 -4.244981e-01
    outer loop
      vertex   2.978974e+01 6.580389e+00 3.047368e+01
      vertex   3.019135e+01 6.420720e+00 3.090867e+01
      vertex   2.976835e+01 6.393255e+00 3.086513e+01
    endloop
  endfacet
  facet normal 2.858980e-01 -8.705376e-01 -4.005328e-01
    outer loop
      vertex   2.978974e+01 6.580389e+00 3.047368e+01
      vertex   2.976835e+01 6.393255e+00 3.086513e+01
      vertex   2.936886e+01 6.472928e+00 3.040681e+01
    endloop
  endfacet
  facet normal 2.858980e-01 -8.705376e-01 -4.005328e-01
    outer loop
      vertex   2.936886e+01 6.472928e+00 3.040681e+01
      vertex   2.976835e+01 6.393255e+00 3.086513e+01
      vertex   2.936028e+01 6.289066e+00 3.080030e+01
    endloop
  endfacet
  facet normal 4.598257e-01 -8.083199e-01 -3.676673e-01
    outer loop
      vertex   2.936886e+01 6.472928e+00 3.040681e+01
      vertex   2.936028e+01 6.289066e+00 3.080030e+01
      vertex   2.897858e+01 6.290219e+00 3.032040e+01
    endloop
  endfacet
  facet normal 4.598257e-01 -8.083199e-01 -3.676673e-01
    outer loop
      vertex   2.897858e+01 6.290219e+00 3.032040e+01
      vertex   2.936028e+01 6.289066e+00 3.080030e+01
      vertex   2.898189e+01 6.111921e+00 3.071652e+01
    endloop
  endfacet
  facet normal 6.176015e-01 -7.152489e-01 -3.270894e-01
    outer loop
      vertex   2.897858e+01 6.290219e+00 3.032040e+01
      vertex   2.898189e+01 6.111921e+00 3.071652e+01
      vertex   2.863303e+01 6.038866e+00 3.021757e+01
    endloop
  endfacet
  facet normal 6.176015e-01 -7.152489e-01 -3.270894e-01
    outer loop
      vertex   2.863303e+01 6.038866e+00 3.021757e+01
      vertex   2.898189e+01 6.111921e+00 3.071652e+01
      vertex   2.864685e+01 5.868220e+00 3.061682e+01
    endloop
  endfacet
  facet normal 7.124128e-01 -6.360393e-01 -2.965165e-01
    outer loop
      vertex   2.863303e+01 6.038866e+00 3.021757e+01
      vertex   2.864685e+01 5.868220e+00 3.061682e+01
      vertex   2.843241e+01 5.730448e+00 3.039714e+01
    endloop
  endfacet
  facet normal 7.439751e-01 -5.477740e-01 -3.826810e-01
    outer loop
      vertex   2.843241e+01 5.730448e+00 3.039714e+01
      vertex   2.864685e+01 5.868220e+00 3.061682e+01
      vertex   2.836728e+01 5.566773e+00 3.050479e+01
    endloop
  endfacet
  facet normal 5.784287e-01 2.749683e-01 7.679926e-01
    outer loop
      vertex   2.843241e+01 5.730448e+00 3.039714e+01
      vertex   2.836728e+01 5.566773e+00 3.050479e+01
      vertex   2.831109e+01 5.372326e+00 3.061674e+01
    endloop
  endfacet
  facet normal 7.684274e-01 -4.712817e-01 -4.329120e-01
    outer loop
      vertex   2.831109e+01 5.372326e+00 3.061674e+01
      vertex   2.836728e+01 5.566773e+00 3.050479e+01
      vertex   2.845529e+01 5.365848e+00 3.087975e+01
    endloop
  endfacet
  facet normal 8.239848e-01 -3.309478e-01 -4.599158e-01
    outer loop
      vertex   2.831109e+01 5.372326e+00 3.061674e+01
      vertex   2.845529e+01 5.365848e+00 3.087975e+01
      vertex   2.825274e+01 4.977829e+00 3.079607e+01
    endloop
  endfacet
  facet normal 7.813014e-01 -2.884872e-01 -5.534828e-01
    outer loop
      vertex   2.825274e+01 4.977829e+00 3.079607e+01
      vertex   2.845529e+01 5.365848e+00 3.087975e+01
      vertex   2.860563e+01 5.132237e+00 3.121373e+01
    endloop
  endfacet
  facet normal 7.812711e-01 -2.889374e-01 -5.532908e-01
    outer loop
      vertex   2.825274e+01 4.977829e+00 3.079607e+01
      vertex   2.860563e+01 5.132237e+00 3.121373e+01
      vertex   2.842713e+01 4.841720e+00 3.111339e+01
    endloop
  endfacet
  facet normal 7.190847e-01 -2.134108e-01 -6.613418e-01
    outer loop
      vertex   2.842713e+01 4.841720e+00 3.111339e+01
      vertex   2.860563e+01 5.132237e+00 3.121373e+01
      vertex   2.869906e+01 5.057908e+00 3.133930e+01
    endloop
  endfacet
  facet normal 7.137255e-01 -1.946633e-01 -6.728314e-01
    outer loop
      vertex   2.842713e+01 4.841720e+00 3.111339e+01
      vertex   2.869906e+01 5.057908e+00 3.133930e+01
      vertex   2.860823e+01 4.682393e+00 3.135160e+01
    endloop
  endfacet
  facet normal -7.011382e-01 -5.685909e-01 -4.302437e-01
    outer loop
      vertex   3.192585e+01 5.594665e+00 3.078410e+01
      vertex   3.176420e+01 5.725107e+00 3.087514e+01
      vertex   3.173038e+01 5.785141e+00 3.085093e+01
    endloop
  endfacet
  facet normal -6.265632e-01 -5.681942e-01 -5.334548e-01
    outer loop
      vertex   3.173038e+01 5.785141e+00 3.085093e+01
      vertex   3.176420e+01 5.725107e+00 3.087514e+01
      vertex   3.158901e+01 5.807197e+00 3.099348e+01
    endloop
  endfacet
  facet normal -5.851699e-01 -6.542557e-01 -4.790883e-01
    outer loop
      vertex   3.173038e+01 5.785141e+00 3.085093e+01
      vertex   3.158901e+01 5.807197e+00 3.099348e+01
      vertex   3.139767e+01 6.046832e+00 3.089993e+01
    endloop
  endfacet
  facet normal -5.326587e-01 -6.410217e-01 -5.525992e-01
    outer loop
      vertex   3.139767e+01 6.046832e+00 3.089993e+01
      vertex   3.158901e+01 5.807197e+00 3.099348e+01
      vertex   3.141140e+01 5.835723e+00 3.113159e+01
    endloop
  endfacet
  facet normal -4.194909e-01 -6.831866e-01 -5.977320e-01
    outer loop
      vertex   3.139767e+01 6.046832e+00 3.089993e+01
      vertex   3.141140e+01 5.835723e+00 3.113159e+01
      vertex   3.124264e+01 5.808872e+00 3.128071e+01
    endloop
  endfacet
  facet normal -3.899140e-01 -5.940752e-01 -7.035921e-01
    outer loop
      vertex   3.109347e+01 5.728351e+00 3.143137e+01
      vertex   3.102248e+01 5.877097e+00 3.134511e+01
      vertex   3.124264e+01 5.808872e+00 3.128071e+01
    endloop
  endfacet
  facet normal -3.920008e-01 -6.601180e-01 -6.407648e-01
    outer loop
      vertex   3.124264e+01 5.808872e+00 3.128071e+01
      vertex   3.102248e+01 5.877097e+00 3.134511e+01
      vertex   3.094401e+01 6.016233e+00 3.124978e+01
    endloop
  endfacet
  facet normal -4.146020e-01 -6.862375e-01 -5.976482e-01
    outer loop
      vertex   3.124264e+01 5.808872e+00 3.128071e+01
      vertex   3.094401e+01 6.016233e+00 3.124978e+01
      vertex   3.139767e+01 6.046832e+00 3.089993e+01
    endloop
  endfacet
  facet normal -4.072743e-01 -6.978643e-01 -5.891631e-01
    outer loop
      vertex   3.139767e+01 6.046832e+00 3.089993e+01
      vertex   3.094401e+01 6.016233e+00 3.124978e+01
      vertex   3.102100e+01 6.244321e+00 3.092639e+01
    endloop
  endfacet
  facet normal -3.617542e-01 -7.191090e-01 -5.933095e-01
    outer loop
      vertex   3.094401e+01 6.016233e+00 3.124978e+01
      vertex   3.085857e+01 6.144829e+00 3.114601e+01
      vertex   3.102100e+01 6.244321e+00 3.092639e+01
    endloop
  endfacet
  facet normal -2.513518e-01 -7.981790e-01 -5.474783e-01
    outer loop
      vertex   3.102100e+01 6.244321e+00 3.092639e+01
      vertex   3.085857e+01 6.144829e+00 3.114601e+01
      vertex   3.061399e+01 6.370471e+00 3.092934e+01
    endloop
  endfacet
  facet normal -2.005858e-01 -7.829232e-01 -5.888944e-01
    outer loop
      vertex   3.085857e+01 6.144829e+00 3.114601e+01
      vertex   3.057382e+01 6.160720e+00 3.122188e+01
      vertex   3.061399e+01 6.370471e+00 3.092934e+01
    endloop
  endfacet
  facet normal -8.710084e-02 -8.039009e-01 -5.883509e-01
    outer loop
      vertex   3.061399e+01 6.370471e+00 3.092934e+01
      vertex   3.057382e+01 6.160720e+00 3.122188e+01
      vertex   3.027985e+01 6.183667e+00 3.123404e+01
    endloop
  endfacet
  facet normal -6.878901e-02 -8.151423e-01 -5.751617e-01
    outer loop
      vertex   3.061399e+01 6.370471e+00 3.092934e+01
      vertex   3.027985e+01 6.183667e+00 3.123404e+01
      vertex   3.019135e+01 6.420720e+00 3.090867e+01
    endloop
  endfacet
  facet normal 2.655385e-02 -8.045087e-01 -5.933469e-01
    outer loop
      vertex   3.019135e+01 6.420720e+00 3.090867e+01
      vertex   3.027985e+01 6.183667e+00 3.123404e+01
      vertex   2.999081e+01 6.212564e+00 3.118193e+01
    endloop
  endfacet
  facet normal 1.103443e-01 -8.280058e-01 -5.497550e-01
    outer loop
      vertex   3.019135e+01 6.420720e+00 3.090867e+01
      vertex   2.999081e+01 6.212564e+00 3.118193e+01
      vertex   2.976835e+01 6.393255e+00 3.086513e+01
    endloop
  endfacet
  facet normal 1.352748e-01 -8.167836e-01 -5.608612e-01
    outer loop
      vertex   2.976835e+01 6.393255e+00 3.086513e+01
      vertex   2.999081e+01 6.212564e+00 3.118193e+01
      vertex   2.972062e+01 6.246020e+00 3.106804e+01
    endloop
  endfacet
  facet normal 2.534905e-01 -8.103007e-01 -5.283515e-01
    outer loop
      vertex   2.976835e+01 6.393255e+00 3.086513e+01
      vertex   2.972062e+01 6.246020e+00 3.106804e+01
      vertex   2.948228e+01 6.282425e+00 3.089786e+01
    endloop
  endfacet
  facet normal 2.864817e-01 -8.625762e-01 -4.170019e-01
    outer loop
      vertex   2.976835e+01 6.393255e+00 3.086513e+01
      vertex   2.948228e+01 6.282425e+00 3.089786e+01
      vertex   2.936028e+01 6.289066e+00 3.080030e+01
    endloop
  endfacet
  facet normal 3.880743e-01 -7.494797e-01 -5.363566e-01
    outer loop
      vertex   2.936028e+01 6.289066e+00 3.080030e+01
      vertex   2.948228e+01 6.282425e+00 3.089786e+01
      vertex   2.923348e+01 6.036228e+00 3.106187e+01
    endloop
  endfacet
  facet normal 4.559333e-01 -7.400793e-01 -4.943758e-01
    outer loop
      vertex   2.936028e+01 6.289066e+00 3.080030e+01
      vertex   2.923348e+01 6.036228e+00 3.106187e+01
      vertex   2.898189e+01 6.111921e+00 3.071652e+01
    endloop
  endfacet
  facet normal 5.051419e-01 -6.894469e-01 -5.191287e-01
    outer loop
      vertex   2.898189e+01 6.111921e+00 3.071652e+01
      vertex   2.923348e+01 6.036228e+00 3.106187e+01
      vertex   2.902900e+01 5.874717e+00 3.107739e+01
    endloop
  endfacet
  facet normal 6.031698e-01 -6.281017e-01 -4.916040e-01
    outer loop
      vertex   2.898189e+01 6.111921e+00 3.071652e+01
      vertex   2.902900e+01 5.874717e+00 3.107739e+01
      vertex   2.864685e+01 5.868220e+00 3.061682e+01
    endloop
  endfacet
  facet normal 6.031698e-01 -6.281017e-01 -4.916040e-01
    outer loop
      vertex   2.864685e+01 5.868220e+00 3.061682e+01
      vertex   2.902900e+01 5.874717e+00 3.107739e+01
      vertex   2.871626e+01 5.647234e+00 3.098432e+01
    endloop
  endfacet
  facet normal 7.325910e-01 -5.133067e-01 -4.470196e-01
    outer loop
      vertex   2.864685e+01 5.868220e+00 3.061682e+01
      vertex   2.871626e+01 5.647234e+00 3.098432e+01
      vertex   2.836728e+01 5.566773e+00 3.050479e+01
    endloop
  endfacet
  facet normal 7.325910e-01 -5.133067e-01 -4.470196e-01
    outer loop
      vertex   2.836728e+01 5.566773e+00 3.050479e+01
      vertex   2.871626e+01 5.647234e+00 3.098432e+01
      vertex   2.845529e+01 5.365848e+00 3.087975e+01
    endloop
  endfacet
  facet normal 4.390866e-01 -6.185497e-01 -6.516128e-01
    outer loop
      vertex   2.923348e+01 6.036228e+00 3.106187e+01
      vertex   2.901613e+01 5.744448e+00 3.119238e+01
      vertex   2.902900e+01 5.874717e+00 3.107739e+01
    endloop
  endfacet
  facet normal 5.854206e-01 -5.682517e-01 -5.782497e-01
    outer loop
      vertex   2.902900e+01 5.874717e+00 3.107739e+01
      vertex   2.901613e+01 5.744448e+00 3.119238e+01
      vertex   2.871626e+01 5.647234e+00 3.098432e+01
    endloop
  endfacet
  facet normal 5.967736e-01 -5.032373e-01 -6.249908e-01
    outer loop
      vertex   2.901613e+01 5.744448e+00 3.119238e+01
      vertex   2.883630e+01 5.415266e+00 3.128573e+01
      vertex   2.871626e+01 5.647234e+00 3.098432e+01
    endloop
  endfacet
  facet normal 6.875971e-01 -4.167375e-01 -5.945924e-01
    outer loop
      vertex   2.871626e+01 5.647234e+00 3.098432e+01
      vertex   2.883630e+01 5.415266e+00 3.128573e+01
      vertex   2.845529e+01 5.365848e+00 3.087975e+01
    endloop
  endfacet
  facet normal 6.894343e-01 -4.100118e-01 -5.971354e-01
    outer loop
      vertex   2.845529e+01 5.365848e+00 3.087975e+01
      vertex   2.883630e+01 5.415266e+00 3.128573e+01
      vertex   2.860563e+01 5.132237e+00 3.121373e+01
    endloop
  endfacet
  facet normal 6.412287e-01 -3.487465e-01 -6.835215e-01
    outer loop
      vertex   2.860563e+01 5.132237e+00 3.121373e+01
      vertex   2.883630e+01 5.415266e+00 3.128573e+01
      vertex   2.869906e+01 5.057908e+00 3.133930e+01
    endloop
  endfacet
  facet normal 6.590121e-01 1.256356e-01 -7.415651e-01
    outer loop
      vertex   2.883993e+01 3.974785e+00 3.151041e+01
      vertex   2.856637e+01 4.299248e+00 3.132227e+01
      vertex   2.887432e+01 4.197234e+00 3.157866e+01
    endloop
  endfacet
  facet normal 6.436662e-01 2.032209e-02 -7.650365e-01
    outer loop
      vertex   2.887432e+01 4.197234e+00 3.157866e+01
      vertex   2.856637e+01 4.299248e+00 3.132227e+01
      vertex   2.890578e+01 4.243280e+00 3.160635e+01
    endloop
  endfacet
  facet normal 5.140967e-01 1.559939e-01 -8.434278e-01
    outer loop
      vertex   2.887432e+01 4.197234e+00 3.157866e+01
      vertex   2.890578e+01 4.243280e+00 3.160635e+01
      vertex   2.923346e+01 4.044278e+00 3.176928e+01
    endloop
  endfacet
  facet normal 4.911491e-01 1.003172e-01 -8.652797e-01
    outer loop
      vertex   2.923346e+01 4.044278e+00 3.176928e+01
      vertex   2.890578e+01 4.243280e+00 3.160635e+01
      vertex   2.928680e+01 4.189320e+00 3.181637e+01
    endloop
  endfacet
  facet normal 3.394588e-01 1.752228e-01 -9.241562e-01
    outer loop
      vertex   2.923346e+01 4.044278e+00 3.176928e+01
      vertex   2.928680e+01 4.189320e+00 3.181637e+01
      vertex   2.965472e+01 3.978898e+00 3.191162e+01
    endloop
  endfacet
  facet normal 3.765105e-01 2.552114e-01 -8.905656e-01
    outer loop
      vertex   2.965472e+01 3.978898e+00 3.191162e+01
      vertex   2.928680e+01 4.189320e+00 3.181637e+01
      vertex   2.929399e+01 4.190295e+00 3.181969e+01
    endloop
  endfacet
  facet normal 3.159374e-01 1.304528e-01 -9.397689e-01
    outer loop
      vertex   2.965472e+01 3.978898e+00 3.191162e+01
      vertex   2.929399e+01 4.190295e+00 3.181969e+01
      vertex   2.969601e+01 4.046105e+00 3.193483e+01
    endloop
  endfacet
  facet normal 3.140704e-01 1.240571e-01 -9.412596e-01
    outer loop
      vertex   2.969601e+01 4.046105e+00 3.193483e+01
      vertex   2.929399e+01 4.190295e+00 3.181969e+01
      vertex   2.971659e+01 4.142264e+00 3.195437e+01
    endloop
  endfacet
  facet normal 2.273584e-01 1.469547e-01 -9.626590e-01
    outer loop
      vertex   2.969601e+01 4.046105e+00 3.193483e+01
      vertex   2.971659e+01 4.142264e+00 3.195437e+01
      vertex   2.974980e+01 4.104125e+00 3.195639e+01
    endloop
  endfacet
  facet normal 1.194302e-01 5.144799e-02 -9.915087e-01
    outer loop
      vertex   2.974980e+01 4.104125e+00 3.195639e+01
      vertex   2.971659e+01 4.142264e+00 3.195437e+01
      vertex   3.015786e+01 4.100971e+00 3.200538e+01
    endloop
  endfacet
  facet normal 1.184685e-01 1.902551e-01 -9.745605e-01
    outer loop
      vertex   2.974980e+01 4.104125e+00 3.195639e+01
      vertex   3.015786e+01 4.100971e+00 3.200538e+01
      vertex   3.004281e+01 3.784532e+00 3.192961e+01
    endloop
  endfacet
  facet normal 4.334684e-01 -2.769393e-01 -8.575604e-01
    outer loop
      vertex   2.890578e+01 4.243280e+00 3.160635e+01
      vertex   2.929399e+01 4.190295e+00 3.181969e+01
      vertex   2.928680e+01 4.189320e+00 3.181637e+01
    endloop
  endfacet
  facet normal -6.527714e-02 -9.917978e-01 1.098909e-01
    outer loop
      vertex   3.060142e+01 4.067949e+00 3.197082e+01
      vertex   3.034495e+01 4.088241e+00 3.200162e+01
      vertex   3.015786e+01 4.100971e+00 3.200538e+01
    endloop
  endfacet
  facet normal -3.604843e-03 2.340766e-01 -9.722115e-01
    outer loop
      vertex   3.015786e+01 4.100971e+00 3.200538e+01
      vertex   3.034495e+01 4.088241e+00 3.200162e+01
      vertex   3.004281e+01 3.784532e+00 3.192961e+01
    endloop
  endfacet
  facet normal -2.671765e-01 -9.028779e-03 -9.636053e-01
    outer loop
      vertex   3.103079e+01 4.044425e+00 3.185200e+01
      vertex   3.087981e+01 3.999921e+00 3.189427e+01
      vertex   3.060142e+01 4.067949e+00 3.197082e+01
    endloop
  endfacet
  facet normal -1.908176e-01 2.783841e-01 -9.413240e-01
    outer loop
      vertex   3.060142e+01 4.067949e+00 3.197082e+01
      vertex   3.087981e+01 3.999921e+00 3.189427e+01
      vertex   3.043901e+01 3.957767e+00 3.197116e+01
    endloop
  endfacet
  facet normal -1.176959e-01 1.704872e-01 -9.783056e-01
    outer loop
      vertex   3.060142e+01 4.067949e+00 3.197082e+01
      vertex   3.043901e+01 3.957767e+00 3.197116e+01
      vertex   3.039834e+01 4.027182e+00 3.198815e+01
    endloop
  endfacet
  facet normal -1.660322e-03 2.368105e-01 -9.715544e-01
    outer loop
      vertex   3.039834e+01 4.027182e+00 3.198815e+01
      vertex   3.043901e+01 3.957767e+00 3.197116e+01
      vertex   3.004281e+01 3.784532e+00 3.192961e+01
    endloop
  endfacet
  facet normal 7.546341e-01 -6.184631e-01 -2.191592e-01
    outer loop
      vertex   2.843241e+01 5.730448e+00 3.039714e+01
      vertex   2.861233e+01 6.039250e+00 3.014521e+01
      vertex   2.863303e+01 6.038866e+00 3.021757e+01
    endloop
  endfacet
  facet normal 6.119970e-01 -7.702989e-01 -1.791627e-01
    outer loop
      vertex   2.863303e+01 6.038866e+00 3.021757e+01
      vertex   2.861233e+01 6.039250e+00 3.014521e+01
      vertex   2.884434e+01 6.287573e+00 2.987007e+01
    endloop
  endfacet
  facet normal 6.129484e-01 -7.697651e-01 -1.782021e-01
    outer loop
      vertex   2.863303e+01 6.038866e+00 3.021757e+01
      vertex   2.884434e+01 6.287573e+00 2.987007e+01
      vertex   2.897858e+01 6.290219e+00 3.032040e+01
    endloop
  endfacet
  facet normal 5.658051e-01 -8.080804e-01 -1.639230e-01
    outer loop
      vertex   2.897858e+01 6.290219e+00 3.032040e+01
      vertex   2.884434e+01 6.287573e+00 2.987007e+01
      vertex   2.901921e+01 6.403348e+00 2.990295e+01
    endloop
  endfacet
  facet normal 4.506879e-01 -8.717077e-01 -1.923699e-01
    outer loop
      vertex   2.897858e+01 6.290219e+00 3.032040e+01
      vertex   2.901921e+01 6.403348e+00 2.990295e+01
      vertex   2.936886e+01 6.472928e+00 3.040681e+01
    endloop
  endfacet
  facet normal 4.506879e-01 -8.717077e-01 -1.923699e-01
    outer loop
      vertex   2.936886e+01 6.472928e+00 3.040681e+01
      vertex   2.901921e+01 6.403348e+00 2.990295e+01
      vertex   2.940765e+01 6.585199e+00 2.998896e+01
    endloop
  endfacet
  facet normal 2.745064e-01 -9.347316e-01 -2.256613e-01
    outer loop
      vertex   2.936886e+01 6.472928e+00 3.040681e+01
      vertex   2.940765e+01 6.585199e+00 2.998896e+01
      vertex   2.978974e+01 6.580389e+00 3.047368e+01
    endloop
  endfacet
  facet normal 2.745064e-01 -9.347316e-01 -2.256613e-01
    outer loop
      vertex   2.978974e+01 6.580389e+00 3.047368e+01
      vertex   2.940765e+01 6.585199e+00 2.998896e+01
      vertex   2.982656e+01 6.692156e+00 3.005551e+01
    endloop
  endfacet
  facet normal 8.833146e-02 -9.642246e-01 -2.499371e-01
    outer loop
      vertex   2.978974e+01 6.580389e+00 3.047368e+01
      vertex   2.982656e+01 6.692156e+00 3.005551e+01
      vertex   3.022603e+01 6.608717e+00 3.051858e+01
    endloop
  endfacet
  facet normal 8.833146e-02 -9.642246e-01 -2.499371e-01
    outer loop
      vertex   3.022603e+01 6.608717e+00 3.051858e+01
      vertex   2.982656e+01 6.692156e+00 3.005551e+01
      vertex   3.026080e+01 6.720351e+00 3.010020e+01
    endloop
  endfacet
  facet normal -1.011081e-01 -9.591205e-01 -2.643199e-01
    outer loop
      vertex   3.022603e+01 6.608717e+00 3.051858e+01
      vertex   3.026080e+01 6.720351e+00 3.010020e+01
      vertex   3.066194e+01 6.556889e+00 3.053990e+01
    endloop
  endfacet
  facet normal -1.011081e-01 -9.591205e-01 -2.643199e-01
    outer loop
      vertex   3.066194e+01 6.556889e+00 3.053990e+01
      vertex   3.026080e+01 6.720351e+00 3.010020e+01
      vertex   3.069467e+01 6.668766e+00 3.012142e+01
    endloop
  endfacet
  facet normal -2.869654e-01 -9.196039e-01 -2.682900e-01
    outer loop
      vertex   3.066194e+01 6.556889e+00 3.053990e+01
      vertex   3.069467e+01 6.668766e+00 3.012142e+01
      vertex   3.108174e+01 6.426778e+00 3.053686e+01
    endloop
  endfacet
  facet normal -2.869654e-01 -9.196039e-01 -2.682900e-01
    outer loop
      vertex   3.108174e+01 6.426778e+00 3.053686e+01
      vertex   3.069467e+01 6.668766e+00 3.012142e+01
      vertex   3.111249e+01 6.539266e+00 3.011839e+01
    endloop
  endfacet
  facet normal -4.625230e-01 -8.471031e-01 -2.617037e-01
    outer loop
      vertex   3.108174e+01 6.426778e+00 3.053686e+01
      vertex   3.111249e+01 6.539266e+00 3.011839e+01
      vertex   3.147023e+01 6.223087e+00 3.050957e+01
    endloop
  endfacet
  facet normal -4.625230e-01 -8.471031e-01 -2.617037e-01
    outer loop
      vertex   3.147023e+01 6.223087e+00 3.050957e+01
      vertex   3.111249e+01 6.539266e+00 3.011839e+01
      vertex   3.149916e+01 6.336531e+00 3.009124e+01
    endloop
  endfacet
  facet normal -6.214360e-01 -7.442383e-01 -2.447992e-01
    outer loop
      vertex   3.147023e+01 6.223087e+00 3.050957e+01
      vertex   3.149916e+01 6.336531e+00 3.009124e+01
      vertex   3.181339e+01 5.953177e+00 3.045903e+01
    endloop
  endfacet
  facet normal -6.214360e-01 -7.442383e-01 -2.447992e-01
    outer loop
      vertex   3.181339e+01 5.953177e+00 3.045903e+01
      vertex   3.149916e+01 6.336531e+00 3.009124e+01
      vertex   3.184071e+01 6.067889e+00 3.004093e+01
    endloop
  endfacet
  facet normal -7.579607e-01 -6.147274e-01 -2.181874e-01
    outer loop
      vertex   3.181339e+01 5.953177e+00 3.045903e+01
      vertex   3.184071e+01 6.067889e+00 3.004093e+01
      vertex   3.209881e+01 5.626805e+00 3.038705e+01
    endloop
  endfacet
  facet normal -7.579607e-01 -6.147274e-01 -2.181874e-01
    outer loop
      vertex   3.209881e+01 5.626805e+00 3.038705e+01
      vertex   3.184071e+01 6.067889e+00 3.004093e+01
      vertex   3.212479e+01 5.743048e+00 2.996929e+01
    endloop
  endfacet
  facet normal -8.671628e-01 -4.632513e-01 -1.828302e-01
    outer loop
      vertex   3.209881e+01 5.626805e+00 3.038705e+01
      vertex   3.212479e+01 5.743048e+00 2.996929e+01
      vertex   3.231617e+01 5.255764e+00 3.029624e+01
    endloop
  endfacet
  facet normal -8.671628e-01 -4.632513e-01 -1.828302e-01
    outer loop
      vertex   3.231617e+01 5.255764e+00 3.029624e+01
      vertex   3.212479e+01 5.743048e+00 2.996929e+01
      vertex   3.234113e+01 5.373749e+00 2.987891e+01
    endloop
  endfacet
  facet normal -9.450955e-01 -2.952847e-01 -1.400054e-01
    outer loop
      vertex   3.231617e+01 5.255764e+00 3.029624e+01
      vertex   3.234113e+01 5.373749e+00 2.987891e+01
      vertex   3.245762e+01 4.853467e+00 3.018988e+01
    endloop
  endfacet
  facet normal -9.450955e-01 -2.952847e-01 -1.400054e-01
    outer loop
      vertex   3.245762e+01 4.853467e+00 3.018988e+01
      vertex   3.234113e+01 5.373749e+00 2.987891e+01
      vertex   3.248191e+01 4.973341e+00 2.977304e+01
    endloop
  endfacet
  facet normal -9.889420e-01 -1.168983e-01 -9.126087e-02
    outer loop
      vertex   3.245762e+01 4.853467e+00 3.018988e+01
      vertex   3.248191e+01 4.973341e+00 2.977304e+01
      vertex   3.251804e+01 4.434454e+00 3.007182e+01
    endloop
  endfacet
  facet normal -9.889420e-01 -1.168983e-01 -9.126087e-02
    outer loop
      vertex   3.251804e+01 4.434454e+00 3.007182e+01
      vertex   3.248191e+01 4.973341e+00 2.977304e+01
      vertex   3.254206e+01 4.556294e+00 2.965553e+01
    endloop
  endfacet
  facet normal -9.971176e-01 6.546054e-02 -3.835832e-02
    outer loop
      vertex   3.251804e+01 4.434454e+00 3.007182e+01
      vertex   3.254206e+01 4.556294e+00 2.965553e+01
      vertex   3.249526e+01 4.013867e+00 2.994631e+01
    endloop
  endfacet
  facet normal -9.971176e-01 6.546054e-02 -3.835832e-02
    outer loop
      vertex   3.249526e+01 4.013867e+00 2.994631e+01
      vertex   3.254206e+01 4.556294e+00 2.965553e+01
      vertex   3.251938e+01 4.137682e+00 2.953062e+01
    endloop
  endfacet
  facet normal -9.693269e-01 2.452008e-01 1.679019e-02
    outer loop
      vertex   3.249526e+01 4.013867e+00 2.994631e+01
      vertex   3.251938e+01 4.137682e+00 2.953062e+01
      vertex   3.239009e+01 3.606909e+00 2.981791e+01
    endloop
  endfacet
  facet normal -9.693269e-01 2.452008e-01 1.679019e-02
    outer loop
      vertex   3.239009e+01 3.606909e+00 2.981791e+01
      vertex   3.251938e+01 4.137682e+00 2.953062e+01
      vertex   3.241470e+01 3.732635e+00 2.940282e+01
    endloop
  endfacet
  facet normal -9.065743e-01 4.158263e-01 7.219145e-02
    outer loop
      vertex   3.239009e+01 3.606909e+00 2.981791e+01
      vertex   3.241470e+01 3.732635e+00 2.940282e+01
      vertex   3.220634e+01 3.228288e+00 2.969124e+01
    endloop
  endfacet
  facet normal -9.065743e-01 4.158263e-01 7.219145e-02
    outer loop
      vertex   3.220634e+01 3.228288e+00 2.969124e+01
      vertex   3.241470e+01 3.732635e+00 2.940282e+01
      vertex   3.223181e+01 3.355791e+00 2.927674e+01
    endloop
  endfacet
  facet normal -8.111277e-01 5.711702e-01 1.258431e-01
    outer loop
      vertex   3.220634e+01 3.228288e+00 2.969124e+01
      vertex   3.223181e+01 3.355791e+00 2.927674e+01
      vertex   3.195064e+01 2.891689e+00 2.957089e+01
    endloop
  endfacet
  facet normal -8.111277e-01 5.711702e-01 1.258431e-01
    outer loop
      vertex   3.195064e+01 2.891689e+00 2.957089e+01
      vertex   3.223181e+01 3.355791e+00 2.927674e+01
      vertex   3.197732e+01 3.020772e+00 2.915696e+01
    endloop
  endfacet
  facet normal -6.864370e-01 7.056178e-01 1.758061e-01
    outer loop
      vertex   3.195064e+01 2.891689e+00 2.957089e+01
      vertex   3.197732e+01 3.020772e+00 2.915696e+01
      vertex   3.163225e+01 2.609276e+00 2.946120e+01
    endloop
  endfacet
  facet normal -6.864370e-01 7.056178e-01 1.758061e-01
    outer loop
      vertex   3.163225e+01 2.609276e+00 2.946120e+01
      vertex   3.197732e+01 3.020772e+00 2.915696e+01
      vertex   3.166042e+01 2.739685e+00 2.904779e+01
    endloop
  endfacet
  facet normal -5.612198e-01 7.995324e-01 2.139633e-01
    outer loop
      vertex   3.163225e+01 2.609276e+00 2.946120e+01
      vertex   3.166042e+01 2.739685e+00 2.904779e+01
      vertex   3.138481e+01 2.560178e+00 2.899564e+01
    endloop
  endfacet
  facet normal -5.561982e-01 7.499648e-01 3.580451e-01
    outer loop
      vertex   3.138481e+01 2.560178e+00 2.899564e+01
      vertex   3.166042e+01 2.739685e+00 2.904779e+01
      vertex   3.159171e+01 2.840008e+00 2.873091e+01
    endloop
  endfacet
  facet normal -6.855560e-01 6.380099e-01 3.506514e-01
    outer loop
      vertex   3.159171e+01 2.840008e+00 2.873091e+01
      vertex   3.166042e+01 2.739685e+00 2.904779e+01
      vertex   3.194254e+01 3.199581e+00 2.876258e+01
    endloop
  endfacet
  facet normal -6.627859e-01 6.082028e-01 4.368114e-01
    outer loop
      vertex   3.159171e+01 2.840008e+00 2.873091e+01
      vertex   3.194254e+01 3.199581e+00 2.876258e+01
      vertex   3.174301e+01 3.174986e+00 2.849408e+01
    endloop
  endfacet
  facet normal -7.209350e-01 4.891224e-01 4.909298e-01
    outer loop
      vertex   3.174301e+01 3.174986e+00 2.849408e+01
      vertex   3.194254e+01 3.199581e+00 2.876258e+01
      vertex   3.184753e+01 3.421833e+00 2.840163e+01
    endloop
  endfacet
  facet normal -5.622374e-01 4.880836e-01 6.675803e-01
    outer loop
      vertex   3.174301e+01 3.174986e+00 2.849408e+01
      vertex   3.184753e+01 3.421833e+00 2.840163e+01
      vertex   3.183326e+01 3.553007e+00 2.829370e+01
    endloop
  endfacet
  facet normal -7.478623e-01 3.713586e-01 5.502679e-01
    outer loop
      vertex   3.183326e+01 3.553007e+00 2.829370e+01
      vertex   3.184753e+01 3.421833e+00 2.840163e+01
      vertex   3.207315e+01 3.718841e+00 2.850782e+01
    endloop
  endfacet
  facet normal -7.414006e-01 2.929891e-01 6.037239e-01
    outer loop
      vertex   3.183326e+01 3.553007e+00 2.829370e+01
      vertex   3.207315e+01 3.718841e+00 2.850782e+01
      vertex   3.189459e+01 3.941630e+00 2.818042e+01
    endloop
  endfacet
  facet normal -7.981881e-01 1.969113e-01 5.693169e-01
    outer loop
      vertex   3.189459e+01 3.941630e+00 2.818042e+01
      vertex   3.207315e+01 3.718841e+00 2.850782e+01
      vertex   3.203757e+01 4.236240e+00 2.827898e+01
    endloop
  endfacet
  facet normal -7.376748e-01 1.368212e-01 6.611473e-01
    outer loop
      vertex   3.189459e+01 3.941630e+00 2.818042e+01
      vertex   3.203757e+01 4.236240e+00 2.827898e+01
      vertex   3.185918e+01 3.960408e+00 2.813702e+01
    endloop
  endfacet
  facet normal -7.162977e-01 1.085032e-01 6.893074e-01
    outer loop
      vertex   3.185918e+01 3.960408e+00 2.813702e+01
      vertex   3.203757e+01 4.236240e+00 2.827898e+01
      vertex   3.181984e+01 4.382463e+00 2.802971e+01
    endloop
  endfacet
  facet normal -7.562818e-01 -1.096080e-02 6.541542e-01
    outer loop
      vertex   3.181984e+01 4.382463e+00 2.802971e+01
      vertex   3.203757e+01 4.236240e+00 2.827898e+01
      vertex   3.211940e+01 4.552900e+00 2.837890e+01
    endloop
  endfacet
  facet normal -7.511912e-01 -3.060382e-02 6.593748e-01
    outer loop
      vertex   3.181984e+01 4.382463e+00 2.802971e+01
      vertex   3.211940e+01 4.552900e+00 2.837890e+01
      vertex   3.184427e+01 4.689665e+00 2.807180e+01
    endloop
  endfacet
  facet normal -7.681090e-01 -1.445325e-01 6.237940e-01
    outer loop
      vertex   3.184427e+01 4.689665e+00 2.807180e+01
      vertex   3.211940e+01 4.552900e+00 2.837890e+01
      vertex   3.185900e+01 4.961576e+00 2.815294e+01
    endloop
  endfacet
  facet normal -6.870045e-01 -1.733582e-01 7.056711e-01
    outer loop
      vertex   3.184427e+01 4.689665e+00 2.807180e+01
      vertex   3.185900e+01 4.961576e+00 2.815294e+01
      vertex   3.171667e+01 4.803919e+00 2.797564e+01
    endloop
  endfacet
  facet normal -6.301118e-01 -2.556825e-01 7.332022e-01
    outer loop
      vertex   3.171667e+01 4.803919e+00 2.797564e+01
      vertex   3.185900e+01 4.961576e+00 2.815294e+01
      vertex   3.155338e+01 5.209544e+00 2.797676e+01
    endloop
  endfacet
  facet normal -6.443743e-01 -2.920616e-01 7.067402e-01
    outer loop
      vertex   3.155338e+01 5.209544e+00 2.797676e+01
      vertex   3.185900e+01 4.961576e+00 2.815294e+01
      vertex   3.181993e+01 5.232471e+00 2.822927e+01
    endloop
  endfacet
  facet normal -6.132248e-01 -3.962695e-01 6.833197e-01
    outer loop
      vertex   3.155338e+01 5.209544e+00 2.797676e+01
      vertex   3.181993e+01 5.232471e+00 2.822927e+01
      vertex   3.172849e+01 5.492558e+00 2.829803e+01
    endloop
  endfacet
  facet normal -7.308835e-01 -4.026713e-01 5.510583e-01
    outer loop
      vertex   3.172849e+01 5.492558e+00 2.829803e+01
      vertex   3.181993e+01 5.232471e+00 2.822927e+01
      vertex   3.209011e+01 5.206205e+00 2.856842e+01
    endloop
  endfacet
  facet normal -7.308835e-01 -4.026713e-01 5.510583e-01
    outer loop
      vertex   3.172849e+01 5.492558e+00 2.829803e+01
      vertex   3.209011e+01 5.206205e+00 2.856842e+01
      vertex   3.198005e+01 5.519238e+00 2.865118e+01
    endloop
  endfacet
  facet normal -8.302901e-01 -3.956982e-01 3.924811e-01
    outer loop
      vertex   3.198005e+01 5.519238e+00 2.865118e+01
      vertex   3.209011e+01 5.206205e+00 2.856842e+01
      vertex   3.229488e+01 5.152864e+00 2.894781e+01
    endloop
  endfacet
  facet normal -8.302901e-01 -3.956982e-01 3.924811e-01
    outer loop
      vertex   3.198005e+01 5.519238e+00 2.865118e+01
      vertex   3.229488e+01 5.152864e+00 2.894781e+01
      vertex   3.217006e+01 5.507842e+00 2.904166e+01
    endloop
  endfacet
  facet normal -9.004875e-01 -3.748879e-01 2.204117e-01
    outer loop
      vertex   3.217006e+01 5.507842e+00 2.904166e+01
      vertex   3.229488e+01 5.152864e+00 2.894781e+01
      vertex   3.242702e+01 5.074323e+00 2.935412e+01
    endloop
  endfacet
  facet normal -9.004875e-01 -3.748879e-01 2.204117e-01
    outer loop
      vertex   3.217006e+01 5.507842e+00 2.904166e+01
      vertex   3.242702e+01 5.074323e+00 2.935412e+01
      vertex   3.229185e+01 5.458771e+00 2.945576e+01
    endloop
  endfacet
  facet normal -9.391691e-01 -3.410167e-01 4.085358e-02
    outer loop
      vertex   3.229185e+01 5.458771e+00 2.945576e+01
      vertex   3.242702e+01 5.074323e+00 2.935412e+01
      vertex   3.248191e+01 4.973341e+00 2.977304e+01
    endloop
  endfacet
  facet normal -9.391691e-01 -3.410167e-01 4.085358e-02
    outer loop
      vertex   3.229185e+01 5.458771e+00 2.945576e+01
      vertex   3.248191e+01 4.973341e+00 2.977304e+01
      vertex   3.234113e+01 5.373749e+00 2.987891e+01
    endloop
  endfacet
  facet normal 5.508307e-01 -8.345686e-01 8.989863e-03
    outer loop
      vertex   2.884434e+01 6.287573e+00 2.987007e+01
      vertex   2.912005e+01 6.466441e+00 2.958166e+01
      vertex   2.901921e+01 6.403348e+00 2.990295e+01
    endloop
  endfacet
  facet normal 4.311766e-01 -9.013049e-01 -4.166753e-02
    outer loop
      vertex   2.901921e+01 6.403348e+00 2.990295e+01
      vertex   2.912005e+01 6.466441e+00 2.958166e+01
      vertex   2.940765e+01 6.585199e+00 2.998896e+01
    endloop
  endfacet
  facet normal 4.001865e-01 -9.163041e-01 -1.541132e-02
    outer loop
      vertex   2.940765e+01 6.585199e+00 2.998896e+01
      vertex   2.912005e+01 6.466441e+00 2.958166e+01
      vertex   2.947530e+01 6.621934e+00 2.956142e+01
    endloop
  endfacet
  facet normal 4.037810e-01 -9.084716e-01 1.078903e-01
    outer loop
      vertex   2.947530e+01 6.621934e+00 2.956142e+01
      vertex   2.912005e+01 6.466441e+00 2.958166e+01
      vertex   2.942950e+01 6.569389e+00 2.929039e+01
    endloop
  endfacet
  facet normal 2.222915e-01 -9.634925e-01 1.492270e-01
    outer loop
      vertex   2.947530e+01 6.621934e+00 2.956142e+01
      vertex   2.942950e+01 6.569389e+00 2.929039e+01
      vertex   2.987751e+01 6.724627e+00 2.962532e+01
    endloop
  endfacet
  facet normal 2.276930e-01 -9.633339e-01 1.419282e-01
    outer loop
      vertex   2.987751e+01 6.724627e+00 2.962532e+01
      vertex   2.942950e+01 6.569389e+00 2.929039e+01
      vertex   2.994080e+01 6.676662e+00 2.919823e+01
    endloop
  endfacet
  facet normal 5.212418e-02 -9.915159e-01 1.190768e-01
    outer loop
      vertex   2.987751e+01 6.724627e+00 2.962532e+01
      vertex   2.994080e+01 6.676662e+00 2.919823e+01
      vertex   3.029444e+01 6.751699e+00 2.966823e+01
    endloop
  endfacet
  facet normal 5.212418e-02 -9.915159e-01 1.190768e-01
    outer loop
      vertex   3.029444e+01 6.751699e+00 2.966823e+01
      vertex   2.994080e+01 6.676662e+00 2.919823e+01
      vertex   3.032577e+01 6.701659e+00 2.923785e+01
    endloop
  endfacet
  facet normal -1.225009e-01 -9.868110e-01 1.058187e-01
    outer loop
      vertex   3.029444e+01 6.751699e+00 2.966823e+01
      vertex   3.032577e+01 6.701659e+00 2.923785e+01
      vertex   3.071102e+01 6.702170e+00 2.968860e+01
    endloop
  endfacet
  facet normal -1.225009e-01 -9.868110e-01 1.058187e-01
    outer loop
      vertex   3.071102e+01 6.702170e+00 2.968860e+01
      vertex   3.032577e+01 6.701659e+00 2.923785e+01
      vertex   3.071041e+01 6.655927e+00 2.925666e+01
    endloop
  endfacet
  facet normal -2.938240e-01 -9.503847e-01 1.021592e-01
    outer loop
      vertex   3.071102e+01 6.702170e+00 2.968860e+01
      vertex   3.071041e+01 6.655927e+00 2.925666e+01
      vertex   3.111219e+01 6.577832e+00 2.968570e+01
    endloop
  endfacet
  facet normal -2.938240e-01 -9.503847e-01 1.021592e-01
    outer loop
      vertex   3.111219e+01 6.577832e+00 2.968570e+01
      vertex   3.071041e+01 6.655927e+00 2.925666e+01
      vertex   3.108083e+01 6.541120e+00 2.925398e+01
    endloop
  endfacet
  facet normal -4.556528e-01 -8.835535e-01 1.082304e-01
    outer loop
      vertex   3.111219e+01 6.577832e+00 2.968570e+01
      vertex   3.108083e+01 6.541120e+00 2.925398e+01
      vertex   3.148344e+01 6.383178e+00 2.965963e+01
    endloop
  endfacet
  facet normal -4.556528e-01 -8.835535e-01 1.082304e-01
    outer loop
      vertex   3.148344e+01 6.383178e+00 2.965963e+01
      vertex   3.108083e+01 6.541120e+00 2.925398e+01
      vertex   3.142363e+01 6.361387e+00 2.922991e+01
    endloop
  endfacet
  facet normal -6.021386e-01 -7.887328e-01 1.238129e-01
    outer loop
      vertex   3.148344e+01 6.383178e+00 2.965963e+01
      vertex   3.142363e+01 6.361387e+00 2.922991e+01
      vertex   3.181138e+01 6.125243e+00 2.961132e+01
    endloop
  endfacet
  facet normal -6.021386e-01 -7.887328e-01 1.238129e-01
    outer loop
      vertex   3.181138e+01 6.125243e+00 2.961132e+01
      vertex   3.142363e+01 6.361387e+00 2.922991e+01
      vertex   3.172642e+01 6.123225e+00 2.918531e+01
    endloop
  endfacet
  facet normal -7.279869e-01 -6.693499e-01 1.483436e-01
    outer loop
      vertex   3.181138e+01 6.125243e+00 2.961132e+01
      vertex   3.172642e+01 6.123225e+00 2.918531e+01
      vertex   3.208413e+01 5.813350e+00 2.954254e+01
    endloop
  endfacet
  facet normal -7.279869e-01 -6.693499e-01 1.483436e-01
    outer loop
      vertex   3.208413e+01 5.813350e+00 2.954254e+01
      vertex   3.172642e+01 6.123225e+00 2.918531e+01
      vertex   3.197827e+01 5.835240e+00 2.912179e+01
    endloop
  endfacet
  facet normal -8.286493e-01 -5.297194e-01 1.809359e-01
    outer loop
      vertex   3.208413e+01 5.813350e+00 2.954254e+01
      vertex   3.197827e+01 5.835240e+00 2.912179e+01
      vertex   3.229185e+01 5.458771e+00 2.945576e+01
    endloop
  endfacet
  facet normal -8.286493e-01 -5.297194e-01 1.809359e-01
    outer loop
      vertex   3.229185e+01 5.458771e+00 2.945576e+01
      vertex   3.197827e+01 5.835240e+00 2.912179e+01
      vertex   3.217006e+01 5.507842e+00 2.904166e+01
    endloop
  endfacet
  facet normal 2.352135e-01 -9.517390e-01 1.971485e-01
    outer loop
      vertex   2.942950e+01 6.569389e+00 2.929039e+01
      vertex   2.976151e+01 6.592697e+00 2.900680e+01
      vertex   2.994080e+01 6.676662e+00 2.919823e+01
    endloop
  endfacet
  facet normal 9.445755e-02 -9.412053e-01 3.243613e-01
    outer loop
      vertex   2.994080e+01 6.676662e+00 2.919823e+01
      vertex   2.976151e+01 6.592697e+00 2.900680e+01
      vertex   3.010407e+01 6.535522e+00 2.874114e+01
    endloop
  endfacet
  facet normal 3.685825e-02 -9.510510e-01 3.068281e-01
    outer loop
      vertex   2.994080e+01 6.676662e+00 2.919823e+01
      vertex   3.010407e+01 6.535522e+00 2.874114e+01
      vertex   3.035368e+01 6.571990e+00 2.882419e+01
    endloop
  endfacet
  facet normal -2.596745e-02 -8.842360e-01 4.663179e-01
    outer loop
      vertex   3.035368e+01 6.571990e+00 2.882419e+01
      vertex   3.010407e+01 6.535522e+00 2.874114e+01
      vertex   3.044480e+01 6.399930e+00 2.850300e+01
    endloop
  endfacet
  facet normal -1.272062e-01 -8.888963e-01 4.400932e-01
    outer loop
      vertex   3.035368e+01 6.571990e+00 2.882419e+01
      vertex   3.044480e+01 6.399930e+00 2.850300e+01
      vertex   3.069288e+01 6.531662e+00 2.884077e+01
    endloop
  endfacet
  facet normal -1.667545e-01 -8.709813e-01 4.621520e-01
    outer loop
      vertex   3.069288e+01 6.531662e+00 2.884077e+01
      vertex   3.044480e+01 6.399930e+00 2.850300e+01
      vertex   3.065902e+01 6.333741e+00 2.845555e+01
    endloop
  endfacet
  facet normal -2.599446e-01 -8.494160e-01 4.592616e-01
    outer loop
      vertex   3.069288e+01 6.531662e+00 2.884077e+01
      vertex   3.065902e+01 6.333741e+00 2.845555e+01
      vertex   3.101952e+01 6.430421e+00 2.883841e+01
    endloop
  endfacet
  facet normal -2.599446e-01 -8.494160e-01 4.592616e-01
    outer loop
      vertex   3.101952e+01 6.430421e+00 2.883841e+01
      vertex   3.065902e+01 6.333741e+00 2.845555e+01
      vertex   3.093042e+01 6.249624e+00 2.845359e+01
    endloop
  endfacet
  facet normal -3.855686e-01 -7.975365e-01 4.639745e-01
    outer loop
      vertex   3.101952e+01 6.430421e+00 2.883841e+01
      vertex   3.093042e+01 6.249624e+00 2.845359e+01
      vertex   3.132181e+01 6.271926e+00 2.881718e+01
    endloop
  endfacet
  facet normal -3.855686e-01 -7.975365e-01 4.639745e-01
    outer loop
      vertex   3.132181e+01 6.271926e+00 2.881718e+01
      vertex   3.093042e+01 6.249624e+00 2.845359e+01
      vertex   3.118158e+01 6.117937e+00 2.843595e+01
    endloop
  endfacet
  facet normal -4.992821e-01 -7.239295e-01 4.760709e-01
    outer loop
      vertex   3.132181e+01 6.271926e+00 2.881718e+01
      vertex   3.118158e+01 6.117937e+00 2.843595e+01
      vertex   3.158883e+01 6.061905e+00 2.877785e+01
    endloop
  endfacet
  facet normal -4.992821e-01 -7.239295e-01 4.760709e-01
    outer loop
      vertex   3.158883e+01 6.061905e+00 2.877785e+01
      vertex   3.118158e+01 6.117937e+00 2.843595e+01
      vertex   3.140344e+01 5.943439e+00 2.840327e+01
    endloop
  endfacet
  facet normal -5.969752e-01 -6.312553e-01 4.951135e-01
    outer loop
      vertex   3.158883e+01 6.061905e+00 2.877785e+01
      vertex   3.140344e+01 5.943439e+00 2.840327e+01
      vertex   3.181092e+01 5.807950e+00 2.872184e+01
    endloop
  endfacet
  facet normal -5.969752e-01 -6.312553e-01 4.951135e-01
    outer loop
      vertex   3.181092e+01 5.807950e+00 2.872184e+01
      vertex   3.140344e+01 5.943439e+00 2.840327e+01
      vertex   3.158796e+01 5.732437e+00 2.835674e+01
    endloop
  endfacet
  facet normal -6.751171e-01 -5.228633e-01 5.204141e-01
    outer loop
      vertex   3.181092e+01 5.807950e+00 2.872184e+01
      vertex   3.158796e+01 5.732437e+00 2.835674e+01
      vertex   3.198005e+01 5.519238e+00 2.865118e+01
    endloop
  endfacet
  facet normal -6.751171e-01 -5.228633e-01 5.204141e-01
    outer loop
      vertex   3.198005e+01 5.519238e+00 2.865118e+01
      vertex   3.158796e+01 5.732437e+00 2.835674e+01
      vertex   3.172849e+01 5.492558e+00 2.829803e+01
    endloop
  endfacet
  facet normal -9.490375e-02 -7.643404e-01 6.377907e-01
    outer loop
      vertex   3.044480e+01 6.399930e+00 2.850300e+01
      vertex   3.077140e+01 6.190823e+00 2.830100e+01
      vertex   3.065902e+01 6.333741e+00 2.845555e+01
    endloop
  endfacet
  facet normal -2.419748e-01 -7.937452e-01 5.580473e-01
    outer loop
      vertex   3.065902e+01 6.333741e+00 2.845555e+01
      vertex   3.077140e+01 6.190823e+00 2.830100e+01
      vertex   3.093042e+01 6.249624e+00 2.845359e+01
    endloop
  endfacet
  facet normal -3.282560e-01 -7.147730e-01 6.175334e-01
    outer loop
      vertex   3.077140e+01 6.190823e+00 2.830100e+01
      vertex   3.107205e+01 5.915758e+00 2.814244e+01
      vertex   3.093042e+01 6.249624e+00 2.845359e+01
    endloop
  endfacet
  facet normal -3.314410e-01 -7.146594e-01 6.159617e-01
    outer loop
      vertex   3.093042e+01 6.249624e+00 2.845359e+01
      vertex   3.107205e+01 5.915758e+00 2.814244e+01
      vertex   3.118158e+01 6.117937e+00 2.843595e+01
    endloop
  endfacet
  facet normal -4.292446e-01 -6.609949e-01 6.154956e-01
    outer loop
      vertex   3.118158e+01 6.117937e+00 2.843595e+01
      vertex   3.107205e+01 5.915758e+00 2.814244e+01
      vertex   3.140344e+01 5.943439e+00 2.840327e+01
    endloop
  endfacet
  facet normal -4.681922e-01 -5.903515e-01 6.574809e-01
    outer loop
      vertex   3.140344e+01 5.943439e+00 2.840327e+01
      vertex   3.107205e+01 5.915758e+00 2.814244e+01
      vertex   3.133589e+01 5.584676e+00 2.803304e+01
    endloop
  endfacet
  facet normal -4.957461e-01 -5.767368e-01 6.493154e-01
    outer loop
      vertex   3.140344e+01 5.943439e+00 2.840327e+01
      vertex   3.133589e+01 5.584676e+00 2.803304e+01
      vertex   3.158796e+01 5.732437e+00 2.835674e+01
    endloop
  endfacet
  facet normal -5.633497e-01 -4.923983e-01 6.634614e-01
    outer loop
      vertex   3.158796e+01 5.732437e+00 2.835674e+01
      vertex   3.133589e+01 5.584676e+00 2.803304e+01
      vertex   3.172849e+01 5.492558e+00 2.829803e+01
    endloop
  endfacet
  facet normal -5.715591e-01 -4.356907e-01 6.953372e-01
    outer loop
      vertex   3.133589e+01 5.584676e+00 2.803304e+01
      vertex   3.155338e+01 5.209544e+00 2.797676e+01
      vertex   3.172849e+01 5.492558e+00 2.829803e+01
    endloop
  endfacet
  facet normal -6.321798e-01 -5.561017e-02 7.728235e-01
    outer loop
      vertex   3.171667e+01 4.803919e+00 2.797564e+01
      vertex   3.181984e+01 4.382463e+00 2.802971e+01
      vertex   3.184427e+01 4.689665e+00 2.807180e+01
    endloop
  endfacet
  facet normal -6.697974e-01 3.032772e-01 6.777864e-01
    outer loop
      vertex   3.185918e+01 3.960408e+00 2.813702e+01
      vertex   3.183326e+01 3.553007e+00 2.829370e+01
      vertex   3.189459e+01 3.941630e+00 2.818042e+01
    endloop
  endfacet
  facet normal -5.352930e-01 8.211552e-01 1.979031e-01
    outer loop
      vertex   3.163225e+01 2.609276e+00 2.946120e+01
      vertex   3.138481e+01 2.560178e+00 2.899564e+01
      vertex   3.126266e+01 2.391258e+00 2.936615e+01
    endloop
  endfacet
  facet normal -4.536715e-01 8.578157e-01 2.415252e-01
    outer loop
      vertex   3.126266e+01 2.391258e+00 2.936615e+01
      vertex   3.138481e+01 2.560178e+00 2.899564e+01
      vertex   3.112979e+01 2.345611e+00 2.927870e+01
    endloop
  endfacet
  facet normal -3.692027e-01 9.261085e-01 7.754042e-02
    outer loop
      vertex   3.126266e+01 2.391258e+00 2.936615e+01
      vertex   3.112979e+01 2.345611e+00 2.927870e+01
      vertex   3.083588e+01 2.204062e+00 2.956986e+01
    endloop
  endfacet
  facet normal -1.417353e-01 9.881524e-01 5.887237e-02
    outer loop
      vertex   3.051369e+01 2.140647e+00 2.985859e+01
      vertex   3.080140e+01 2.190368e+00 2.971668e+01
      vertex   3.083588e+01 2.204062e+00 2.956986e+01
    endloop
  endfacet
  facet normal -3.382036e-01 9.410361e-01 8.332516e-03
    outer loop
      vertex   3.083588e+01 2.204062e+00 2.956986e+01
      vertex   3.080140e+01 2.190368e+00 2.971668e+01
      vertex   3.119641e+01 2.331675e+00 2.979132e+01
    endloop
  endfacet
  facet normal -3.717100e-01 9.255688e-01 7.179160e-02
    outer loop
      vertex   3.083588e+01 2.204062e+00 2.956986e+01
      vertex   3.119641e+01 2.331675e+00 2.979132e+01
      vertex   3.126266e+01 2.391258e+00 2.936615e+01
    endloop
  endfacet
  facet normal -5.152354e-01 8.561288e-01 3.969822e-02
    outer loop
      vertex   3.126266e+01 2.391258e+00 2.936615e+01
      vertex   3.119641e+01 2.331675e+00 2.979132e+01
      vertex   3.163225e+01 2.609276e+00 2.946120e+01
    endloop
  endfacet
  facet normal 2.412328e-02 9.991972e-01 -3.198397e-02
    outer loop
      vertex   3.017488e+01 2.157657e+00 3.013447e+01
      vertex   3.033778e+01 2.152406e+00 3.009328e+01
      vertex   3.051369e+01 2.140647e+00 2.985859e+01
    endloop
  endfacet
  facet normal -1.354894e-01 9.792622e-01 -1.506261e-01
    outer loop
      vertex   3.051369e+01 2.140647e+00 2.985859e+01
      vertex   3.033778e+01 2.152406e+00 3.009328e+01
      vertex   3.072743e+01 2.214132e+00 3.014409e+01
    endloop
  endfacet
  facet normal -2.129857e-01 9.728131e-01 -9.094886e-02
    outer loop
      vertex   3.051369e+01 2.140647e+00 2.985859e+01
      vertex   3.072743e+01 2.214132e+00 3.014409e+01
      vertex   3.080140e+01 2.190368e+00 2.971668e+01
    endloop
  endfacet
  facet normal -3.168519e-01 9.423937e-01 -1.072331e-01
    outer loop
      vertex   3.080140e+01 2.190368e+00 2.971668e+01
      vertex   3.072743e+01 2.214132e+00 3.014409e+01
      vertex   3.119641e+01 2.331675e+00 2.979132e+01
    endloop
  endfacet
  facet normal 8.725016e-02 9.641574e-01 -2.505752e-01
    outer loop
      vertex   2.983167e+01 2.254479e+00 3.038752e+01
      vertex   2.993347e+01 2.270359e+00 3.048406e+01
      vertex   3.017488e+01 2.157657e+00 3.013447e+01
    endloop
  endfacet
  facet normal 4.688958e-02 9.597208e-01 -2.770151e-01
    outer loop
      vertex   3.017488e+01 2.157657e+00 3.013447e+01
      vertex   2.993347e+01 2.270359e+00 3.048406e+01
      vertex   3.028775e+01 2.260813e+00 3.051096e+01
    endloop
  endfacet
  facet normal -3.327569e-02 9.664171e-01 -2.548152e-01
    outer loop
      vertex   3.017488e+01 2.157657e+00 3.013447e+01
      vertex   3.028775e+01 2.260813e+00 3.051096e+01
      vertex   3.033778e+01 2.152406e+00 3.009328e+01
    endloop
  endfacet
  facet normal -1.174703e-01 9.577162e-01 -2.626412e-01
    outer loop
      vertex   3.033778e+01 2.152406e+00 3.009328e+01
      vertex   3.028775e+01 2.260813e+00 3.051096e+01
      vertex   3.072743e+01 2.214132e+00 3.014409e+01
    endloop
  endfacet
  facet normal 2.167632e-01 9.006244e-01 -3.766821e-01
    outer loop
      vertex   2.983167e+01 2.254479e+00 3.038752e+01
      vertex   2.949649e+01 2.427612e+00 3.060858e+01
      vertex   2.993347e+01 2.270359e+00 3.048406e+01
    endloop
  endfacet
  facet normal 7.845131e-01 5.837691e-01 -2.091720e-01
    outer loop
      vertex   2.889791e+01 2.975252e+00 3.092428e+01
      vertex   2.865615e+01 3.329965e+00 3.100749e+01
      vertex   2.872436e+01 3.238031e+00 3.100676e+01
    endloop
  endfacet
  facet normal 5.943221e-01 4.463231e-01 -6.690119e-01
    outer loop
      vertex   2.872436e+01 3.238031e+00 3.100676e+01
      vertex   2.865615e+01 3.329965e+00 3.100749e+01
      vertex   2.860110e+01 3.503700e+00 3.107449e+01
    endloop
  endfacet
  facet normal 7.959869e-01 4.202353e-01 -4.356687e-01
    outer loop
      vertex   2.865615e+01 3.329965e+00 3.100749e+01
      vertex   2.846490e+01 3.722119e+00 3.103632e+01
      vertex   2.860110e+01 3.503700e+00 3.107449e+01
    endloop
  endfacet
  facet normal 7.183451e-01 3.420929e-01 -6.057663e-01
    outer loop
      vertex   2.860110e+01 3.503700e+00 3.107449e+01
      vertex   2.846490e+01 3.722119e+00 3.103632e+01
      vertex   2.853175e+01 3.785850e+00 3.115159e+01
    endloop
  endfacet
  facet normal 7.876484e-01 2.168363e-01 -5.767079e-01
    outer loop
      vertex   2.846490e+01 3.722119e+00 3.103632e+01
      vertex   2.833106e+01 4.137540e+00 3.100973e+01
      vertex   2.853175e+01 3.785850e+00 3.115159e+01
    endloop
  endfacet
  facet normal 7.796767e-01 2.064540e-01 -5.911691e-01
    outer loop
      vertex   2.853175e+01 3.785850e+00 3.115159e+01
      vertex   2.833106e+01 4.137540e+00 3.100973e+01
      vertex   2.851882e+01 4.074282e+00 3.123527e+01
    endloop
  endfacet
  facet normal 8.589208e-01 4.756090e-02 -5.098951e-01
    outer loop
      vertex   2.825948e+01 4.561215e+00 3.092867e+01
      vertex   2.830977e+01 4.522624e+00 3.100978e+01
      vertex   2.833106e+01 4.137540e+00 3.100973e+01
    endloop
  endfacet
  facet normal 7.877476e-01 4.364073e-02 -6.144503e-01
    outer loop
      vertex   2.833106e+01 4.137540e+00 3.100973e+01
      vertex   2.830977e+01 4.522624e+00 3.100978e+01
      vertex   2.856277e+01 4.358573e+00 3.132249e+01
    endloop
  endfacet
  facet normal 7.763869e-01 7.206723e-02 -6.261228e-01
    outer loop
      vertex   2.833106e+01 4.137540e+00 3.100973e+01
      vertex   2.856277e+01 4.358573e+00 3.132249e+01
      vertex   2.851882e+01 4.074282e+00 3.123527e+01
    endloop
  endfacet
  facet normal 1.726600e-01 2.644254e-01 -9.488244e-01
    outer loop
      vertex   2.962757e+01 3.905080e+00 3.188765e+01
      vertex   3.004281e+01 3.784532e+00 3.192961e+01
      vertex   2.961555e+01 3.827319e+00 3.186379e+01
    endloop
  endfacet
  facet normal 1.735879e-01 2.815549e-01 -9.437129e-01
    outer loop
      vertex   2.961555e+01 3.827319e+00 3.186379e+01
      vertex   3.004281e+01 3.784532e+00 3.192961e+01
      vertex   2.961909e+01 3.748425e+00 3.184090e+01
    endloop
  endfacet
  facet normal 1.711269e-01 2.986202e-01 -9.389044e-01
    outer loop
      vertex   2.961909e+01 3.748425e+00 3.184090e+01
      vertex   3.004281e+01 3.784532e+00 3.192961e+01
      vertex   2.963806e+01 3.671249e+00 3.181981e+01
    endloop
  endfacet
  facet normal 1.653661e-01 3.150048e-01 -9.345727e-01
    outer loop
      vertex   2.963806e+01 3.671249e+00 3.181981e+01
      vertex   3.004281e+01 3.784532e+00 3.192961e+01
      vertex   2.967177e+01 3.598582e+00 3.180129e+01
    endloop
  endfacet
  facet normal 1.565135e-01 3.301163e-01 -9.308742e-01
    outer loop
      vertex   2.967177e+01 3.598582e+00 3.180129e+01
      vertex   3.004281e+01 3.784532e+00 3.192961e+01
      vertex   2.971902e+01 3.533048e+00 3.178599e+01
    endloop
  endfacet
  facet normal 1.448892e-01 3.434087e-01 -9.279427e-01
    outer loop
      vertex   2.971902e+01 3.533048e+00 3.178599e+01
      vertex   3.004281e+01 3.784532e+00 3.192961e+01
      vertex   2.977808e+01 3.477018e+00 3.177448e+01
    endloop
  endfacet
  facet normal 1.309132e-01 3.544014e-01 -9.258841e-01
    outer loop
      vertex   2.977808e+01 3.477018e+00 3.177448e+01
      vertex   3.004281e+01 3.784532e+00 3.192961e+01
      vertex   2.984683e+01 3.432515e+00 3.176716e+01
    endloop
  endfacet
  facet normal 1.150908e-01 3.626972e-01 -9.247729e-01
    outer loop
      vertex   2.984683e+01 3.432515e+00 3.176716e+01
      vertex   3.004281e+01 3.784532e+00 3.192961e+01
      vertex   2.992278e+01 3.401149e+00 3.176431e+01
    endloop
  endfacet
  facet normal 9.799372e-02 3.679963e-01 -9.246491e-01
    outer loop
      vertex   2.992278e+01 3.401149e+00 3.176431e+01
      vertex   3.004281e+01 3.784532e+00 3.192961e+01
      vertex   3.000319e+01 3.384053e+00 3.176603e+01
    endloop
  endfacet
  facet normal 8.023997e-02 3.701071e-01 -9.255173e-01
    outer loop
      vertex   3.000319e+01 3.384053e+00 3.176603e+01
      vertex   3.004281e+01 3.784532e+00 3.192961e+01
      vertex   3.008515e+01 3.381845e+00 3.177225e+01
    endloop
  endfacet
  facet normal 6.247118e-02 3.689534e-01 -9.273461e-01
    outer loop
      vertex   3.008515e+01 3.381845e+00 3.177225e+01
      vertex   3.004281e+01 3.784532e+00 3.192961e+01
      vertex   3.016569e+01 3.394604e+00 3.178276e+01
    endloop
  endfacet
  facet normal 2.943472e-02 3.571355e-01 -9.335887e-01
    outer loop
      vertex   3.024192e+01 3.421870e+00 3.179716e+01
      vertex   3.004281e+01 3.784532e+00 3.192961e+01
      vertex   3.031106e+01 3.462658e+00 3.181494e+01
    endloop
  endfacet
  facet normal 1.536105e-02 3.468985e-01 -9.377769e-01
    outer loop
      vertex   3.031106e+01 3.462658e+00 3.181494e+01
      vertex   3.004281e+01 3.784532e+00 3.192961e+01
      vertex   3.037063e+01 3.515492e+00 3.183546e+01
    endloop
  endfacet
  facet normal 3.617255e-03 3.342358e-01 -9.424825e-01
    outer loop
      vertex   3.037063e+01 3.515492e+00 3.183546e+01
      vertex   3.004281e+01 3.784532e+00 3.192961e+01
      vertex   3.041846e+01 3.578464e+00 3.185798e+01
    endloop
  endfacet
  facet normal -5.372224e-03 3.196050e-01 -9.475356e-01
    outer loop
      vertex   3.041846e+01 3.578464e+00 3.185798e+01
      vertex   3.004281e+01 3.784532e+00 3.192961e+01
      vertex   3.045284e+01 3.649297e+00 3.188167e+01
    endloop
  endfacet
  facet normal -1.389991e-02 2.866063e-01 -9.579476e-01
    outer loop
      vertex   3.047251e+01 3.725431e+00 3.190570e+01
      vertex   3.004281e+01 3.784532e+00 3.192961e+01
      vertex   3.047678e+01 3.804115e+00 3.192918e+01
    endloop
  endfacet
  facet normal -1.312990e-02 2.694312e-01 -9.629301e-01
    outer loop
      vertex   3.047678e+01 3.804115e+00 3.192918e+01
      vertex   3.004281e+01 3.784532e+00 3.192961e+01
      vertex   3.046547e+01 3.882505e+00 3.195126e+01
    endloop
  endfacet
  facet normal -9.000284e-03 2.526301e-01 -9.675211e-01
    outer loop
      vertex   3.046547e+01 3.882505e+00 3.195126e+01
      vertex   3.004281e+01 3.784532e+00 3.192961e+01
      vertex   3.043901e+01 3.957767e+00 3.197116e+01
    endloop
  endfacet
  facet normal 8.624704e-03 2.225439e-01 -9.748845e-01
    outer loop
      vertex   3.039834e+01 4.027182e+00 3.198815e+01
      vertex   3.004281e+01 3.784532e+00 3.192961e+01
      vertex   3.034495e+01 4.088241e+00 3.200162e+01
    endloop
  endfacet
  facet normal 1.504937e-01 2.187411e-01 -9.641079e-01
    outer loop
      vertex   2.974980e+01 4.104125e+00 3.195639e+01
      vertex   3.004281e+01 3.784532e+00 3.192961e+01
      vertex   2.969601e+01 4.046105e+00 3.193483e+01
    endloop
  endfacet
  facet normal 1.608930e-01 2.324308e-01 -9.592129e-01
    outer loop
      vertex   2.969601e+01 4.046105e+00 3.193483e+01
      vertex   3.004281e+01 3.784532e+00 3.192961e+01
      vertex   2.965472e+01 3.978898e+00 3.191162e+01
    endloop
  endfacet
  facet normal 1.683768e-01 2.478511e-01 -9.540540e-01
    outer loop
      vertex   2.965472e+01 3.978898e+00 3.191162e+01
      vertex   3.004281e+01 3.784532e+00 3.192961e+01
      vertex   2.962757e+01 3.905080e+00 3.188765e+01
    endloop
  endfacet
  facet normal 5.190252e-01 1.763669e-01 -8.363657e-01
    outer loop
      vertex   2.887432e+01 4.197234e+00 3.157866e+01
      vertex   2.923346e+01 4.044278e+00 3.176928e+01
      vertex   2.883993e+01 3.974785e+00 3.151041e+01
    endloop
  endfacet
  facet normal 5.190252e-01 1.763669e-01 -8.363657e-01
    outer loop
      vertex   2.883993e+01 3.974785e+00 3.151041e+01
      vertex   2.923346e+01 4.044278e+00 3.176928e+01
      vertex   2.920984e+01 3.891488e+00 3.172240e+01
    endloop
  endfacet
  facet normal 5.234988e-01 2.589516e-01 -8.117222e-01
    outer loop
      vertex   2.883993e+01 3.974785e+00 3.151041e+01
      vertex   2.920984e+01 3.891488e+00 3.172240e+01
      vertex   2.885004e+01 3.749095e+00 3.144493e+01
    endloop
  endfacet
  facet normal 5.234988e-01 2.589516e-01 -8.117222e-01
    outer loop
      vertex   2.885004e+01 3.749095e+00 3.144493e+01
      vertex   2.920984e+01 3.891488e+00 3.172240e+01
      vertex   2.921679e+01 3.736473e+00 3.167743e+01
    endloop
  endfacet
  facet normal 5.116340e-01 3.412276e-01 -7.885394e-01
    outer loop
      vertex   2.885004e+01 3.749095e+00 3.144493e+01
      vertex   2.921679e+01 3.736473e+00 3.167743e+01
      vertex   2.890431e+01 3.528322e+00 3.138461e+01
    endloop
  endfacet
  facet normal 5.116340e-01 3.412276e-01 -7.885394e-01
    outer loop
      vertex   2.890431e+01 3.528322e+00 3.138461e+01
      vertex   2.921679e+01 3.736473e+00 3.167743e+01
      vertex   2.925406e+01 3.584834e+00 3.163599e+01
    endloop
  endfacet
  facet normal 4.838596e-01 4.202211e-01 -7.676549e-01
    outer loop
      vertex   2.890431e+01 3.528322e+00 3.138461e+01
      vertex   2.925406e+01 3.584834e+00 3.163599e+01
      vertex   2.900076e+01 3.320444e+00 3.133161e+01
    endloop
  endfacet
  facet normal 4.838596e-01 4.202211e-01 -7.676549e-01
    outer loop
      vertex   2.900076e+01 3.320444e+00 3.133161e+01
      vertex   2.925406e+01 3.584834e+00 3.163599e+01
      vertex   2.932031e+01 3.442052e+00 3.159959e+01
    endloop
  endfacet
  facet normal 4.411794e-01 4.930771e-01 -7.498238e-01
    outer loop
      vertex   2.900076e+01 3.320444e+00 3.133161e+01
      vertex   2.932031e+01 3.442052e+00 3.159959e+01
      vertex   2.913591e+01 3.132975e+00 3.128785e+01
    endloop
  endfacet
  facet normal 4.411794e-01 4.930771e-01 -7.498238e-01
    outer loop
      vertex   2.913591e+01 3.132975e+00 3.128785e+01
      vertex   2.932031e+01 3.442052e+00 3.159959e+01
      vertex   2.941313e+01 3.313288e+00 3.156953e+01
    endloop
  endfacet
  facet normal 3.851359e-01 5.571624e-01 -7.356904e-01
    outer loop
      vertex   2.913591e+01 3.132975e+00 3.128785e+01
      vertex   2.941313e+01 3.313288e+00 3.156953e+01
      vertex   2.930488e+01 2.972691e+00 3.125491e+01
    endloop
  endfacet
  facet normal 3.851359e-01 5.571624e-01 -7.356904e-01
    outer loop
      vertex   2.930488e+01 2.972691e+00 3.125491e+01
      vertex   2.941313e+01 3.313288e+00 3.156953e+01
      vertex   2.952919e+01 3.203196e+00 3.154691e+01
    endloop
  endfacet
  facet normal 3.177548e-01 6.101609e-01 -7.257655e-01
    outer loop
      vertex   2.930488e+01 2.972691e+00 3.125491e+01
      vertex   2.952919e+01 3.203196e+00 3.154691e+01
      vertex   2.950155e+01 2.845384e+00 3.123399e+01
    endloop
  endfacet
  facet normal 3.177548e-01 6.101609e-01 -7.257655e-01
    outer loop
      vertex   2.950155e+01 2.845384e+00 3.123399e+01
      vertex   2.952919e+01 3.203196e+00 3.154691e+01
      vertex   2.966427e+01 3.115755e+00 3.153254e+01
    endloop
  endfacet
  facet normal 2.414713e-01 6.501569e-01 -7.204079e-01
    outer loop
      vertex   2.950155e+01 2.845384e+00 3.123399e+01
      vertex   2.966427e+01 3.115755e+00 3.153254e+01
      vertex   2.971882e+01 2.755656e+00 3.122584e+01
    endloop
  endfacet
  facet normal 2.414713e-01 6.501569e-01 -7.204079e-01
    outer loop
      vertex   2.971882e+01 2.755656e+00 3.122584e+01
      vertex   2.966427e+01 3.115755e+00 3.153254e+01
      vertex   2.981351e+01 3.054125e+00 3.152694e+01
    endloop
  endfacet
  facet normal 1.590426e-01 6.757050e-01 -7.198113e-01
    outer loop
      vertex   2.971882e+01 2.755656e+00 3.122584e+01
      vertex   2.981351e+01 3.054125e+00 3.152694e+01
      vertex   2.994884e+01 2.706749e+00 3.123075e+01
    endloop
  endfacet
  facet normal 1.590426e-01 6.757050e-01 -7.198113e-01
    outer loop
      vertex   2.994884e+01 2.706749e+00 3.123075e+01
      vertex   2.981351e+01 3.054125e+00 3.152694e+01
      vertex   2.997150e+01 3.020534e+00 3.153032e+01
    endloop
  endfacet
  facet normal 7.344782e-02 6.858817e-01 -7.239970e-01
    outer loop
      vertex   2.994884e+01 2.706749e+00 3.123075e+01
      vertex   2.997150e+01 3.020534e+00 3.153032e+01
      vertex   3.018329e+01 2.700432e+00 3.124855e+01
    endloop
  endfacet
  facet normal 7.344782e-02 6.858817e-01 -7.239970e-01
    outer loop
      vertex   3.018329e+01 2.700432e+00 3.124855e+01
      vertex   2.997150e+01 3.020534e+00 3.153032e+01
      vertex   3.013253e+01 3.016195e+00 3.154254e+01
    endloop
  endfacet
  facet normal -1.221940e-02 6.803193e-01 -7.328140e-01
    outer loop
      vertex   3.018329e+01 2.700432e+00 3.124855e+01
      vertex   3.013253e+01 3.016195e+00 3.154254e+01
      vertex   3.041371e+01 2.736933e+00 3.127860e+01
    endloop
  endfacet
  facet normal -1.221940e-02 6.803193e-01 -7.328140e-01
    outer loop
      vertex   3.041371e+01 2.736933e+00 3.127860e+01
      vertex   3.013253e+01 3.016195e+00 3.154254e+01
      vertex   3.029079e+01 3.041266e+00 3.156318e+01
    endloop
  endfacet
  facet normal -9.486283e-02 6.592187e-01 -7.459435e-01
    outer loop
      vertex   3.041371e+01 2.736933e+00 3.127860e+01
      vertex   3.029079e+01 3.041266e+00 3.156318e+01
      vertex   3.063175e+01 2.814933e+00 3.131980e+01
    endloop
  endfacet
  facet normal -9.486283e-02 6.592187e-01 -7.459435e-01
    outer loop
      vertex   3.063175e+01 2.814933e+00 3.131980e+01
      vertex   3.029079e+01 3.041266e+00 3.156318e+01
      vertex   3.044056e+01 3.094840e+00 3.159148e+01
    endloop
  endfacet
  facet normal -1.714955e-01 6.233427e-01 -7.629110e-01
    outer loop
      vertex   3.063175e+01 2.814933e+00 3.131980e+01
      vertex   3.044056e+01 3.094840e+00 3.159148e+01
      vertex   3.082955e+01 2.931611e+00 3.137067e+01
    endloop
  endfacet
  facet normal -1.714955e-01 6.233427e-01 -7.629110e-01
    outer loop
      vertex   3.082955e+01 2.931611e+00 3.137067e+01
      vertex   3.044056e+01 3.094840e+00 3.159148e+01
      vertex   3.057641e+01 3.174981e+00 3.162642e+01
    endloop
  endfacet
  facet normal -2.393478e-01 5.739879e-01 -7.831032e-01
    outer loop
      vertex   3.082955e+01 2.931611e+00 3.137067e+01
      vertex   3.057641e+01 3.174981e+00 3.162642e+01
      vertex   3.099995e+01 3.082752e+00 3.142937e+01
    endloop
  endfacet
  facet normal -2.393478e-01 5.739879e-01 -7.831032e-01
    outer loop
      vertex   3.099995e+01 3.082752e+00 3.142937e+01
      vertex   3.057641e+01 3.174981e+00 3.162642e+01
      vertex   3.069345e+01 3.278793e+00 3.166674e+01
    endloop
  endfacet
  facet normal -2.959672e-01 5.129380e-01 -8.057903e-01
    outer loop
      vertex   3.099995e+01 3.082752e+00 3.142937e+01
      vertex   3.069345e+01 3.278793e+00 3.166674e+01
      vertex   3.113679e+01 3.262893e+00 3.149378e+01
    endloop
  endfacet
  facet normal -2.959672e-01 5.129380e-01 -8.057903e-01
    outer loop
      vertex   3.113679e+01 3.262893e+00 3.149378e+01
      vertex   3.069345e+01 3.278793e+00 3.166674e+01
      vertex   3.078744e+01 3.402523e+00 3.171098e+01
    endloop
  endfacet
  facet normal -3.393075e-01 4.423997e-01 -8.301524e-01
    outer loop
      vertex   3.113679e+01 3.262893e+00 3.149378e+01
      vertex   3.078744e+01 3.402523e+00 3.171098e+01
      vertex   3.123513e+01 3.465523e+00 3.156157e+01
    endloop
  endfacet
  facet normal -3.393075e-01 4.423997e-01 -8.301524e-01
    outer loop
      vertex   3.123513e+01 3.465523e+00 3.156157e+01
      vertex   3.078744e+01 3.402523e+00 3.171098e+01
      vertex   3.085499e+01 3.541700e+00 3.175754e+01
    endloop
  endfacet
  facet normal -3.678021e-01 3.649222e-01 -8.553089e-01
    outer loop
      vertex   3.123513e+01 3.465523e+00 3.156157e+01
      vertex   3.085499e+01 3.541700e+00 3.175754e+01
      vertex   3.129141e+01 3.683318e+00 3.163029e+01
    endloop
  endfacet
  facet normal -3.678021e-01 3.649222e-01 -8.553089e-01
    outer loop
      vertex   3.129141e+01 3.683318e+00 3.163029e+01
      vertex   3.085499e+01 3.541700e+00 3.175754e+01
      vertex   3.089365e+01 3.691293e+00 3.180474e+01
    endloop
  endfacet
  facet normal -3.804213e-01 2.833059e-01 -8.803507e-01
    outer loop
      vertex   3.129141e+01 3.683318e+00 3.163029e+01
      vertex   3.089365e+01 3.691293e+00 3.180474e+01
      vertex   3.130360e+01 3.908406e+00 3.169746e+01
    endloop
  endfacet
  facet normal 3.521540e-01 2.243482e-01 -9.086559e-01
    outer loop
      vertex   2.923346e+01 4.044278e+00 3.176928e+01
      vertex   2.962757e+01 3.905080e+00 3.188765e+01
      vertex   2.920984e+01 3.891488e+00 3.172240e+01
    endloop
  endfacet
  facet normal 3.521540e-01 2.243482e-01 -9.086559e-01
    outer loop
      vertex   2.920984e+01 3.891488e+00 3.172240e+01
      vertex   2.962757e+01 3.905080e+00 3.188765e+01
      vertex   2.961555e+01 3.827319e+00 3.186379e+01
    endloop
  endfacet
  facet normal 3.549042e-01 2.751186e-01 -8.935059e-01
    outer loop
      vertex   2.920984e+01 3.891488e+00 3.172240e+01
      vertex   2.961555e+01 3.827319e+00 3.186379e+01
      vertex   2.921679e+01 3.736473e+00 3.167743e+01
    endloop
  endfacet
  facet normal 3.549042e-01 2.751186e-01 -8.935059e-01
    outer loop
      vertex   2.921679e+01 3.736473e+00 3.167743e+01
      vertex   2.961555e+01 3.827319e+00 3.186379e+01
      vertex   2.961909e+01 3.748425e+00 3.184090e+01
    endloop
  endfacet
  facet normal 3.476101e-01 3.256993e-01 -8.792538e-01
    outer loop
      vertex   2.921679e+01 3.736473e+00 3.167743e+01
      vertex   2.961909e+01 3.748425e+00 3.184090e+01
      vertex   2.925406e+01 3.584834e+00 3.163599e+01
    endloop
  endfacet
  facet normal 3.476101e-01 3.256993e-01 -8.792538e-01
    outer loop
      vertex   2.925406e+01 3.584834e+00 3.163599e+01
      vertex   2.961909e+01 3.748425e+00 3.184090e+01
      vertex   2.963806e+01 3.671249e+00 3.181981e+01
    endloop
  endfacet
  facet normal 3.305353e-01 3.742619e-01 -8.664147e-01
    outer loop
      vertex   2.925406e+01 3.584834e+00 3.163599e+01
      vertex   2.963806e+01 3.671249e+00 3.181981e+01
      vertex   2.932031e+01 3.442052e+00 3.159959e+01
    endloop
  endfacet
  facet normal 3.305353e-01 3.742619e-01 -8.664147e-01
    outer loop
      vertex   2.932031e+01 3.442052e+00 3.159959e+01
      vertex   2.963806e+01 3.671249e+00 3.181981e+01
      vertex   2.967177e+01 3.598582e+00 3.180129e+01
    endloop
  endfacet
  facet normal 3.042968e-01 4.190515e-01 -8.554527e-01
    outer loop
      vertex   2.932031e+01 3.442052e+00 3.159959e+01
      vertex   2.967177e+01 3.598582e+00 3.180129e+01
      vertex   2.941313e+01 3.313288e+00 3.156953e+01
    endloop
  endfacet
  facet normal 3.042968e-01 4.190515e-01 -8.554527e-01
    outer loop
      vertex   2.941313e+01 3.313288e+00 3.156953e+01
      vertex   2.967177e+01 3.598582e+00 3.180129e+01
      vertex   2.971902e+01 3.533048e+00 3.178599e+01
    endloop
  endfacet
  facet normal 2.698431e-01 4.584491e-01 -8.467639e-01
    outer loop
      vertex   2.941313e+01 3.313288e+00 3.156953e+01
      vertex   2.971902e+01 3.533048e+00 3.178599e+01
      vertex   2.952919e+01 3.203196e+00 3.154691e+01
    endloop
  endfacet
  facet normal 2.698431e-01 4.584491e-01 -8.467639e-01
    outer loop
      vertex   2.952919e+01 3.203196e+00 3.154691e+01
      vertex   2.971902e+01 3.533048e+00 3.178599e+01
      vertex   2.977808e+01 3.477018e+00 3.177448e+01
    endloop
  endfacet
  facet normal 2.284193e-01 4.910309e-01 -8.406624e-01
    outer loop
      vertex   2.952919e+01 3.203196e+00 3.154691e+01
      vertex   2.977808e+01 3.477018e+00 3.177448e+01
      vertex   2.966427e+01 3.115755e+00 3.153254e+01
    endloop
  endfacet
  facet normal 2.284193e-01 4.910309e-01 -8.406624e-01
    outer loop
      vertex   2.966427e+01 3.115755e+00 3.153254e+01
      vertex   2.977808e+01 3.477018e+00 3.177448e+01
      vertex   2.984683e+01 3.432515e+00 3.176716e+01
    endloop
  endfacet
  facet normal 1.815227e-01 5.156191e-01 -8.373687e-01
    outer loop
      vertex   2.966427e+01 3.115755e+00 3.153254e+01
      vertex   2.984683e+01 3.432515e+00 3.176716e+01
      vertex   2.981351e+01 3.054125e+00 3.152694e+01
    endloop
  endfacet
  facet normal 1.815227e-01 5.156191e-01 -8.373687e-01
    outer loop
      vertex   2.981351e+01 3.054125e+00 3.152694e+01
      vertex   2.984683e+01 3.432515e+00 3.176716e+01
      vertex   2.992278e+01 3.401149e+00 3.176431e+01
    endloop
  endfacet
  facet normal 1.308482e-01 5.313253e-01 -8.370019e-01
    outer loop
      vertex   2.981351e+01 3.054125e+00 3.152694e+01
      vertex   2.992278e+01 3.401149e+00 3.176431e+01
      vertex   2.997150e+01 3.020534e+00 3.153032e+01
    endloop
  endfacet
  facet normal 1.308482e-01 5.313253e-01 -8.370019e-01
    outer loop
      vertex   2.997150e+01 3.020534e+00 3.153032e+01
      vertex   2.992278e+01 3.401149e+00 3.176431e+01
      vertex   3.000319e+01 3.384053e+00 3.176603e+01
    endloop
  endfacet
  facet normal 7.822723e-02 5.375816e-01 -8.395752e-01
    outer loop
      vertex   2.997150e+01 3.020534e+00 3.153032e+01
      vertex   3.000319e+01 3.384053e+00 3.176603e+01
      vertex   3.013253e+01 3.016195e+00 3.154254e+01
    endloop
  endfacet
  facet normal 7.822723e-02 5.375816e-01 -8.395752e-01
    outer loop
      vertex   3.013253e+01 3.016195e+00 3.154254e+01
      vertex   3.000319e+01 3.384053e+00 3.176603e+01
      vertex   3.008515e+01 3.381845e+00 3.177225e+01
    endloop
  endfacet
  facet normal 2.556176e-02 5.341620e-01 -8.449956e-01
    outer loop
      vertex   3.013253e+01 3.016195e+00 3.154254e+01
      vertex   3.008515e+01 3.381845e+00 3.177225e+01
      vertex   3.029079e+01 3.041266e+00 3.156318e+01
    endloop
  endfacet
  facet normal 2.556176e-02 5.341620e-01 -8.449956e-01
    outer loop
      vertex   3.029079e+01 3.041266e+00 3.156318e+01
      vertex   3.008515e+01 3.381845e+00 3.177225e+01
      vertex   3.016569e+01 3.394604e+00 3.178276e+01
    endloop
  endfacet
  facet normal -2.524479e-02 5.211901e-01 -8.530672e-01
    outer loop
      vertex   3.029079e+01 3.041266e+00 3.156318e+01
      vertex   3.016569e+01 3.394604e+00 3.178276e+01
      vertex   3.044056e+01 3.094840e+00 3.159148e+01
    endloop
  endfacet
  facet normal -2.524479e-02 5.211901e-01 -8.530672e-01
    outer loop
      vertex   3.044056e+01 3.094840e+00 3.159148e+01
      vertex   3.016569e+01 3.394604e+00 3.178276e+01
      vertex   3.024192e+01 3.421870e+00 3.179716e+01
    endloop
  endfacet
  facet normal -7.235612e-02 4.991346e-01 -8.634982e-01
    outer loop
      vertex   3.044056e+01 3.094840e+00 3.159148e+01
      vertex   3.024192e+01 3.421870e+00 3.179716e+01
      vertex   3.057641e+01 3.174981e+00 3.162642e+01
    endloop
  endfacet
  facet normal -7.235612e-02 4.991346e-01 -8.634982e-01
    outer loop
      vertex   3.057641e+01 3.174981e+00 3.162642e+01
      vertex   3.024192e+01 3.421870e+00 3.179716e+01
      vertex   3.031106e+01 3.462658e+00 3.181494e+01
    endloop
  endfacet
  facet normal -1.140695e-01 4.687929e-01 -8.759118e-01
    outer loop
      vertex   3.057641e+01 3.174981e+00 3.162642e+01
      vertex   3.031106e+01 3.462658e+00 3.181494e+01
      vertex   3.069345e+01 3.278793e+00 3.166674e+01
    endloop
  endfacet
  facet normal -1.140695e-01 4.687929e-01 -8.759118e-01
    outer loop
      vertex   3.069345e+01 3.278793e+00 3.166674e+01
      vertex   3.031106e+01 3.462658e+00 3.181494e+01
      vertex   3.037063e+01 3.515492e+00 3.183546e+01
    endloop
  endfacet
  facet normal -1.488773e-01 4.312614e-01 -8.898591e-01
    outer loop
      vertex   3.069345e+01 3.278793e+00 3.166674e+01
      vertex   3.037063e+01 3.515492e+00 3.183546e+01
      vertex   3.078744e+01 3.402523e+00 3.171098e+01
    endloop
  endfacet
  facet normal -1.488773e-01 4.312614e-01 -8.898591e-01
    outer loop
      vertex   3.078744e+01 3.402523e+00 3.171098e+01
      vertex   3.037063e+01 3.515492e+00 3.183546e+01
      vertex   3.041846e+01 3.578464e+00 3.185798e+01
    endloop
  endfacet
  facet normal -1.755215e-01 3.878966e-01 -9.048361e-01
    outer loop
      vertex   3.078744e+01 3.402523e+00 3.171098e+01
      vertex   3.041846e+01 3.578464e+00 3.185798e+01
      vertex   3.085499e+01 3.541700e+00 3.175754e+01
    endloop
  endfacet
  facet normal -1.755215e-01 3.878966e-01 -9.048361e-01
    outer loop
      vertex   3.085499e+01 3.541700e+00 3.175754e+01
      vertex   3.041846e+01 3.578464e+00 3.185798e+01
      vertex   3.045284e+01 3.649297e+00 3.188167e+01
    endloop
  endfacet
  facet normal -1.930392e-01 3.402660e-01 -9.203016e-01
    outer loop
      vertex   3.085499e+01 3.541700e+00 3.175754e+01
      vertex   3.045284e+01 3.649297e+00 3.188167e+01
      vertex   3.089365e+01 3.691293e+00 3.180474e+01
    endloop
  endfacet
  facet normal 3.394588e-01 1.752228e-01 -9.241562e-01
    outer loop
      vertex   2.962757e+01 3.905080e+00 3.188765e+01
      vertex   2.923346e+01 4.044278e+00 3.176928e+01
      vertex   2.965472e+01 3.978898e+00 3.191162e+01
    endloop
  endfacet
  facet normal 4.532959e-02 3.645768e-01 -9.300693e-01
    outer loop
      vertex   3.016569e+01 3.394604e+00 3.178276e+01
      vertex   3.004281e+01 3.784532e+00 3.192961e+01
      vertex   3.024192e+01 3.421870e+00 3.179716e+01
    endloop
  endfacet
  facet normal -7.622587e-01 -2.750231e-01 5.859385e-01
    outer loop
      vertex   3.209011e+01 5.206205e+00 2.856842e+01
      vertex   3.181993e+01 5.232471e+00 2.822927e+01
      vertex   3.213713e+01 4.880164e+00 2.847655e+01
    endloop
  endfacet
  facet normal -7.622587e-01 -2.750231e-01 5.859385e-01
    outer loop
      vertex   3.213713e+01 4.880164e+00 2.847655e+01
      vertex   3.181993e+01 5.232471e+00 2.822927e+01
      vertex   3.185900e+01 4.961576e+00 2.815294e+01
    endloop
  endfacet
  facet normal -7.681090e-01 -1.445325e-01 6.237940e-01
    outer loop
      vertex   3.213713e+01 4.880164e+00 2.847655e+01
      vertex   3.185900e+01 4.961576e+00 2.815294e+01
      vertex   3.211940e+01 4.552900e+00 2.837890e+01
    endloop
  endfacet
  facet normal -8.668299e-01 -2.470386e-01 4.331027e-01
    outer loop
      vertex   3.229488e+01 5.152864e+00 2.894781e+01
      vertex   3.209011e+01 5.206205e+00 2.856842e+01
      vertex   3.234819e+01 4.783135e+00 2.884364e+01
    endloop
  endfacet
  facet normal -8.668299e-01 -2.470386e-01 4.331027e-01
    outer loop
      vertex   3.234819e+01 4.783135e+00 2.884364e+01
      vertex   3.209011e+01 5.206205e+00 2.856842e+01
      vertex   3.213713e+01 4.880164e+00 2.847655e+01
    endloop
  endfacet
  facet normal -8.736431e-01 -9.506856e-02 4.771894e-01
    outer loop
      vertex   3.234819e+01 4.783135e+00 2.884364e+01
      vertex   3.213713e+01 4.880164e+00 2.847655e+01
      vertex   3.232809e+01 4.412019e+00 2.873289e+01
    endloop
  endfacet
  facet normal -8.736431e-01 -9.506856e-02 4.771894e-01
    outer loop
      vertex   3.232809e+01 4.412019e+00 2.873289e+01
      vertex   3.213713e+01 4.880164e+00 2.847655e+01
      vertex   3.211940e+01 4.552900e+00 2.837890e+01
    endloop
  endfacet
  facet normal -8.504835e-01 5.471931e-02 5.231478e-01
    outer loop
      vertex   3.232809e+01 4.412019e+00 2.873289e+01
      vertex   3.211940e+01 4.552900e+00 2.837890e+01
      vertex   3.223529e+01 4.052928e+00 2.861959e+01
    endloop
  endfacet
  facet normal -8.504835e-01 5.471931e-02 5.231478e-01
    outer loop
      vertex   3.223529e+01 4.052928e+00 2.861959e+01
      vertex   3.211940e+01 4.552900e+00 2.837890e+01
      vertex   3.203757e+01 4.236240e+00 2.827898e+01
    endloop
  endfacet
  facet normal -7.981881e-01 1.969113e-01 5.693169e-01
    outer loop
      vertex   3.223529e+01 4.052928e+00 2.861959e+01
      vertex   3.203757e+01 4.236240e+00 2.827898e+01
      vertex   3.207315e+01 3.718841e+00 2.850782e+01
    endloop
  endfacet
  facet normal -9.409052e-01 -2.104516e-01 2.653444e-01
    outer loop
      vertex   3.242702e+01 5.074323e+00 2.935412e+01
      vertex   3.229488e+01 5.152864e+00 2.894781e+01
      vertex   3.248477e+01 4.673899e+00 2.924129e+01
    endloop
  endfacet
  facet normal -9.409052e-01 -2.104516e-01 2.653444e-01
    outer loop
      vertex   3.248477e+01 4.673899e+00 2.924129e+01
      vertex   3.229488e+01 5.152864e+00 2.894781e+01
      vertex   3.234819e+01 4.783135e+00 2.884364e+01
    endloop
  endfacet
  facet normal -9.484414e-01 -4.235345e-02 3.141099e-01
    outer loop
      vertex   3.248477e+01 4.673899e+00 2.924129e+01
      vertex   3.234819e+01 4.783135e+00 2.884364e+01
      vertex   3.246300e+01 4.271972e+00 2.912135e+01
    endloop
  endfacet
  facet normal -9.484414e-01 -4.235345e-02 3.141099e-01
    outer loop
      vertex   3.246300e+01 4.271972e+00 2.912135e+01
      vertex   3.234819e+01 4.783135e+00 2.884364e+01
      vertex   3.232809e+01 4.412019e+00 2.873289e+01
    endloop
  endfacet
  facet normal -9.228240e-01 1.233309e-01 3.649457e-01
    outer loop
      vertex   3.246300e+01 4.271972e+00 2.912135e+01
      vertex   3.232809e+01 4.412019e+00 2.873289e+01
      vertex   3.236249e+01 3.883070e+00 2.899864e+01
    endloop
  endfacet
  facet normal -9.228240e-01 1.233309e-01 3.649457e-01
    outer loop
      vertex   3.236249e+01 3.883070e+00 2.899864e+01
      vertex   3.232809e+01 4.412019e+00 2.873289e+01
      vertex   3.223529e+01 4.052928e+00 2.861959e+01
    endloop
  endfacet
  facet normal -8.649787e-01 2.806133e-01 4.160145e-01
    outer loop
      vertex   3.236249e+01 3.883070e+00 2.899864e+01
      vertex   3.223529e+01 4.052928e+00 2.861959e+01
      vertex   3.218689e+01 3.521247e+00 2.887760e+01
    endloop
  endfacet
  facet normal -8.649787e-01 2.806133e-01 4.160145e-01
    outer loop
      vertex   3.218689e+01 3.521247e+00 2.887760e+01
      vertex   3.223529e+01 4.052928e+00 2.861959e+01
      vertex   3.207315e+01 3.718841e+00 2.850782e+01
    endloop
  endfacet
  facet normal -7.769962e-01 4.238090e-01 4.654706e-01
    outer loop
      vertex   3.218689e+01 3.521247e+00 2.887760e+01
      vertex   3.207315e+01 3.718841e+00 2.850782e+01
      vertex   3.194254e+01 3.199581e+00 2.876258e+01
    endloop
  endfacet
  facet normal -7.769962e-01 4.238090e-01 4.654706e-01
    outer loop
      vertex   3.194254e+01 3.199581e+00 2.876258e+01
      vertex   3.207315e+01 3.718841e+00 2.850782e+01
      vertex   3.184753e+01 3.421833e+00 2.840163e+01
    endloop
  endfacet
  facet normal -9.820492e-01 -1.665621e-01 8.852374e-02
    outer loop
      vertex   3.248191e+01 4.973341e+00 2.977304e+01
      vertex   3.242702e+01 5.074323e+00 2.935412e+01
      vertex   3.254206e+01 4.556294e+00 2.965553e+01
    endloop
  endfacet
  facet normal -9.820492e-01 -1.665621e-01 8.852374e-02
    outer loop
      vertex   3.254206e+01 4.556294e+00 2.965553e+01
      vertex   3.242702e+01 5.074323e+00 2.935412e+01
      vertex   3.248477e+01 4.673899e+00 2.924129e+01
    endloop
  endfacet
  facet normal -9.900446e-01 1.177727e-02 1.402603e-01
    outer loop
      vertex   3.254206e+01 4.556294e+00 2.965553e+01
      vertex   3.248477e+01 4.673899e+00 2.924129e+01
      vertex   3.251938e+01 4.137682e+00 2.953062e+01
    endloop
  endfacet
  facet normal -9.900446e-01 1.177727e-02 1.402603e-01
    outer loop
      vertex   3.251938e+01 4.137682e+00 2.953062e+01
      vertex   3.248477e+01 4.673899e+00 2.924129e+01
      vertex   3.246300e+01 4.271972e+00 2.912135e+01
    endloop
  endfacet
  facet normal -9.628664e-01 1.875559e-01 1.941932e-01
    outer loop
      vertex   3.251938e+01 4.137682e+00 2.953062e+01
      vertex   3.246300e+01 4.271972e+00 2.912135e+01
      vertex   3.241470e+01 3.732635e+00 2.940282e+01
    endloop
  endfacet
  facet normal -9.628664e-01 1.875559e-01 1.941932e-01
    outer loop
      vertex   3.241470e+01 3.732635e+00 2.940282e+01
      vertex   3.246300e+01 4.271972e+00 2.912135e+01
      vertex   3.236249e+01 3.883070e+00 2.899864e+01
    endloop
  endfacet
  facet normal -9.014969e-01 3.544206e-01 2.483734e-01
    outer loop
      vertex   3.241470e+01 3.732635e+00 2.940282e+01
      vertex   3.236249e+01 3.883070e+00 2.899864e+01
      vertex   3.223181e+01 3.355791e+00 2.927674e+01
    endloop
  endfacet
  facet normal -9.014969e-01 3.544206e-01 2.483734e-01
    outer loop
      vertex   3.223181e+01 3.355791e+00 2.927674e+01
      vertex   3.236249e+01 3.883070e+00 2.899864e+01
      vertex   3.218689e+01 3.521247e+00 2.887760e+01
    endloop
  endfacet
  facet normal -8.081541e-01 5.063405e-01 3.008425e-01
    outer loop
      vertex   3.223181e+01 3.355791e+00 2.927674e+01
      vertex   3.218689e+01 3.521247e+00 2.887760e+01
      vertex   3.197732e+01 3.020772e+00 2.915696e+01
    endloop
  endfacet
  facet normal -8.081541e-01 5.063405e-01 3.008425e-01
    outer loop
      vertex   3.197732e+01 3.020772e+00 2.915696e+01
      vertex   3.218689e+01 3.521247e+00 2.887760e+01
      vertex   3.194254e+01 3.199581e+00 2.876258e+01
    endloop
  endfacet
  facet normal -6.862117e-01 6.378248e-01 3.497042e-01
    outer loop
      vertex   3.197732e+01 3.020772e+00 2.915696e+01
      vertex   3.194254e+01 3.199581e+00 2.876258e+01
      vertex   3.166042e+01 2.739685e+00 2.904779e+01
    endloop
  endfacet
  facet normal -9.613872e-01 -6.316668e-02 -2.678518e-01
    outer loop
      vertex   3.251804e+01 4.434454e+00 3.007182e+01
      vertex   3.241357e+01 4.312659e+00 3.047550e+01
      vertex   3.245762e+01 4.853467e+00 3.018988e+01
    endloop
  endfacet
  facet normal -9.613872e-01 -6.316668e-02 -2.678518e-01
    outer loop
      vertex   3.245762e+01 4.853467e+00 3.018988e+01
      vertex   3.241357e+01 4.312659e+00 3.047550e+01
      vertex   3.235499e+01 4.718915e+00 3.058997e+01
    endloop
  endfacet
  facet normal -9.181016e-01 -2.392710e-01 -3.159727e-01
    outer loop
      vertex   3.245762e+01 4.853467e+00 3.018988e+01
      vertex   3.235499e+01 4.718915e+00 3.058997e+01
      vertex   3.231617e+01 5.255764e+00 3.029624e+01
    endloop
  endfacet
  facet normal -9.694583e-01 1.168592e-01 -2.156260e-01
    outer loop
      vertex   3.241357e+01 4.312659e+00 3.047550e+01
      vertex   3.251804e+01 4.434454e+00 3.007182e+01
      vertex   3.239148e+01 3.904879e+00 3.035382e+01
    endloop
  endfacet
  facet normal -9.694583e-01 1.168592e-01 -2.156260e-01
    outer loop
      vertex   3.239148e+01 3.904879e+00 3.035382e+01
      vertex   3.251804e+01 4.434454e+00 3.007182e+01
      vertex   3.249526e+01 4.013867e+00 2.994631e+01
    endloop
  endfacet
  facet normal -9.420231e-01 2.943001e-01 -1.611830e-01
    outer loop
      vertex   3.239148e+01 3.904879e+00 3.035382e+01
      vertex   3.249526e+01 4.013867e+00 2.994631e+01
      vertex   3.228952e+01 3.510312e+00 3.022933e+01
    endloop
  endfacet
  facet normal -9.420231e-01 2.943001e-01 -1.611830e-01
    outer loop
      vertex   3.228952e+01 3.510312e+00 3.022933e+01
      vertex   3.249526e+01 4.013867e+00 2.994631e+01
      vertex   3.239009e+01 3.606909e+00 2.981791e+01
    endloop
  endfacet
  facet normal -8.800732e-01 4.627428e-01 -1.064905e-01
    outer loop
      vertex   3.228952e+01 3.510312e+00 3.022933e+01
      vertex   3.239009e+01 3.606909e+00 2.981791e+01
      vertex   3.211136e+01 3.143219e+00 3.010651e+01
    endloop
  endfacet
  facet normal -8.800732e-01 4.627428e-01 -1.064905e-01
    outer loop
      vertex   3.211136e+01 3.143219e+00 3.010651e+01
      vertex   3.239009e+01 3.606909e+00 2.981791e+01
      vertex   3.220634e+01 3.228288e+00 2.969124e+01
    endloop
  endfacet
  facet normal -7.858477e-01 6.160994e-01 -5.352517e-02
    outer loop
      vertex   3.211136e+01 3.143219e+00 3.010651e+01
      vertex   3.220634e+01 3.228288e+00 2.969124e+01
      vertex   3.186345e+01 2.816869e+00 2.998983e+01
    endloop
  endfacet
  facet normal -7.858477e-01 6.160994e-01 -5.352517e-02
    outer loop
      vertex   3.186345e+01 2.816869e+00 2.998983e+01
      vertex   3.220634e+01 3.228288e+00 2.969124e+01
      vertex   3.195064e+01 2.891689e+00 2.957089e+01
    endloop
  endfacet
  facet normal -6.627521e-01 7.488271e-01 -4.201376e-03
    outer loop
      vertex   3.186345e+01 2.816869e+00 2.998983e+01
      vertex   3.195064e+01 2.891689e+00 2.957089e+01
      vertex   3.155475e+01 2.543055e+00 2.988348e+01
    endloop
  endfacet
  facet normal -6.627521e-01 7.488271e-01 -4.201376e-03
    outer loop
      vertex   3.155475e+01 2.543055e+00 2.988348e+01
      vertex   3.195064e+01 2.891689e+00 2.957089e+01
      vertex   3.163225e+01 2.609276e+00 2.946120e+01
    endloop
  endfacet
  facet normal -5.152354e-01 8.561288e-01 3.969822e-02
    outer loop
      vertex   3.155475e+01 2.543055e+00 2.988348e+01
      vertex   3.163225e+01 2.609276e+00 2.946120e+01
      vertex   3.119641e+01 2.331675e+00 2.979132e+01
    endloop
  endfacet
  facet normal -8.147456e-01 2.058798e-01 -5.420360e-01
    outer loop
      vertex   3.196222e+01 3.746047e+00 3.108780e+01
      vertex   3.198065e+01 4.086178e+00 3.118930e+01
      vertex   3.223232e+01 4.195191e+00 3.085241e+01
    endloop
  endfacet
  facet normal -3.213148e-01 2.136148e-01 -9.225646e-01
    outer loop
      vertex   3.087981e+01 3.999921e+00 3.189427e+01
      vertex   3.103079e+01 4.044425e+00 3.185200e+01
      vertex   3.090202e+01 3.845896e+00 3.185087e+01
    endloop
  endfacet
  facet normal -1.985148e-01 2.391848e-01 -9.504644e-01
    outer loop
      vertex   3.090202e+01 3.845896e+00 3.185087e+01
      vertex   3.047678e+01 3.804115e+00 3.192918e+01
      vertex   3.087981e+01 3.999921e+00 3.189427e+01
    endloop
  endfacet
  facet normal -1.985148e-01 2.391848e-01 -9.504644e-01
    outer loop
      vertex   3.087981e+01 3.999921e+00 3.189427e+01
      vertex   3.047678e+01 3.804115e+00 3.192918e+01
      vertex   3.046547e+01 3.882505e+00 3.195126e+01
    endloop
  endfacet
  facet normal -1.862749e-01 1.893877e-01 -9.640716e-01
    outer loop
      vertex   3.087981e+01 3.999921e+00 3.189427e+01
      vertex   3.046547e+01 3.882505e+00 3.195126e+01
      vertex   3.043901e+01 3.957767e+00 3.197116e+01
    endloop
  endfacet
  facet normal -2.007970e-01 2.900909e-01 -9.356964e-01
    outer loop
      vertex   3.047678e+01 3.804115e+00 3.192918e+01
      vertex   3.090202e+01 3.845896e+00 3.185087e+01
      vertex   3.047251e+01 3.725431e+00 3.190570e+01
    endloop
  endfacet
  facet normal -8.629542e-01 -5.052811e-01 -1.027303e-03
    outer loop
      vertex   3.208413e+01 5.813350e+00 2.954254e+01
      vertex   3.229185e+01 5.458771e+00 2.945576e+01
      vertex   3.234113e+01 5.373749e+00 2.987891e+01
    endloop
  endfacet
  facet normal -8.629542e-01 -5.052811e-01 -1.027303e-03
    outer loop
      vertex   3.208413e+01 5.813350e+00 2.954254e+01
      vertex   3.234113e+01 5.373749e+00 2.987891e+01
      vertex   3.212479e+01 5.743048e+00 2.996929e+01
    endloop
  endfacet
  facet normal -7.653443e-01 -5.356744e-01 3.567927e-01
    outer loop
      vertex   3.181092e+01 5.807950e+00 2.872184e+01
      vertex   3.198005e+01 5.519238e+00 2.865118e+01
      vertex   3.217006e+01 5.507842e+00 2.904166e+01
    endloop
  endfacet
  facet normal -7.653443e-01 -5.356744e-01 3.567927e-01
    outer loop
      vertex   3.181092e+01 5.807950e+00 2.872184e+01
      vertex   3.217006e+01 5.507842e+00 2.904166e+01
      vertex   3.197827e+01 5.835240e+00 2.912179e+01
    endloop
  endfacet
  facet normal -7.561590e-01 -6.534186e-01 -3.560523e-02
    outer loop
      vertex   3.181138e+01 6.125243e+00 2.961132e+01
      vertex   3.208413e+01 5.813350e+00 2.954254e+01
      vertex   3.212479e+01 5.743048e+00 2.996929e+01
    endloop
  endfacet
  facet normal -7.561590e-01 -6.534186e-01 -3.560523e-02
    outer loop
      vertex   3.181138e+01 6.125243e+00 2.961132e+01
      vertex   3.212479e+01 5.743048e+00 2.996929e+01
      vertex   3.184071e+01 6.067889e+00 3.004093e+01
    endloop
  endfacet
  facet normal -6.743399e-01 -6.619081e-01 3.273275e-01
    outer loop
      vertex   3.158883e+01 6.061905e+00 2.877785e+01
      vertex   3.181092e+01 5.807950e+00 2.872184e+01
      vertex   3.197827e+01 5.835240e+00 2.912179e+01
    endloop
  endfacet
  facet normal -6.743399e-01 -6.619081e-01 3.273275e-01
    outer loop
      vertex   3.158883e+01 6.061905e+00 2.877785e+01
      vertex   3.197827e+01 5.835240e+00 2.912179e+01
      vertex   3.172642e+01 6.123225e+00 2.918531e+01
    endloop
  endfacet
  facet normal -6.226434e-01 -7.800749e-01 -6.163045e-02
    outer loop
      vertex   3.148344e+01 6.383178e+00 2.965963e+01
      vertex   3.181138e+01 6.125243e+00 2.961132e+01
      vertex   3.184071e+01 6.067889e+00 3.004093e+01
    endloop
  endfacet
  facet normal -6.226434e-01 -7.800749e-01 -6.163045e-02
    outer loop
      vertex   3.148344e+01 6.383178e+00 2.965963e+01
      vertex   3.184071e+01 6.067889e+00 3.004093e+01
      vertex   3.149916e+01 6.336531e+00 3.009124e+01
    endloop
  endfacet
  facet normal -5.605661e-01 -7.698369e-01 3.051504e-01
    outer loop
      vertex   3.132181e+01 6.271926e+00 2.881718e+01
      vertex   3.158883e+01 6.061905e+00 2.877785e+01
      vertex   3.172642e+01 6.123225e+00 2.918531e+01
    endloop
  endfacet
  facet normal -5.605661e-01 -7.698369e-01 3.051504e-01
    outer loop
      vertex   3.132181e+01 6.271926e+00 2.881718e+01
      vertex   3.172642e+01 6.123225e+00 2.918531e+01
      vertex   3.142363e+01 6.361387e+00 2.922991e+01
    endloop
  endfacet
  facet normal -4.672331e-01 -8.806724e-01 -7.816236e-02
    outer loop
      vertex   3.111219e+01 6.577832e+00 2.968570e+01
      vertex   3.148344e+01 6.383178e+00 2.965963e+01
      vertex   3.149916e+01 6.336531e+00 3.009124e+01
    endloop
  endfacet
  facet normal -4.672331e-01 -8.806724e-01 -7.816236e-02
    outer loop
      vertex   3.111219e+01 6.577832e+00 2.968570e+01
      vertex   3.149916e+01 6.336531e+00 3.009124e+01
      vertex   3.111249e+01 6.539266e+00 3.011839e+01
    endloop
  endfacet
  facet normal -4.281348e-01 -8.555600e-01 2.910629e-01
    outer loop
      vertex   3.101952e+01 6.430421e+00 2.883841e+01
      vertex   3.132181e+01 6.271926e+00 2.881718e+01
      vertex   3.142363e+01 6.361387e+00 2.922991e+01
    endloop
  endfacet
  facet normal -4.281348e-01 -8.555600e-01 2.910629e-01
    outer loop
      vertex   3.101952e+01 6.430421e+00 2.883841e+01
      vertex   3.142363e+01 6.361387e+00 2.922991e+01
      vertex   3.108083e+01 6.541120e+00 2.925398e+01
    endloop
  endfacet
  facet normal -2.955449e-01 -9.515753e-01 -8.460344e-02
    outer loop
      vertex   3.071102e+01 6.702170e+00 2.968860e+01
      vertex   3.111219e+01 6.577832e+00 2.968570e+01
      vertex   3.111249e+01 6.539266e+00 3.011839e+01
    endloop
  endfacet
  facet normal -2.955449e-01 -9.515753e-01 -8.460344e-02
    outer loop
      vertex   3.071102e+01 6.702170e+00 2.968860e+01
      vertex   3.111249e+01 6.539266e+00 3.011839e+01
      vertex   3.069467e+01 6.668766e+00 3.012142e+01
    endloop
  endfacet
  facet normal -2.818326e-01 -9.159791e-01 2.855742e-01
    outer loop
      vertex   3.069288e+01 6.531662e+00 2.884077e+01
      vertex   3.101952e+01 6.430421e+00 2.883841e+01
      vertex   3.108083e+01 6.541120e+00 2.925398e+01
    endloop
  endfacet
  facet normal -2.818326e-01 -9.159791e-01 2.855742e-01
    outer loop
      vertex   3.069288e+01 6.531662e+00 2.884077e+01
      vertex   3.108083e+01 6.541120e+00 2.925398e+01
      vertex   3.071041e+01 6.655927e+00 2.925666e+01
    endloop
  endfacet
  facet normal -1.137841e-01 -9.902208e-01 -8.072091e-02
    outer loop
      vertex   3.029444e+01 6.751699e+00 2.966823e+01
      vertex   3.071102e+01 6.702170e+00 2.968860e+01
      vertex   3.069467e+01 6.668766e+00 3.012142e+01
    endloop
  endfacet
  facet normal -1.137841e-01 -9.902208e-01 -8.072091e-02
    outer loop
      vertex   3.029444e+01 6.751699e+00 2.966823e+01
      vertex   3.069467e+01 6.668766e+00 3.012142e+01
      vertex   3.026080e+01 6.720351e+00 3.010020e+01
    endloop
  endfacet
  facet normal -1.269471e-01 -9.489106e-01 2.888827e-01
    outer loop
      vertex   3.035368e+01 6.571990e+00 2.882419e+01
      vertex   3.069288e+01 6.531662e+00 2.884077e+01
      vertex   3.071041e+01 6.655927e+00 2.925666e+01
    endloop
  endfacet
  facet normal -1.269471e-01 -9.489106e-01 2.888827e-01
    outer loop
      vertex   3.035368e+01 6.571990e+00 2.882419e+01
      vertex   3.071041e+01 6.655927e+00 2.925666e+01
      vertex   3.032577e+01 6.701659e+00 2.923785e+01
    endloop
  endfacet
  facet normal 7.147993e-02 -9.952124e-01 -6.665508e-02
    outer loop
      vertex   2.987751e+01 6.724627e+00 2.962532e+01
      vertex   3.029444e+01 6.751699e+00 2.966823e+01
      vertex   3.026080e+01 6.720351e+00 3.010020e+01
    endloop
  endfacet
  facet normal 7.147993e-02 -9.952124e-01 -6.665508e-02
    outer loop
      vertex   2.987751e+01 6.724627e+00 2.962532e+01
      vertex   3.026080e+01 6.720351e+00 3.010020e+01
      vertex   2.982656e+01 6.692156e+00 3.005551e+01
    endloop
  endfacet
  facet normal 3.092374e-02 -9.531641e-01 3.008687e-01
    outer loop
      vertex   2.994080e+01 6.676662e+00 2.919823e+01
      vertex   3.035368e+01 6.571990e+00 2.882419e+01
      vertex   3.032577e+01 6.701659e+00 2.923785e+01
    endloop
  endfacet
  facet normal 2.535513e-01 -9.663695e-01 -4.291433e-02
    outer loop
      vertex   2.947530e+01 6.621934e+00 2.956142e+01
      vertex   2.987751e+01 6.724627e+00 2.962532e+01
      vertex   2.982656e+01 6.692156e+00 3.005551e+01
    endloop
  endfacet
  facet normal 2.535513e-01 -9.663695e-01 -4.291433e-02
    outer loop
      vertex   2.947530e+01 6.621934e+00 2.956142e+01
      vertex   2.982656e+01 6.692156e+00 3.005551e+01
      vertex   2.940765e+01 6.585199e+00 2.998896e+01
    endloop
  endfacet
  facet normal -1.087530e-01 1.224567e-01 -9.864974e-01
    outer loop
      vertex   3.060142e+01 4.067949e+00 3.197082e+01
      vertex   3.039834e+01 4.027182e+00 3.198815e+01
      vertex   3.034495e+01 4.088241e+00 3.200162e+01
    endloop
  endfacet
  facet normal -9.079903e-01 1.642116e-01 -3.854713e-01
    outer loop
      vertex   3.241357e+01 4.312659e+00 3.047550e+01
      vertex   3.239148e+01 3.904879e+00 3.035382e+01
      vertex   3.221170e+01 3.814547e+00 3.073883e+01
    endloop
  endfacet
  facet normal -8.818672e-01 3.331666e-01 -3.336320e-01
    outer loop
      vertex   3.221170e+01 3.814547e+00 3.073883e+01
      vertex   3.239148e+01 3.904879e+00 3.035382e+01
      vertex   3.211652e+01 3.446238e+00 3.062262e+01
    endloop
  endfacet
  facet normal -7.908483e-01 3.604390e-01 -4.946137e-01
    outer loop
      vertex   3.221170e+01 3.814547e+00 3.073883e+01
      vertex   3.211652e+01 3.446238e+00 3.062262e+01
      vertex   3.187717e+01 3.416938e+00 3.098396e+01
    endloop
  endfacet
  facet normal -7.368871e-01 5.071605e-01 -4.469739e-01
    outer loop
      vertex   3.187717e+01 3.416938e+00 3.098396e+01
      vertex   3.211652e+01 3.446238e+00 3.062262e+01
      vertex   3.172857e+01 3.110745e+00 3.088152e+01
    endloop
  endfacet
  facet normal -8.818672e-01 3.331666e-01 -3.336320e-01
    outer loop
      vertex   3.211652e+01 3.446238e+00 3.062262e+01
      vertex   3.239148e+01 3.904879e+00 3.035382e+01
      vertex   3.228952e+01 3.510312e+00 3.022933e+01
    endloop
  endfacet
  facet normal -8.228800e-01 4.935537e-01 -2.815551e-01
    outer loop
      vertex   3.211652e+01 3.446238e+00 3.062262e+01
      vertex   3.228952e+01 3.510312e+00 3.022933e+01
      vertex   3.195022e+01 3.103574e+00 3.050798e+01
    endloop
  endfacet
  facet normal -8.228800e-01 4.935537e-01 -2.815551e-01
    outer loop
      vertex   3.195022e+01 3.103574e+00 3.050798e+01
      vertex   3.228952e+01 3.510312e+00 3.022933e+01
      vertex   3.211136e+01 3.143219e+00 3.010651e+01
    endloop
  endfacet
  facet normal -7.331608e-01 6.395761e-01 -2.311228e-01
    outer loop
      vertex   3.195022e+01 3.103574e+00 3.050798e+01
      vertex   3.211136e+01 3.143219e+00 3.010651e+01
      vertex   3.171881e+01 2.798941e+00 3.039906e+01
    endloop
  endfacet
  facet normal -7.331608e-01 6.395761e-01 -2.311228e-01
    outer loop
      vertex   3.171881e+01 2.798941e+00 3.039906e+01
      vertex   3.211136e+01 3.143219e+00 3.010651e+01
      vertex   3.186345e+01 2.816869e+00 2.998983e+01
    endloop
  endfacet
  facet normal -6.159521e-01 7.659562e-01 -1.841578e-01
    outer loop
      vertex   3.171881e+01 2.798941e+00 3.039906e+01
      vertex   3.186345e+01 2.816869e+00 2.998983e+01
      vertex   3.143065e+01 2.543349e+00 3.029979e+01
    endloop
  endfacet
  facet normal -6.159521e-01 7.659562e-01 -1.841578e-01
    outer loop
      vertex   3.143065e+01 2.543349e+00 3.029979e+01
      vertex   3.186345e+01 2.816869e+00 2.998983e+01
      vertex   3.155475e+01 2.543055e+00 2.988348e+01
    endloop
  endfacet
  facet normal -4.754903e-01 8.681263e-01 -1.423577e-01
    outer loop
      vertex   3.143065e+01 2.543349e+00 3.029979e+01
      vertex   3.155475e+01 2.543055e+00 2.988348e+01
      vertex   3.109616e+01 2.346035e+00 3.021376e+01
    endloop
  endfacet
  facet normal -4.754903e-01 8.681263e-01 -1.423577e-01
    outer loop
      vertex   3.109616e+01 2.346035e+00 3.021376e+01
      vertex   3.155475e+01 2.543055e+00 2.988348e+01
      vertex   3.119641e+01 2.331675e+00 2.979132e+01
    endloop
  endfacet
  facet normal -3.168519e-01 9.423937e-01 -1.072331e-01
    outer loop
      vertex   3.109616e+01 2.346035e+00 3.021376e+01
      vertex   3.119641e+01 2.331675e+00 2.979132e+01
      vertex   3.072743e+01 2.214132e+00 3.014409e+01
    endloop
  endfacet
  facet normal -6.548123e-01 6.407412e-01 -4.008387e-01
    outer loop
      vertex   3.152179e+01 2.838535e+00 3.078419e+01
      vertex   3.172857e+01 3.110745e+00 3.088152e+01
      vertex   3.195022e+01 3.103574e+00 3.050798e+01
    endloop
  endfacet
  facet normal -7.368871e-01 5.071605e-01 -4.469739e-01
    outer loop
      vertex   3.195022e+01 3.103574e+00 3.050798e+01
      vertex   3.172857e+01 3.110745e+00 3.088152e+01
      vertex   3.211652e+01 3.446238e+00 3.062262e+01
    endloop
  endfacet
  facet normal -6.548123e-01 6.407412e-01 -4.008387e-01
    outer loop
      vertex   3.152179e+01 2.838535e+00 3.078419e+01
      vertex   3.195022e+01 3.103574e+00 3.050798e+01
      vertex   3.171881e+01 2.798941e+00 3.039906e+01
    endloop
  endfacet
  facet normal -5.475903e-01 7.563532e-01 -3.578753e-01
    outer loop
      vertex   3.126430e+01 2.610147e+00 3.069549e+01
      vertex   3.152179e+01 2.838535e+00 3.078419e+01
      vertex   3.171881e+01 2.798941e+00 3.039906e+01
    endloop
  endfacet
  facet normal -5.475903e-01 7.563532e-01 -3.578753e-01
    outer loop
      vertex   3.126430e+01 2.610147e+00 3.069549e+01
      vertex   3.171881e+01 2.798941e+00 3.039906e+01
      vertex   3.143065e+01 2.543349e+00 3.029979e+01
    endloop
  endfacet
  facet normal -4.190964e-01 8.498180e-01 -3.196368e-01
    outer loop
      vertex   3.096541e+01 2.433834e+00 3.061862e+01
      vertex   3.126430e+01 2.610147e+00 3.069549e+01
      vertex   3.143065e+01 2.543349e+00 3.029979e+01
    endloop
  endfacet
  facet normal -4.190964e-01 8.498180e-01 -3.196368e-01
    outer loop
      vertex   3.096541e+01 2.433834e+00 3.061862e+01
      vertex   3.143065e+01 2.543349e+00 3.029979e+01
      vertex   3.109616e+01 2.346035e+00 3.021376e+01
    endloop
  endfacet
  facet normal -2.739747e-01 9.177575e-01 -2.875049e-01
    outer loop
      vertex   3.063593e+01 2.315970e+00 3.055636e+01
      vertex   3.096541e+01 2.433834e+00 3.061862e+01
      vertex   3.109616e+01 2.346035e+00 3.021376e+01
    endloop
  endfacet
  facet normal -2.739747e-01 9.177575e-01 -2.875049e-01
    outer loop
      vertex   3.063593e+01 2.315970e+00 3.055636e+01
      vertex   3.109616e+01 2.346035e+00 3.021376e+01
      vertex   3.072743e+01 2.214132e+00 3.014409e+01
    endloop
  endfacet
  facet normal -1.174703e-01 9.577162e-01 -2.626412e-01
    outer loop
      vertex   3.028775e+01 2.260813e+00 3.051096e+01
      vertex   3.063593e+01 2.315970e+00 3.055636e+01
      vertex   3.072743e+01 2.214132e+00 3.014409e+01
    endloop
  endfacet
  facet normal 7.395972e-01 9.771447e-02 -6.659188e-01
    outer loop
      vertex   2.854036e+01 3.949673e+00 3.089814e+01
      vertex   2.838751e+01 4.065333e+00 3.074535e+01
      vertex   2.843946e+01 4.359139e+00 3.084616e+01
    endloop
  endfacet
  facet normal 7.862537e-01 7.156456e-02 -6.137456e-01
    outer loop
      vertex   2.843946e+01 4.359139e+00 3.084616e+01
      vertex   2.838751e+01 4.065333e+00 3.074535e+01
      vertex   2.843174e+01 4.364071e+00 3.083685e+01
    endloop
  endfacet
  facet normal 7.350920e-01 -1.121054e-01 -6.686345e-01
    outer loop
      vertex   2.843946e+01 4.359139e+00 3.084616e+01
      vertex   2.843174e+01 4.364071e+00 3.083685e+01
      vertex   2.840463e+01 4.768881e+00 3.073918e+01
    endloop
  endfacet
  facet normal 8.141295e-01 -8.411508e-02 -5.745588e-01
    outer loop
      vertex   2.840463e+01 4.768881e+00 3.073918e+01
      vertex   2.843174e+01 4.364071e+00 3.083685e+01
      vertex   2.821783e+01 4.522299e+00 3.051057e+01
    endloop
  endfacet
  facet normal 8.355538e-01 -1.406309e-01 -5.311052e-01
    outer loop
      vertex   2.840463e+01 4.768881e+00 3.073918e+01
      vertex   2.821783e+01 4.522299e+00 3.051057e+01
      vertex   2.834078e+01 4.850090e+00 3.061721e+01
    endloop
  endfacet
  facet normal 8.862546e-01 -1.958741e-01 -4.197454e-01
    outer loop
      vertex   2.834078e+01 4.850090e+00 3.061721e+01
      vertex   2.821783e+01 4.522299e+00 3.051057e+01
      vertex   2.807770e+01 4.674240e+00 3.014380e+01
    endloop
  endfacet
  facet normal 8.862546e-01 -1.958741e-01 -4.197454e-01
    outer loop
      vertex   2.834078e+01 4.850090e+00 3.061721e+01
      vertex   2.807770e+01 4.674240e+00 3.014380e+01
      vertex   2.821264e+01 5.034016e+00 3.026084e+01
    endloop
  endfacet
  facet normal 9.319424e-01 -2.712909e-01 -2.405921e-01
    outer loop
      vertex   2.821264e+01 5.034016e+00 3.026084e+01
      vertex   2.807770e+01 4.674240e+00 3.014380e+01
      vertex   2.801698e+01 4.813788e+00 2.975126e+01
    endloop
  endfacet
  facet normal 9.319424e-01 -2.712909e-01 -2.405921e-01
    outer loop
      vertex   2.821264e+01 5.034016e+00 3.026084e+01
      vertex   2.801698e+01 4.813788e+00 2.975126e+01
      vertex   2.815850e+01 5.191089e+00 2.987400e+01
    endloop
  endfacet
  facet normal 9.414874e-01 -3.282528e-01 -7.649568e-02
    outer loop
      vertex   2.815850e+01 5.191089e+00 2.987400e+01
      vertex   2.801698e+01 4.813788e+00 2.975126e+01
      vertex   2.802561e+01 4.908703e+00 2.945016e+01
    endloop
  endfacet
  facet normal 9.338670e-01 -3.529420e-01 -5.765707e-02
    outer loop
      vertex   2.815850e+01 5.191089e+00 2.987400e+01
      vertex   2.802561e+01 4.908703e+00 2.945016e+01
      vertex   2.818052e+01 5.314995e+00 2.947224e+01
    endloop
  endfacet
  facet normal 9.334891e-01 -3.574768e-01 2.843447e-02
    outer loop
      vertex   2.818052e+01 5.314995e+00 2.947224e+01
      vertex   2.802561e+01 4.908703e+00 2.945016e+01
      vertex   2.814598e+01 5.207197e+00 2.925113e+01
    endloop
  endfacet
  facet normal 8.546014e-01 -5.067238e-01 1.135229e-01
    outer loop
      vertex   2.818052e+01 5.314995e+00 2.947224e+01
      vertex   2.814598e+01 5.207197e+00 2.925113e+01
      vertex   2.832193e+01 5.452934e+00 2.902342e+01
    endloop
  endfacet
  facet normal 7.682723e-01 2.223313e-01 -6.002720e-01
    outer loop
      vertex   2.838751e+01 4.065333e+00 3.074535e+01
      vertex   2.854036e+01 3.949673e+00 3.089814e+01
      vertex   2.840687e+01 3.762718e+00 3.065805e+01
    endloop
  endfacet
  facet normal 7.123081e-01 3.038921e-01 -6.326664e-01
    outer loop
      vertex   2.840687e+01 3.762718e+00 3.065805e+01
      vertex   2.854036e+01 3.949673e+00 3.089814e+01
      vertex   2.870321e+01 3.557247e+00 3.089300e+01
    endloop
  endfacet
  facet normal 7.201444e-01 3.613595e-01 -5.922933e-01
    outer loop
      vertex   2.840687e+01 3.762718e+00 3.065805e+01
      vertex   2.870321e+01 3.557247e+00 3.089300e+01
      vertex   2.848903e+01 3.468617e+00 3.057851e+01
    endloop
  endfacet
  facet normal 6.537317e-01 4.840693e-01 -5.816457e-01
    outer loop
      vertex   2.848903e+01 3.468617e+00 3.057851e+01
      vertex   2.870321e+01 3.557247e+00 3.089300e+01
      vertex   2.863063e+01 3.195068e+00 3.051000e+01
    endloop
  endfacet
  facet normal 7.660025e-01 4.982406e-01 -4.061976e-01
    outer loop
      vertex   2.848903e+01 3.468617e+00 3.057851e+01
      vertex   2.863063e+01 3.195068e+00 3.051000e+01
      vertex   2.844849e+01 3.166509e+00 3.013150e+01
    endloop
  endfacet
  facet normal 6.782376e-01 6.324927e-01 -3.740946e-01
    outer loop
      vertex   2.844849e+01 3.166509e+00 3.013150e+01
      vertex   2.863063e+01 3.195068e+00 3.051000e+01
      vertex   2.882638e+01 2.952745e+00 3.045520e+01
    endloop
  endfacet
  facet normal 6.781756e-01 6.326718e-01 -3.739040e-01
    outer loop
      vertex   2.844849e+01 3.166509e+00 3.013150e+01
      vertex   2.882638e+01 2.952745e+00 3.045520e+01
      vertex   2.867618e+01 2.884809e+00 3.006781e+01
    endloop
  endfacet
  facet normal 5.646598e-01 7.474285e-01 -3.500143e-01
    outer loop
      vertex   2.867618e+01 2.884809e+00 3.006781e+01
      vertex   2.882638e+01 2.952745e+00 3.045520e+01
      vertex   2.906674e+01 2.753128e+00 3.041669e+01
    endloop
  endfacet
  facet normal 5.645532e-01 7.475941e-01 -3.498325e-01
    outer loop
      vertex   2.867618e+01 2.884809e+00 3.006781e+01
      vertex   2.906674e+01 2.753128e+00 3.041669e+01
      vertex   2.895429e+01 2.653954e+00 3.002329e+01
    endloop
  endfacet
  facet normal 4.301941e-01 8.385351e-01 -3.343529e-01
    outer loop
      vertex   2.895429e+01 2.653954e+00 3.002329e+01
      vertex   2.906674e+01 2.753128e+00 3.041669e+01
      vertex   2.927516e+01 2.479640e+00 2.999897e+01
    endloop
  endfacet
  facet normal 4.643694e-01 8.744095e-01 -1.406027e-01
    outer loop
      vertex   2.895429e+01 2.653954e+00 3.002329e+01
      vertex   2.927516e+01 2.479640e+00 2.999897e+01
      vertex   2.923820e+01 2.432264e+00 2.958227e+01
    endloop
  endfacet
  facet normal 2.951699e-01 9.460383e-01 -1.337396e-01
    outer loop
      vertex   2.923820e+01 2.432264e+00 2.958227e+01
      vertex   2.927516e+01 2.479640e+00 2.999897e+01
      vertex   2.962152e+01 2.312224e+00 2.957913e+01
    endloop
  endfacet
  facet normal 2.988207e-01 9.527962e-01 5.371848e-02
    outer loop
      vertex   2.923820e+01 2.432264e+00 2.958227e+01
      vertex   2.962152e+01 2.312224e+00 2.957913e+01
      vertex   2.943139e+01 2.398026e+00 2.911492e+01
    endloop
  endfacet
  facet normal 2.734328e-01 9.596661e-01 6.538654e-02
    outer loop
      vertex   2.943139e+01 2.398026e+00 2.911492e+01
      vertex   2.962152e+01 2.312224e+00 2.957913e+01
      vertex   2.963600e+01 2.336717e+00 2.915908e+01
    endloop
  endfacet
  facet normal 2.293581e-01 9.419908e-01 2.450474e-01
    outer loop
      vertex   2.943139e+01 2.398026e+00 2.911492e+01
      vertex   2.963600e+01 2.336717e+00 2.915908e+01
      vertex   2.972379e+01 2.389278e+00 2.887487e+01
    endloop
  endfacet
  facet normal 9.617744e-02 9.730344e-01 2.096520e-01
    outer loop
      vertex   2.972379e+01 2.389278e+00 2.887487e+01
      vertex   2.963600e+01 2.336717e+00 2.915908e+01
      vertex   3.005417e+01 2.290741e+00 2.918063e+01
    endloop
  endfacet
  facet normal 5.128084e-02 9.653946e-01 2.557021e-01
    outer loop
      vertex   2.972379e+01 2.389278e+00 2.887487e+01
      vertex   3.005417e+01 2.290741e+00 2.918063e+01
      vertex   3.008806e+01 2.396503e+00 2.877454e+01
    endloop
  endfacet
  facet normal -1.091497e-01 9.641211e-01 2.419851e-01
    outer loop
      vertex   3.008806e+01 2.396503e+00 2.877454e+01
      vertex   3.005417e+01 2.290741e+00 2.918063e+01
      vertex   3.050791e+01 2.432542e+00 2.882033e+01
    endloop
  endfacet
  facet normal -1.230616e-01 8.986369e-01 4.210791e-01
    outer loop
      vertex   3.008806e+01 2.396503e+00 2.877454e+01
      vertex   3.050791e+01 2.432542e+00 2.882033e+01
      vertex   3.024119e+01 2.605513e+00 2.837324e+01
    endloop
  endfacet
  facet normal -1.366564e-01 8.937272e-01 4.272899e-01
    outer loop
      vertex   3.024119e+01 2.605513e+00 2.837324e+01
      vertex   3.050791e+01 2.432542e+00 2.882033e+01
      vertex   3.052614e+01 2.616234e+00 2.844195e+01
    endloop
  endfacet
  facet normal -1.693423e-01 7.984857e-01 5.777056e-01
    outer loop
      vertex   3.024119e+01 2.605513e+00 2.837324e+01
      vertex   3.052614e+01 2.616234e+00 2.844195e+01
      vertex   3.044200e+01 2.820385e+00 2.813511e+01
    endloop
  endfacet
  facet normal -2.583373e-01 7.701247e-01 5.832408e-01
    outer loop
      vertex   3.044200e+01 2.820385e+00 2.813511e+01
      vertex   3.052614e+01 2.616234e+00 2.844195e+01
      vertex   3.052538e+01 2.870248e+00 2.810620e+01
    endloop
  endfacet
  facet normal -1.346165e-01 6.557785e-01 7.428546e-01
    outer loop
      vertex   3.044200e+01 2.820385e+00 2.813511e+01
      vertex   3.052538e+01 2.870248e+00 2.810620e+01
      vertex   3.059104e+01 3.094105e+00 2.792048e+01
    endloop
  endfacet
  facet normal -3.079471e-01 6.593468e-01 6.858793e-01
    outer loop
      vertex   3.059104e+01 3.094105e+00 2.792048e+01
      vertex   3.052538e+01 2.870248e+00 2.810620e+01
      vertex   3.088422e+01 2.974637e+00 2.816696e+01
    endloop
  endfacet
  facet normal -3.532851e-01 6.050688e-01 7.134994e-01
    outer loop
      vertex   3.059104e+01 3.094105e+00 2.792048e+01
      vertex   3.088422e+01 2.974637e+00 2.816696e+01
      vertex   3.082082e+01 3.276061e+00 2.787995e+01
    endloop
  endfacet
  facet normal -4.586838e-01 5.602609e-01 6.897223e-01
    outer loop
      vertex   3.082082e+01 3.276061e+00 2.787995e+01
      vertex   3.088422e+01 2.974637e+00 2.816696e+01
      vertex   3.110887e+01 3.427403e+00 2.794858e+01
    endloop
  endfacet
  facet normal -4.099813e-01 4.111348e-01 8.141766e-01
    outer loop
      vertex   3.082082e+01 3.276061e+00 2.787995e+01
      vertex   3.110887e+01 3.427403e+00 2.794858e+01
      vertex   3.096314e+01 3.745577e+00 2.771453e+01
    endloop
  endfacet
  facet normal -5.279379e-01 3.329304e-01 7.813059e-01
    outer loop
      vertex   3.096314e+01 3.745577e+00 2.771453e+01
      vertex   3.110887e+01 3.427403e+00 2.794858e+01
      vertex   3.116775e+01 3.913772e+00 2.778111e+01
    endloop
  endfacet
  facet normal -4.374489e-01 1.836744e-01 8.802853e-01
    outer loop
      vertex   3.096314e+01 3.745577e+00 2.771453e+01
      vertex   3.116775e+01 3.913772e+00 2.778111e+01
      vertex   3.093271e+01 4.213507e+00 2.760177e+01
    endloop
  endfacet
  facet normal -5.150069e-01 1.051613e-01 8.507109e-01
    outer loop
      vertex   3.093271e+01 4.213507e+00 2.760177e+01
      vertex   3.116775e+01 3.913772e+00 2.778111e+01
      vertex   3.105462e+01 4.365806e+00 2.765674e+01
    endloop
  endfacet
  facet normal -3.824449e-01 -2.725190e-02 9.235763e-01
    outer loop
      vertex   3.093271e+01 4.213507e+00 2.760177e+01
      vertex   3.105462e+01 4.365806e+00 2.765674e+01
      vertex   3.073698e+01 4.612630e+00 2.753250e+01
    endloop
  endfacet
  facet normal -4.231303e-01 -9.071360e-02 9.015164e-01
    outer loop
      vertex   3.073698e+01 4.612630e+00 2.753250e+01
      vertex   3.105462e+01 4.365806e+00 2.765674e+01
      vertex   3.079025e+01 4.718899e+00 2.756819e+01
    endloop
  endfacet
  facet normal -2.602270e-01 -1.876890e-01 9.471297e-01
    outer loop
      vertex   3.073698e+01 4.612630e+00 2.753250e+01
      vertex   3.079025e+01 4.718899e+00 2.756819e+01
      vertex   3.041501e+01 4.837217e+00 2.748854e+01
    endloop
  endfacet
  facet normal -2.698472e-01 -2.256278e-01 9.360954e-01
    outer loop
      vertex   3.041501e+01 4.837217e+00 2.748854e+01
      vertex   3.079025e+01 4.718899e+00 2.756819e+01
      vertex   3.081995e+01 4.833823e+00 2.760446e+01
    endloop
  endfacet
  facet normal -2.674479e-01 -2.644367e-01 9.265770e-01
    outer loop
      vertex   3.041501e+01 4.837217e+00 2.748854e+01
      vertex   3.081995e+01 4.833823e+00 2.760446e+01
      vertex   3.082487e+01 4.952697e+00 2.763980e+01
    endloop
  endfacet
  facet normal -4.605274e-01 -2.354249e-01 8.558561e-01
    outer loop
      vertex   3.082487e+01 4.952697e+00 2.763980e+01
      vertex   3.081995e+01 4.833823e+00 2.760446e+01
      vertex   3.119010e+01 4.727017e+00 2.777425e+01
    endloop
  endfacet
  facet normal -4.605274e-01 -2.354249e-01 8.558561e-01
    outer loop
      vertex   3.082487e+01 4.952697e+00 2.763980e+01
      vertex   3.119010e+01 4.727017e+00 2.777425e+01
      vertex   3.119813e+01 4.921140e+00 2.783197e+01
    endloop
  endfacet
  facet normal -6.285889e-01 -1.976558e-01 7.522022e-01
    outer loop
      vertex   3.119813e+01 4.921140e+00 2.783197e+01
      vertex   3.119010e+01 4.727017e+00 2.777425e+01
      vertex   3.151457e+01 4.605696e+00 2.801352e+01
    endloop
  endfacet
  facet normal -6.285889e-01 -1.976558e-01 7.522022e-01
    outer loop
      vertex   3.119813e+01 4.921140e+00 2.783197e+01
      vertex   3.151457e+01 4.605696e+00 2.801352e+01
      vertex   3.152539e+01 4.867265e+00 2.809129e+01
    endloop
  endfacet
  facet normal -7.236997e-01 -1.690137e-01 6.690988e-01
    outer loop
      vertex   3.152539e+01 4.867265e+00 2.809129e+01
      vertex   3.151457e+01 4.605696e+00 2.801352e+01
      vertex   3.162527e+01 4.578450e+00 2.812637e+01
    endloop
  endfacet
  facet normal -9.244474e-01 -2.895763e-01 2.480776e-01
    outer loop
      vertex   3.152539e+01 4.867265e+00 2.809129e+01
      vertex   3.162527e+01 4.578450e+00 2.812637e+01
      vertex   3.149271e+01 4.981464e+00 2.810283e+01
    endloop
  endfacet
  facet normal 6.431310e-01 4.918040e-01 -5.869509e-01
    outer loop
      vertex   2.870321e+01 3.557247e+00 3.089300e+01
      vertex   2.892135e+01 3.197927e+00 3.083094e+01
      vertex   2.863063e+01 3.195068e+00 3.051000e+01
    endloop
  endfacet
  facet normal 5.906289e-01 5.993157e-01 -5.403501e-01
    outer loop
      vertex   2.863063e+01 3.195068e+00 3.051000e+01
      vertex   2.892135e+01 3.197927e+00 3.083094e+01
      vertex   2.882638e+01 2.952745e+00 3.045520e+01
    endloop
  endfacet
  facet normal 5.201679e-01 6.491195e-01 -5.550399e-01
    outer loop
      vertex   2.892135e+01 3.197927e+00 3.083094e+01
      vertex   2.918584e+01 2.886422e+00 3.071451e+01
      vertex   2.882638e+01 2.952745e+00 3.045520e+01
    endloop
  endfacet
  facet normal 4.986084e-01 6.992102e-01 -5.123424e-01
    outer loop
      vertex   2.882638e+01 2.952745e+00 3.045520e+01
      vertex   2.918584e+01 2.886422e+00 3.071451e+01
      vertex   2.906674e+01 2.753128e+00 3.041669e+01
    endloop
  endfacet
  facet normal 3.835997e-01 7.759778e-01 -5.007092e-01
    outer loop
      vertex   2.906674e+01 2.753128e+00 3.041669e+01
      vertex   2.918584e+01 2.886422e+00 3.071451e+01
      vertex   2.934341e+01 2.602830e+00 3.039572e+01
    endloop
  endfacet
  facet normal 3.682734e-01 7.775556e-01 -5.096881e-01
    outer loop
      vertex   2.934341e+01 2.602830e+00 3.039572e+01
      vertex   2.918584e+01 2.886422e+00 3.071451e+01
      vertex   2.948585e+01 2.635488e+00 3.054847e+01
    endloop
  endfacet
  facet normal 2.662341e-01 8.614482e-01 -4.324655e-01
    outer loop
      vertex   2.934341e+01 2.602830e+00 3.039572e+01
      vertex   2.948585e+01 2.635488e+00 3.054847e+01
      vertex   2.964453e+01 2.508530e+00 3.039326e+01
    endloop
  endfacet
  facet normal 6.793095e-02 8.051622e-01 -5.891512e-01
    outer loop
      vertex   2.964453e+01 2.508530e+00 3.039326e+01
      vertex   2.948585e+01 2.635488e+00 3.054847e+01
      vertex   2.980911e+01 2.455395e+00 3.033962e+01
    endloop
  endfacet
  facet normal 1.903510e-01 9.241069e-01 -3.313502e-01
    outer loop
      vertex   2.964453e+01 2.508530e+00 3.039326e+01
      vertex   2.980911e+01 2.455395e+00 3.033962e+01
      vertex   2.962440e+01 2.370273e+00 2.999611e+01
    endloop
  endfacet
  facet normal 1.194962e-01 9.467829e-01 -2.988693e-01
    outer loop
      vertex   2.962440e+01 2.370273e+00 2.999611e+01
      vertex   2.980911e+01 2.455395e+00 3.033962e+01
      vertex   2.998770e+01 2.330329e+00 3.001483e+01
    endloop
  endfacet
  facet normal 1.152564e-01 9.837389e-01 -1.377450e-01
    outer loop
      vertex   2.962440e+01 2.370273e+00 2.999611e+01
      vertex   2.998770e+01 2.330329e+00 3.001483e+01
      vertex   3.002027e+01 2.268383e+00 2.959968e+01
    endloop
  endfacet
  facet normal -6.734398e-02 9.860202e-01 -1.524106e-01
    outer loop
      vertex   3.002027e+01 2.268383e+00 2.959968e+01
      vertex   2.998770e+01 2.330329e+00 3.001483e+01
      vertex   3.014237e+01 2.353519e+00 3.009651e+01
    endloop
  endfacet
  facet normal -6.568035e-02 9.860678e-01 -1.528277e-01
    outer loop
      vertex   3.002027e+01 2.268383e+00 2.959968e+01
      vertex   3.014237e+01 2.353519e+00 3.009651e+01
      vertex   3.047200e+01 2.334028e+00 2.982909e+01
    endloop
  endfacet
  facet normal 3.889390e-02 9.394837e-01 -3.403788e-01
    outer loop
      vertex   2.980911e+01 2.455395e+00 3.033962e+01
      vertex   3.014237e+01 2.353519e+00 3.009651e+01
      vertex   2.998770e+01 2.330329e+00 3.001483e+01
    endloop
  endfacet
  facet normal -6.864624e-02 9.867254e-01 -1.471758e-01
    outer loop
      vertex   3.002027e+01 2.268383e+00 2.959968e+01
      vertex   3.047200e+01 2.334028e+00 2.982909e+01
      vertex   3.041813e+01 2.302535e+00 2.964307e+01
    endloop
  endfacet
  facet normal -2.708591e-01 9.589540e-01 -8.391989e-02
    outer loop
      vertex   3.041813e+01 2.302535e+00 2.964307e+01
      vertex   3.047200e+01 2.334028e+00 2.982909e+01
      vertex   3.078450e+01 2.397723e+00 2.954832e+01
    endloop
  endfacet
  facet normal -2.454627e-01 9.690974e-01 2.446098e-02
    outer loop
      vertex   3.041813e+01 2.302535e+00 2.964307e+01
      vertex   3.078450e+01 2.397723e+00 2.954832e+01
      vertex   3.047142e+01 2.326556e+00 2.922614e+01
    endloop
  endfacet
  facet normal -2.896354e-01 9.545294e-01 7.060383e-02
    outer loop
      vertex   3.047142e+01 2.326556e+00 2.922614e+01
      vertex   3.078450e+01 2.397723e+00 2.954832e+01
      vertex   3.087066e+01 2.442697e+00 2.929374e+01
    endloop
  endfacet
  facet normal -3.061577e-01 9.274558e-01 2.146933e-01
    outer loop
      vertex   3.047142e+01 2.326556e+00 2.922614e+01
      vertex   3.087066e+01 2.442697e+00 2.929374e+01
      vertex   3.090965e+01 2.549410e+00 2.888835e+01
    endloop
  endfacet
  facet normal -4.206109e-01 8.864958e-01 1.929032e-01
    outer loop
      vertex   3.090965e+01 2.549410e+00 2.888835e+01
      vertex   3.087066e+01 2.442697e+00 2.929374e+01
      vertex   3.106707e+01 2.541993e+00 2.926568e+01
    endloop
  endfacet
  facet normal -4.944973e-01 8.401339e-01 2.228172e-01
    outer loop
      vertex   3.090965e+01 2.549410e+00 2.888835e+01
      vertex   3.106707e+01 2.541993e+00 2.926568e+01
      vertex   3.127681e+01 2.742322e+00 2.897582e+01
    endloop
  endfacet
  facet normal -5.643023e-01 8.113747e-01 1.524272e-01
    outer loop
      vertex   3.127681e+01 2.742322e+00 2.897582e+01
      vertex   3.106707e+01 2.541993e+00 2.926568e+01
      vertex   3.130815e+01 2.760934e+00 2.899274e+01
    endloop
  endfacet
  facet normal -6.086346e-01 7.184294e-01 3.367834e-01
    outer loop
      vertex   3.127681e+01 2.742322e+00 2.897582e+01
      vertex   3.130815e+01 2.760934e+00 2.899274e+01
      vertex   3.126892e+01 2.915489e+00 2.859216e+01
    endloop
  endfacet
  facet normal -6.202079e-01 7.095482e-01 3.344900e-01
    outer loop
      vertex   3.126892e+01 2.915489e+00 2.859216e+01
      vertex   3.130815e+01 2.760934e+00 2.899274e+01
      vertex   3.149786e+01 3.045582e+00 2.874069e+01
    endloop
  endfacet
  facet normal -6.485407e-01 5.842391e-01 4.879137e-01
    outer loop
      vertex   3.126892e+01 2.915489e+00 2.859216e+01
      vertex   3.149786e+01 3.045582e+00 2.874069e+01
      vertex   3.149583e+01 3.380132e+00 2.833740e+01
    endloop
  endfacet
  facet normal -6.714565e-01 5.686843e-01 4.751255e-01
    outer loop
      vertex   3.149583e+01 3.380132e+00 2.833740e+01
      vertex   3.149786e+01 3.045582e+00 2.874069e+01
      vertex   3.162845e+01 3.384283e+00 2.851984e+01
    endloop
  endfacet
  facet normal -7.501530e-01 3.866132e-01 5.364706e-01
    outer loop
      vertex   3.149583e+01 3.380132e+00 2.833740e+01
      vertex   3.162845e+01 3.384283e+00 2.851984e+01
      vertex   3.169455e+01 3.763171e+00 2.833923e+01
    endloop
  endfacet
  facet normal -4.505790e-01 8.927214e-01 5.211268e-03
    outer loop
      vertex   3.078450e+01 2.397723e+00 2.954832e+01
      vertex   3.106707e+01 2.541993e+00 2.926568e+01
      vertex   3.087066e+01 2.442697e+00 2.929374e+01
    endloop
  endfacet
  facet normal -7.827536e-01 1.928767e-01 5.916886e-01
    outer loop
      vertex   3.169348e+01 4.166734e+00 2.820626e+01
      vertex   3.155802e+01 3.882089e+00 2.811985e+01
      vertex   3.169455e+01 3.763171e+00 2.833923e+01
    endloop
  endfacet
  facet normal -7.049432e-01 3.394902e-01 6.227371e-01
    outer loop
      vertex   3.169455e+01 3.763171e+00 2.833923e+01
      vertex   3.155802e+01 3.882089e+00 2.811985e+01
      vertex   3.135800e+01 3.632208e+00 2.802965e+01
    endloop
  endfacet
  facet normal -7.034728e-01 3.620357e-01 6.116013e-01
    outer loop
      vertex   3.169455e+01 3.763171e+00 2.833923e+01
      vertex   3.135800e+01 3.632208e+00 2.802965e+01
      vertex   3.149583e+01 3.380132e+00 2.833740e+01
    endloop
  endfacet
  facet normal -5.970536e-01 4.685227e-01 6.511631e-01
    outer loop
      vertex   3.149583e+01 3.380132e+00 2.833740e+01
      vertex   3.135800e+01 3.632208e+00 2.802965e+01
      vertex   3.121218e+01 3.146950e+00 2.824509e+01
    endloop
  endfacet
  facet normal -6.421676e-01 5.851319e-01 4.952185e-01
    outer loop
      vertex   3.149583e+01 3.380132e+00 2.833740e+01
      vertex   3.121218e+01 3.146950e+00 2.824509e+01
      vertex   3.126892e+01 2.915489e+00 2.859216e+01
    endloop
  endfacet
  facet normal -4.889552e-01 6.867106e-01 5.379139e-01
    outer loop
      vertex   3.126892e+01 2.915489e+00 2.859216e+01
      vertex   3.121218e+01 3.146950e+00 2.824509e+01
      vertex   3.091423e+01 2.729131e+00 2.850766e+01
    endloop
  endfacet
  facet normal -4.996909e-01 7.856101e-01 3.648640e-01
    outer loop
      vertex   3.126892e+01 2.915489e+00 2.859216e+01
      vertex   3.091423e+01 2.729131e+00 2.850766e+01
      vertex   3.090965e+01 2.549410e+00 2.888835e+01
    endloop
  endfacet
  facet normal -3.178594e-01 8.588677e-01 4.016363e-01
    outer loop
      vertex   3.090965e+01 2.549410e+00 2.888835e+01
      vertex   3.091423e+01 2.729131e+00 2.850766e+01
      vertex   3.050791e+01 2.432542e+00 2.882033e+01
    endloop
  endfacet
  facet normal -3.061577e-01 9.274558e-01 2.146933e-01
    outer loop
      vertex   3.090965e+01 2.549410e+00 2.888835e+01
      vertex   3.050791e+01 2.432542e+00 2.882033e+01
      vertex   3.047142e+01 2.326556e+00 2.922614e+01
    endloop
  endfacet
  facet normal -1.091497e-01 9.641211e-01 2.419851e-01
    outer loop
      vertex   3.047142e+01 2.326556e+00 2.922614e+01
      vertex   3.050791e+01 2.432542e+00 2.882033e+01
      vertex   3.005417e+01 2.290741e+00 2.918063e+01
    endloop
  endfacet
  facet normal -9.038707e-02 9.948546e-01 4.576496e-02
    outer loop
      vertex   3.047142e+01 2.326556e+00 2.922614e+01
      vertex   3.005417e+01 2.290741e+00 2.918063e+01
      vertex   3.002027e+01 2.268383e+00 2.959968e+01
    endloop
  endfacet
  facet normal 1.059472e-01 9.924666e-01 6.152401e-02
    outer loop
      vertex   3.002027e+01 2.268383e+00 2.959968e+01
      vertex   3.005417e+01 2.290741e+00 2.918063e+01
      vertex   2.962152e+01 2.312224e+00 2.957913e+01
    endloop
  endfacet
  facet normal 1.152564e-01 9.837389e-01 -1.377450e-01
    outer loop
      vertex   3.002027e+01 2.268383e+00 2.959968e+01
      vertex   2.962152e+01 2.312224e+00 2.957913e+01
      vertex   2.962440e+01 2.370273e+00 2.999611e+01
    endloop
  endfacet
  facet normal 2.951699e-01 9.460383e-01 -1.337396e-01
    outer loop
      vertex   2.962440e+01 2.370273e+00 2.999611e+01
      vertex   2.962152e+01 2.312224e+00 2.957913e+01
      vertex   2.927516e+01 2.479640e+00 2.999897e+01
    endloop
  endfacet
  facet normal 2.798441e-01 9.021842e-01 -3.282544e-01
    outer loop
      vertex   2.962440e+01 2.370273e+00 2.999611e+01
      vertex   2.927516e+01 2.479640e+00 2.999897e+01
      vertex   2.934341e+01 2.602830e+00 3.039572e+01
    endloop
  endfacet
  facet normal 4.301941e-01 8.385351e-01 -3.343529e-01
    outer loop
      vertex   2.934341e+01 2.602830e+00 3.039572e+01
      vertex   2.927516e+01 2.479640e+00 2.999897e+01
      vertex   2.906674e+01 2.753128e+00 3.041669e+01
    endloop
  endfacet
  facet normal -7.422595e-01 7.050184e-03 6.700754e-01
    outer loop
      vertex   3.162527e+01 4.578450e+00 2.812637e+01
      vertex   3.144922e+01 4.352819e+00 2.793373e+01
      vertex   3.169348e+01 4.166734e+00 2.820626e+01
    endloop
  endfacet
  facet normal -6.998827e-01 1.139789e-01 7.051050e-01
    outer loop
      vertex   3.169348e+01 4.166734e+00 2.820626e+01
      vertex   3.144922e+01 4.352819e+00 2.793373e+01
      vertex   3.133201e+01 4.118986e+00 2.785519e+01
    endloop
  endfacet
  facet normal -6.998065e-01 1.192137e-01 7.043146e-01
    outer loop
      vertex   3.169348e+01 4.166734e+00 2.820626e+01
      vertex   3.133201e+01 4.118986e+00 2.785519e+01
      vertex   3.155802e+01 3.882089e+00 2.811985e+01
    endloop
  endfacet
  facet normal -6.265653e-01 2.330885e-01 7.436973e-01
    outer loop
      vertex   3.155802e+01 3.882089e+00 2.811985e+01
      vertex   3.133201e+01 4.118986e+00 2.785519e+01
      vertex   3.135800e+01 3.632208e+00 2.802965e+01
    endloop
  endfacet
  facet normal -6.126462e-01 -3.727915e-01 6.969154e-01
    outer loop
      vertex   3.130123e+01 5.359276e+00 2.813660e+01
      vertex   3.116535e+01 5.113766e+00 2.788582e+01
      vertex   3.149271e+01 4.981464e+00 2.810283e+01
    endloop
  endfacet
  facet normal -6.090027e-01 -3.079790e-01 7.309340e-01
    outer loop
      vertex   3.149271e+01 4.981464e+00 2.810283e+01
      vertex   3.116535e+01 5.113766e+00 2.788582e+01
      vertex   3.119813e+01 4.921140e+00 2.783197e+01
    endloop
  endfacet
  facet normal -6.260562e-01 -2.536309e-01 7.373771e-01
    outer loop
      vertex   3.149271e+01 4.981464e+00 2.810283e+01
      vertex   3.119813e+01 4.921140e+00 2.783197e+01
      vertex   3.152539e+01 4.867265e+00 2.809129e+01
    endloop
  endfacet
  facet normal -5.182837e-01 -5.476530e-01 6.568548e-01
    outer loop
      vertex   3.105867e+01 5.696418e+00 2.822630e+01
      vertex   3.098439e+01 5.463368e+00 2.797339e+01
      vertex   3.130123e+01 5.359276e+00 2.813660e+01
    endloop
  endfacet
  facet normal -5.205631e-01 -5.048536e-01 6.885760e-01
    outer loop
      vertex   3.130123e+01 5.359276e+00 2.813660e+01
      vertex   3.098439e+01 5.463368e+00 2.797339e+01
      vertex   3.109312e+01 5.297009e+00 2.793362e+01
    endloop
  endfacet
  facet normal -5.707997e-01 -4.104689e-01 7.111280e-01
    outer loop
      vertex   3.130123e+01 5.359276e+00 2.813660e+01
      vertex   3.109312e+01 5.297009e+00 2.793362e+01
      vertex   3.116535e+01 5.113766e+00 2.788582e+01
    endloop
  endfacet
  facet normal -4.352570e-01 -3.839562e-01 8.143273e-01
    outer loop
      vertex   3.116535e+01 5.113766e+00 2.788582e+01
      vertex   3.109312e+01 5.297009e+00 2.793362e+01
      vertex   3.076057e+01 5.182868e+00 2.770205e+01
    endloop
  endfacet
  facet normal -4.352570e-01 -3.839562e-01 8.143273e-01
    outer loop
      vertex   3.116535e+01 5.113766e+00 2.788582e+01
      vertex   3.076057e+01 5.182868e+00 2.770205e+01
      vertex   3.080480e+01 5.070655e+00 2.767278e+01
    endloop
  endfacet
  facet normal -2.340719e-01 -3.307120e-01 9.142428e-01
    outer loop
      vertex   3.080480e+01 5.070655e+00 2.767278e+01
      vertex   3.076057e+01 5.182868e+00 2.770205e+01
      vertex   3.041501e+01 4.837217e+00 2.748854e+01
    endloop
  endfacet
  facet normal -2.546203e-01 -3.003308e-01 9.192225e-01
    outer loop
      vertex   3.080480e+01 5.070655e+00 2.767278e+01
      vertex   3.041501e+01 4.837217e+00 2.748854e+01
      vertex   3.082487e+01 4.952697e+00 2.763980e+01
    endloop
  endfacet
  facet normal -4.505463e-01 -5.866765e-01 6.729181e-01
    outer loop
      vertex   3.098439e+01 5.463368e+00 2.797339e+01
      vertex   3.105867e+01 5.696418e+00 2.822630e+01
      vertex   3.084361e+01 5.606031e+00 2.800351e+01
    endloop
  endfacet
  facet normal -3.659918e-01 -6.841643e-01 6.308481e-01
    outer loop
      vertex   3.084361e+01 5.606031e+00 2.800351e+01
      vertex   3.105867e+01 5.696418e+00 2.822630e+01
      vertex   3.077497e+01 5.979088e+00 2.836827e+01
    endloop
  endfacet
  facet normal -3.886368e-01 -6.797225e-01 6.220440e-01
    outer loop
      vertex   3.084361e+01 5.606031e+00 2.800351e+01
      vertex   3.077497e+01 5.979088e+00 2.836827e+01
      vertex   3.067654e+01 5.719158e+00 2.802274e+01
    endloop
  endfacet
  facet normal -2.820725e-01 -7.263571e-01 6.267699e-01
    outer loop
      vertex   3.067654e+01 5.719158e+00 2.802274e+01
      vertex   3.077497e+01 5.979088e+00 2.836827e+01
      vertex   3.049003e+01 5.798117e+00 2.803031e+01
    endloop
  endfacet
  facet normal -2.225911e-01 -5.994631e-01 7.688285e-01
    outer loop
      vertex   3.067654e+01 5.719158e+00 2.802274e+01
      vertex   3.049003e+01 5.798117e+00 2.803031e+01
      vertex   3.039125e+01 5.489729e+00 2.776126e+01
    endloop
  endfacet
  facet normal -1.476378e-01 -6.229357e-01 7.682149e-01
    outer loop
      vertex   3.039125e+01 5.489729e+00 2.776126e+01
      vertex   3.049003e+01 5.798117e+00 2.803031e+01
      vertex   3.026980e+01 5.515178e+00 2.775855e+01
    endloop
  endfacet
  facet normal -1.153555e-01 -4.567839e-01 8.820667e-01
    outer loop
      vertex   3.039125e+01 5.489729e+00 2.776126e+01
      vertex   3.026980e+01 5.515178e+00 2.775855e+01
      vertex   3.020719e+01 5.145529e+00 2.755894e+01
    endloop
  endfacet
  facet normal -7.648987e-02 -4.637000e-01 8.826843e-01
    outer loop
      vertex   3.020719e+01 5.145529e+00 2.755894e+01
      vertex   3.026980e+01 5.515178e+00 2.775855e+01
      vertex   3.014609e+01 5.516683e+00 2.774862e+01
    endloop
  endfacet
  facet normal -3.737934e-02 -4.596319e-01 8.873226e-01
    outer loop
      vertex   3.020719e+01 5.145529e+00 2.755894e+01
      vertex   3.014609e+01 5.516683e+00 2.774862e+01
      vertex   3.002519e+01 5.494182e+00 2.773187e+01
    endloop
  endfacet
  facet normal 8.133945e-03 -6.248304e-01 7.807182e-01
    outer loop
      vertex   3.002519e+01 5.494182e+00 2.773187e+01
      vertex   3.014609e+01 5.516683e+00 2.774862e+01
      vertex   3.008968e+01 5.842132e+00 2.800968e+01
    endloop
  endfacet
  facet normal 8.133945e-03 -6.248304e-01 7.807182e-01
    outer loop
      vertex   3.002519e+01 5.494182e+00 2.773187e+01
      vertex   3.008968e+01 5.842132e+00 2.800968e+01
      vertex   2.989225e+01 5.805387e+00 2.798233e+01
    endloop
  endfacet
  facet normal 5.314542e-02 -7.641012e-01 6.429035e-01
    outer loop
      vertex   2.989225e+01 5.805387e+00 2.798233e+01
      vertex   3.008968e+01 5.842132e+00 2.800968e+01
      vertex   3.003182e+01 6.108248e+00 2.833074e+01
    endloop
  endfacet
  facet normal 5.314542e-02 -7.641012e-01 6.429035e-01
    outer loop
      vertex   2.989225e+01 5.805387e+00 2.798233e+01
      vertex   3.003182e+01 6.108248e+00 2.833074e+01
      vertex   2.976579e+01 6.058736e+00 2.829389e+01
    endloop
  endfacet
  facet normal 9.593080e-02 -8.723173e-01 4.794371e-01
    outer loop
      vertex   2.976579e+01 6.058736e+00 2.829389e+01
      vertex   3.003182e+01 6.108248e+00 2.833074e+01
      vertex   2.997484e+01 6.304334e+00 2.869892e+01
    endloop
  endfacet
  facet normal 9.593080e-02 -8.723173e-01 4.794371e-01
    outer loop
      vertex   2.976579e+01 6.058736e+00 2.829389e+01
      vertex   2.997484e+01 6.304334e+00 2.869892e+01
      vertex   2.965090e+01 6.244045e+00 2.865404e+01
    endloop
  endfacet
  facet normal 1.293560e-01 -9.368685e-01 3.248761e-01
    outer loop
      vertex   2.965090e+01 6.244045e+00 2.865404e+01
      vertex   2.997484e+01 6.304334e+00 2.869892e+01
      vertex   2.979862e+01 6.398420e+00 2.904041e+01
    endloop
  endfacet
  facet normal 1.788888e-01 -9.352988e-01 3.053112e-01
    outer loop
      vertex   2.965090e+01 6.244045e+00 2.865404e+01
      vertex   2.979862e+01 6.398420e+00 2.904041e+01
      vertex   2.955219e+01 6.353866e+00 2.904830e+01
    endloop
  endfacet
  facet normal 1.804608e-01 -9.745763e-01 1.327964e-01
    outer loop
      vertex   2.955219e+01 6.353866e+00 2.904830e+01
      vertex   2.979862e+01 6.398420e+00 2.904041e+01
      vertex   2.947590e+01 6.376205e+00 2.931592e+01
    endloop
  endfacet
  facet normal 3.376465e-01 -9.251482e-01 1.734812e-01
    outer loop
      vertex   2.955219e+01 6.353866e+00 2.904830e+01
      vertex   2.947590e+01 6.376205e+00 2.931592e+01
      vertex   2.920702e+01 6.214802e+00 2.897850e+01
    endloop
  endfacet
  facet normal 3.744507e-01 -9.166067e-01 1.400671e-01
    outer loop
      vertex   2.920702e+01 6.214802e+00 2.897850e+01
      vertex   2.947590e+01 6.376205e+00 2.931592e+01
      vertex   2.910033e+01 6.233387e+00 2.938534e+01
    endloop
  endfacet
  facet normal 5.104952e-01 -8.424301e-01 1.723548e-01
    outer loop
      vertex   2.920702e+01 6.214802e+00 2.897850e+01
      vertex   2.910033e+01 6.233387e+00 2.938534e+01
      vertex   2.889964e+01 6.011009e+00 2.889284e+01
    endloop
  endfacet
  facet normal 5.104952e-01 -8.424301e-01 1.723548e-01
    outer loop
      vertex   2.889964e+01 6.011009e+00 2.889284e+01
      vertex   2.910033e+01 6.233387e+00 2.938534e+01
      vertex   2.876790e+01 6.012984e+00 2.929270e+01
    endloop
  endfacet
  facet normal 6.518797e-01 -7.262027e-01 2.183632e-01
    outer loop
      vertex   2.889964e+01 6.011009e+00 2.889284e+01
      vertex   2.876790e+01 6.012984e+00 2.929270e+01
      vertex   2.864263e+01 5.750830e+00 2.879484e+01
    endloop
  endfacet
  facet normal 6.518797e-01 -7.262027e-01 2.183632e-01
    outer loop
      vertex   2.864263e+01 5.750830e+00 2.879484e+01
      vertex   2.876790e+01 6.012984e+00 2.929270e+01
      vertex   2.848993e+01 5.731599e+00 2.918671e+01
    endloop
  endfacet
  facet normal 7.240268e-01 -6.426486e-01 2.505753e-01
    outer loop
      vertex   2.864263e+01 5.750830e+00 2.879484e+01
      vertex   2.848993e+01 5.731599e+00 2.918671e+01
      vertex   2.854524e+01 5.634423e+00 2.877767e+01
    endloop
  endfacet
  facet normal 7.597177e-01 -6.020262e-01 2.457507e-01
    outer loop
      vertex   2.854524e+01 5.634423e+00 2.877767e+01
      vertex   2.848993e+01 5.731599e+00 2.918671e+01
      vertex   2.832193e+01 5.452934e+00 2.902342e+01
    endloop
  endfacet
  facet normal 8.283387e-01 -5.527716e-01 9.109608e-02
    outer loop
      vertex   2.832193e+01 5.452934e+00 2.902342e+01
      vertex   2.848993e+01 5.731599e+00 2.918671e+01
      vertex   2.818052e+01 5.314995e+00 2.947224e+01
    endloop
  endfacet
  facet normal -2.795953e-01 -7.282426e-01 6.256910e-01
    outer loop
      vertex   3.049003e+01 5.798117e+00 2.803031e+01
      vertex   3.077497e+01 5.979088e+00 2.836827e+01
      vertex   3.057126e+01 6.048939e+00 2.835854e+01
    endloop
  endfacet
  facet normal -3.088203e-01 -8.379387e-01 4.499875e-01
    outer loop
      vertex   3.057126e+01 6.048939e+00 2.835854e+01
      vertex   3.077497e+01 5.979088e+00 2.836827e+01
      vertex   3.046173e+01 6.195712e+00 2.855668e+01
    endloop
  endfacet
  facet normal -1.866646e-01 -8.359671e-01 5.160575e-01
    outer loop
      vertex   3.057126e+01 6.048939e+00 2.835854e+01
      vertex   3.046173e+01 6.195712e+00 2.855668e+01
      vertex   3.030403e+01 6.104937e+00 2.835259e+01
    endloop
  endfacet
  facet normal -7.159972e-02 -8.896370e-01 4.510204e-01
    outer loop
      vertex   3.030403e+01 6.104937e+00 2.835259e+01
      vertex   3.046173e+01 6.195712e+00 2.855668e+01
      vertex   3.013177e+01 6.337424e+00 2.878383e+01
    endloop
  endfacet
  facet normal -4.764735e-02 -8.870559e-01 4.591967e-01
    outer loop
      vertex   3.030403e+01 6.104937e+00 2.835259e+01
      vertex   3.013177e+01 6.337424e+00 2.878383e+01
      vertex   3.003182e+01 6.108248e+00 2.833074e+01
    endloop
  endfacet
  facet normal -6.312190e-02 -8.848853e-01 4.615123e-01
    outer loop
      vertex   3.003182e+01 6.108248e+00 2.833074e+01
      vertex   3.013177e+01 6.337424e+00 2.878383e+01
      vertex   2.997484e+01 6.304334e+00 2.869892e+01
    endloop
  endfacet
  facet normal 4.620682e-02 -9.566868e-01 2.874287e-01
    outer loop
      vertex   3.013177e+01 6.337424e+00 2.878383e+01
      vertex   2.979862e+01 6.398420e+00 2.904041e+01
      vertex   2.997484e+01 6.304334e+00 2.869892e+01
    endloop
  endfacet
  facet normal 3.612596e-01 -9.317049e-01 3.764879e-02
    outer loop
      vertex   2.947590e+01 6.376205e+00 2.931592e+01
      vertex   2.917683e+01 6.271686e+00 2.959908e+01
      vertex   2.910033e+01 6.233387e+00 2.938534e+01
    endloop
  endfacet
  facet normal 5.388763e-01 -8.413314e-01 -4.211740e-02
    outer loop
      vertex   2.910033e+01 6.233387e+00 2.938534e+01
      vertex   2.917683e+01 6.271686e+00 2.959908e+01
      vertex   2.891366e+01 6.089143e+00 2.987830e+01
    endloop
  endfacet
  facet normal 5.482879e-01 -8.354778e-01 -3.684051e-02
    outer loop
      vertex   2.910033e+01 6.233387e+00 2.938534e+01
      vertex   2.891366e+01 6.089143e+00 2.987830e+01
      vertex   2.868783e+01 5.948758e+00 2.970101e+01
    endloop
  endfacet
  facet normal 6.261916e-01 -7.532691e-01 -2.011708e-01
    outer loop
      vertex   2.868783e+01 5.948758e+00 2.970101e+01
      vertex   2.891366e+01 6.089143e+00 2.987830e+01
      vertex   2.866265e+01 5.820912e+00 3.010134e+01
    endloop
  endfacet
  facet normal 7.320405e-01 -6.609683e-01 -1.650382e-01
    outer loop
      vertex   2.868783e+01 5.948758e+00 2.970101e+01
      vertex   2.866265e+01 5.820912e+00 3.010134e+01
      vertex   2.840009e+01 5.657476e+00 2.959129e+01
    endloop
  endfacet
  facet normal 7.320405e-01 -6.609683e-01 -1.650382e-01
    outer loop
      vertex   2.840009e+01 5.657476e+00 2.959129e+01
      vertex   2.866265e+01 5.820912e+00 3.010134e+01
      vertex   2.837670e+01 5.531442e+00 2.999231e+01
    endloop
  endfacet
  facet normal 8.536858e-01 -5.089995e-01 -1.101818e-01
    outer loop
      vertex   2.840009e+01 5.657476e+00 2.959129e+01
      vertex   2.837670e+01 5.531442e+00 2.999231e+01
      vertex   2.818052e+01 5.314995e+00 2.947224e+01
    endloop
  endfacet
  facet normal 8.536858e-01 -5.089995e-01 -1.101818e-01
    outer loop
      vertex   2.818052e+01 5.314995e+00 2.947224e+01
      vertex   2.837670e+01 5.531442e+00 2.999231e+01
      vertex   2.815850e+01 5.191089e+00 2.987400e+01
    endloop
  endfacet
  facet normal 6.070159e-01 -7.603094e-01 -2.312169e-01
    outer loop
      vertex   2.891366e+01 6.089143e+00 2.987830e+01
      vertex   2.869715e+01 5.836050e+00 3.014214e+01
      vertex   2.866265e+01 5.820912e+00 3.010134e+01
    endloop
  endfacet
  facet normal 6.943551e-01 -6.260314e-01 -3.549024e-01
    outer loop
      vertex   2.866265e+01 5.820912e+00 3.010134e+01
      vertex   2.869715e+01 5.836050e+00 3.014214e+01
      vertex   2.853617e+01 5.522768e+00 3.037981e+01
    endloop
  endfacet
  facet normal 7.318687e-01 -6.044158e-01 -3.147216e-01
    outer loop
      vertex   2.866265e+01 5.820912e+00 3.010134e+01
      vertex   2.853617e+01 5.522768e+00 3.037981e+01
      vertex   2.837670e+01 5.531442e+00 2.999231e+01
    endloop
  endfacet
  facet normal 7.774543e-01 -5.342285e-01 -3.319109e-01
    outer loop
      vertex   2.837670e+01 5.531442e+00 2.999231e+01
      vertex   2.853617e+01 5.522768e+00 3.037981e+01
      vertex   2.842071e+01 5.358560e+00 3.037365e+01
    endloop
  endfacet
  facet normal 8.474038e-01 -4.399481e-01 -2.972415e-01
    outer loop
      vertex   2.837670e+01 5.531442e+00 2.999231e+01
      vertex   2.842071e+01 5.358560e+00 3.037365e+01
      vertex   2.815850e+01 5.191089e+00 2.987400e+01
    endloop
  endfacet
  facet normal 8.474038e-01 -4.399481e-01 -2.972415e-01
    outer loop
      vertex   2.815850e+01 5.191089e+00 2.987400e+01
      vertex   2.842071e+01 5.358560e+00 3.037365e+01
      vertex   2.821264e+01 5.034016e+00 3.026084e+01
    endloop
  endfacet
  facet normal 7.117802e-01 -4.813072e-01 -5.115782e-01
    outer loop
      vertex   2.853617e+01 5.522768e+00 3.037981e+01
      vertex   2.843732e+01 5.162124e+00 3.058158e+01
      vertex   2.842071e+01 5.358560e+00 3.037365e+01
    endloop
  endfacet
  facet normal 8.221292e-01 -3.795814e-01 -4.242894e-01
    outer loop
      vertex   2.842071e+01 5.358560e+00 3.037365e+01
      vertex   2.843732e+01 5.162124e+00 3.058158e+01
      vertex   2.821264e+01 5.034016e+00 3.026084e+01
    endloop
  endfacet
  facet normal 8.324326e-01 -3.100038e-01 -4.592969e-01
    outer loop
      vertex   2.821264e+01 5.034016e+00 3.026084e+01
      vertex   2.843732e+01 5.162124e+00 3.058158e+01
      vertex   2.834078e+01 4.850090e+00 3.061721e+01
    endloop
  endfacet
  facet normal 7.488714e-01 -2.992251e-01 -5.913171e-01
    outer loop
      vertex   2.834078e+01 4.850090e+00 3.061721e+01
      vertex   2.843732e+01 5.162124e+00 3.058158e+01
      vertex   2.840463e+01 4.768881e+00 3.073918e+01
    endloop
  endfacet
  facet normal 7.342142e-01 6.534465e-01 -1.842203e-01
    outer loop
      vertex   2.835261e+01 3.161075e+00 2.975816e+01
      vertex   2.867618e+01 2.884809e+00 3.006781e+01
      vertex   2.858216e+01 2.876028e+00 2.966197e+01
    endloop
  endfacet
  facet normal 6.153332e-01 7.720139e-01 -1.592466e-01
    outer loop
      vertex   2.858216e+01 2.876028e+00 2.966197e+01
      vertex   2.867618e+01 2.884809e+00 3.006781e+01
      vertex   2.895429e+01 2.653954e+00 3.002329e+01
    endloop
  endfacet
  facet normal 6.145646e-01 7.729002e-01 -1.579103e-01
    outer loop
      vertex   2.858216e+01 2.876028e+00 2.966197e+01
      vertex   2.895429e+01 2.653954e+00 3.002329e+01
      vertex   2.888602e+01 2.623587e+00 2.960896e+01
    endloop
  endfacet
  facet normal 4.643694e-01 8.744095e-01 -1.406027e-01
    outer loop
      vertex   2.888602e+01 2.623587e+00 2.960896e+01
      vertex   2.895429e+01 2.653954e+00 3.002329e+01
      vertex   2.923820e+01 2.432264e+00 2.958227e+01
    endloop
  endfacet
  facet normal 4.766830e-01 8.790053e-01 -1.109240e-02
    outer loop
      vertex   2.888602e+01 2.623587e+00 2.960896e+01
      vertex   2.923820e+01 2.432264e+00 2.958227e+01
      vertex   2.913447e+01 2.485370e+00 2.933265e+01
    endloop
  endfacet
  facet normal 3.254653e-01 9.432875e-01 6.542892e-02
    outer loop
      vertex   2.913447e+01 2.485370e+00 2.933265e+01
      vertex   2.923820e+01 2.432264e+00 2.958227e+01
      vertex   2.943139e+01 2.398026e+00 2.911492e+01
    endloop
  endfacet
  facet normal 7.396079e-01 6.428494e-01 -1.993109e-01
    outer loop
      vertex   2.867618e+01 2.884809e+00 3.006781e+01
      vertex   2.835261e+01 3.161075e+00 2.975816e+01
      vertex   2.844849e+01 3.166509e+00 3.013150e+01
    endloop
  endfacet
  facet normal 8.377214e-01 4.987543e-01 -2.224120e-01
    outer loop
      vertex   2.844849e+01 3.166509e+00 3.013150e+01
      vertex   2.835261e+01 3.161075e+00 2.975816e+01
      vertex   2.816897e+01 3.489039e+00 2.980195e+01
    endloop
  endfacet
  facet normal 8.394615e-01 4.922080e-01 -2.302947e-01
    outer loop
      vertex   2.844849e+01 3.166509e+00 3.013150e+01
      vertex   2.816897e+01 3.489039e+00 2.980195e+01
      vertex   2.828427e+01 3.483766e+00 3.021096e+01
    endloop
  endfacet
  facet normal 8.736804e-01 4.227057e-01 -2.408368e-01
    outer loop
      vertex   2.828427e+01 3.483766e+00 3.021096e+01
      vertex   2.816897e+01 3.489039e+00 2.980195e+01
      vertex   2.815063e+01 3.534370e+00 2.981495e+01
    endloop
  endfacet
  facet normal 9.078037e-01 3.252202e-01 -2.648098e-01
    outer loop
      vertex   2.828427e+01 3.483766e+00 3.021096e+01
      vertex   2.815063e+01 3.534370e+00 2.981495e+01
      vertex   2.818898e+01 3.824860e+00 3.030321e+01
    endloop
  endfacet
  facet normal 9.078037e-01 3.252202e-01 -2.648098e-01
    outer loop
      vertex   2.818898e+01 3.824860e+00 3.030321e+01
      vertex   2.815063e+01 3.534370e+00 2.981495e+01
      vertex   2.804604e+01 3.908747e+00 2.991620e+01
    endloop
  endfacet
  facet normal 9.375338e-01 1.504766e-01 -3.136674e-01
    outer loop
      vertex   2.818898e+01 3.824860e+00 3.030321e+01
      vertex   2.804604e+01 3.908747e+00 2.991620e+01
      vertex   2.816653e+01 4.175827e+00 3.040446e+01
    endloop
  endfacet
  facet normal 9.375338e-01 1.504766e-01 -3.136674e-01
    outer loop
      vertex   2.816653e+01 4.175827e+00 3.040446e+01
      vertex   2.804604e+01 3.908747e+00 2.991620e+01
      vertex   2.802139e+01 4.293961e+00 3.002733e+01
    endloop
  endfacet
  facet normal 9.302513e-01 -2.562467e-02 -3.660271e-01
    outer loop
      vertex   2.816653e+01 4.175827e+00 3.040446e+01
      vertex   2.802139e+01 4.293961e+00 3.002733e+01
      vertex   2.821783e+01 4.522299e+00 3.051057e+01
    endloop
  endfacet
  facet normal 9.302513e-01 -2.562467e-02 -3.660271e-01
    outer loop
      vertex   2.821783e+01 4.522299e+00 3.051057e+01
      vertex   2.802139e+01 4.293961e+00 3.002733e+01
      vertex   2.807770e+01 4.674240e+00 3.014380e+01
    endloop
  endfacet
  facet normal 9.316968e-01 3.420285e-01 1.223013e-01
    outer loop
      vertex   2.816897e+01 3.489039e+00 2.980195e+01
      vertex   2.803985e+01 3.844584e+00 2.979130e+01
      vertex   2.815063e+01 3.534370e+00 2.981495e+01
    endloop
  endfacet
  facet normal 9.261348e-01 3.148851e-01 -2.076577e-01
    outer loop
      vertex   2.815063e+01 3.534370e+00 2.981495e+01
      vertex   2.803985e+01 3.844584e+00 2.979130e+01
      vertex   2.804604e+01 3.908747e+00 2.991620e+01
    endloop
  endfacet
  facet normal 9.784197e-01 1.600384e-01 -1.307007e-01
    outer loop
      vertex   2.803985e+01 3.844584e+00 2.979130e+01
      vertex   2.797127e+01 4.211087e+00 2.972671e+01
      vertex   2.804604e+01 3.908747e+00 2.991620e+01
    endloop
  endfacet
  facet normal 9.736122e-01 1.185500e-01 -1.950003e-01
    outer loop
      vertex   2.804604e+01 3.908747e+00 2.991620e+01
      vertex   2.797127e+01 4.211087e+00 2.972671e+01
      vertex   2.802139e+01 4.293961e+00 3.002733e+01
    endloop
  endfacet
  facet normal 9.873109e-01 -3.634277e-02 -1.545843e-01
    outer loop
      vertex   2.797127e+01 4.211087e+00 2.972671e+01
      vertex   2.796645e+01 4.571409e+00 2.961119e+01
      vertex   2.802139e+01 4.293961e+00 3.002733e+01
    endloop
  endfacet
  facet normal 9.783711e-01 -8.743652e-02 -1.874695e-01
    outer loop
      vertex   2.802139e+01 4.293961e+00 3.002733e+01
      vertex   2.796645e+01 4.571409e+00 2.961119e+01
      vertex   2.807770e+01 4.674240e+00 3.014380e+01
    endloop
  endfacet
  facet normal 9.778663e-01 -9.660332e-02 -1.855942e-01
    outer loop
      vertex   2.807770e+01 4.674240e+00 3.014380e+01
      vertex   2.796645e+01 4.571409e+00 2.961119e+01
      vertex   2.801698e+01 4.813788e+00 2.975126e+01
    endloop
  endfacet
  facet normal 9.818953e-01 -1.869065e-01 -3.078148e-02
    outer loop
      vertex   2.801698e+01 4.813788e+00 2.975126e+01
      vertex   2.796645e+01 4.571409e+00 2.961119e+01
      vertex   2.802561e+01 4.908703e+00 2.945016e+01
    endloop
  endfacet
  facet normal 6.649028e-01 -6.180857e-01 4.193738e-01
    outer loop
      vertex   2.854524e+01 5.634423e+00 2.877767e+01
      vertex   2.880547e+01 5.743178e+00 2.852537e+01
      vertex   2.864263e+01 5.750830e+00 2.879484e+01
    endloop
  endfacet
  facet normal 5.853957e-01 -7.192274e-01 3.741975e-01
    outer loop
      vertex   2.864263e+01 5.750830e+00 2.879484e+01
      vertex   2.880547e+01 5.743178e+00 2.852537e+01
      vertex   2.889964e+01 6.011009e+00 2.889284e+01
    endloop
  endfacet
  facet normal 5.508208e-01 -7.353417e-01 3.948026e-01
    outer loop
      vertex   2.889964e+01 6.011009e+00 2.889284e+01
      vertex   2.880547e+01 5.743178e+00 2.852537e+01
      vertex   2.907776e+01 5.942913e+00 2.851750e+01
    endloop
  endfacet
  facet normal 5.178255e-01 -6.857613e-01 5.114569e-01
    outer loop
      vertex   2.907776e+01 5.942913e+00 2.851750e+01
      vertex   2.880547e+01 5.743178e+00 2.852537e+01
      vertex   2.909045e+01 5.774114e+00 2.827833e+01
    endloop
  endfacet
  facet normal 3.920647e-01 -7.416737e-01 5.442475e-01
    outer loop
      vertex   2.907776e+01 5.942913e+00 2.851750e+01
      vertex   2.909045e+01 5.774114e+00 2.827833e+01
      vertex   2.929510e+01 5.811432e+00 2.818175e+01
    endloop
  endfacet
  facet normal 4.286446e-01 -5.979207e-01 6.773143e-01
    outer loop
      vertex   2.929510e+01 5.811432e+00 2.818175e+01
      vertex   2.909045e+01 5.774114e+00 2.827833e+01
      vertex   2.938684e+01 5.725784e+00 2.804809e+01
    endloop
  endfacet
  facet normal 2.867276e-01 -7.050818e-01 6.485731e-01
    outer loop
      vertex   2.929510e+01 5.811432e+00 2.818175e+01
      vertex   2.938684e+01 5.725784e+00 2.804809e+01
      vertex   2.951682e+01 5.958429e+00 2.824354e+01
    endloop
  endfacet
  facet normal 2.294042e-01 -6.980428e-01 6.783140e-01
    outer loop
      vertex   2.951682e+01 5.958429e+00 2.824354e+01
      vertex   2.938684e+01 5.725784e+00 2.804809e+01
      vertex   2.970747e+01 5.730944e+00 2.794496e+01
    endloop
  endfacet
  facet normal 1.614307e-01 -7.326002e-01 6.612391e-01
    outer loop
      vertex   2.951682e+01 5.958429e+00 2.824354e+01
      vertex   2.970747e+01 5.730944e+00 2.794496e+01
      vertex   2.976579e+01 6.058736e+00 2.829389e+01
    endloop
  endfacet
  facet normal 1.614307e-01 -7.326002e-01 6.612391e-01
    outer loop
      vertex   2.976579e+01 6.058736e+00 2.829389e+01
      vertex   2.970747e+01 5.730944e+00 2.794496e+01
      vertex   2.989225e+01 5.805387e+00 2.798233e+01
    endloop
  endfacet
  facet normal 2.494753e-01 -6.190551e-01 7.446696e-01
    outer loop
      vertex   2.938684e+01 5.725784e+00 2.804809e+01
      vertex   2.968081e+01 5.600449e+00 2.784541e+01
      vertex   2.970747e+01 5.730944e+00 2.794496e+01
    endloop
  endfacet
  facet normal 3.914997e-02 -6.110996e-01 7.905849e-01
    outer loop
      vertex   2.970747e+01 5.730944e+00 2.794496e+01
      vertex   2.968081e+01 5.600449e+00 2.784541e+01
      vertex   2.995858e+01 5.403968e+00 2.767978e+01
    endloop
  endfacet
  facet normal 1.264805e-01 -5.644282e-01 8.157349e-01
    outer loop
      vertex   2.970747e+01 5.730944e+00 2.794496e+01
      vertex   2.995858e+01 5.403968e+00 2.767978e+01
      vertex   3.002519e+01 5.494182e+00 2.773187e+01
    endloop
  endfacet
  facet normal -5.701290e-02 -4.673549e-01 8.822295e-01
    outer loop
      vertex   3.002519e+01 5.494182e+00 2.773187e+01
      vertex   2.995858e+01 5.403968e+00 2.767978e+01
      vertex   3.020719e+01 5.145529e+00 2.755894e+01
    endloop
  endfacet
  facet normal -2.121368e-01 -3.512212e-01 9.119439e-01
    outer loop
      vertex   3.041501e+01 4.837217e+00 2.748854e+01
      vertex   3.076057e+01 5.182868e+00 2.770205e+01
      vertex   3.020719e+01 5.145529e+00 2.755894e+01
    endloop
  endfacet
  facet normal -2.114112e-01 -3.558050e-01 9.103341e-01
    outer loop
      vertex   3.020719e+01 5.145529e+00 2.755894e+01
      vertex   3.076057e+01 5.182868e+00 2.770205e+01
      vertex   3.069398e+01 5.284740e+00 2.772640e+01
    endloop
  endfacet
  facet normal -1.991856e-01 -3.866675e-01 9.004517e-01
    outer loop
      vertex   3.020719e+01 5.145529e+00 2.755894e+01
      vertex   3.069398e+01 5.284740e+00 2.772640e+01
      vertex   3.060777e+01 5.372102e+00 2.774484e+01
    endloop
  endfacet
  facet normal -3.514151e-01 -5.122328e-01 7.836613e-01
    outer loop
      vertex   3.060777e+01 5.372102e+00 2.774484e+01
      vertex   3.069398e+01 5.284740e+00 2.772640e+01
      vertex   3.098439e+01 5.463368e+00 2.797339e+01
    endloop
  endfacet
  facet normal -3.514151e-01 -5.122328e-01 7.836613e-01
    outer loop
      vertex   3.060777e+01 5.372102e+00 2.774484e+01
      vertex   3.098439e+01 5.463368e+00 2.797339e+01
      vertex   3.084361e+01 5.606031e+00 2.800351e+01
    endloop
  endfacet
  facet normal -2.397471e-01 -1.561627e-01 9.581934e-01
    outer loop
      vertex   3.041501e+01 4.837217e+00 2.748854e+01
      vertex   3.057231e+01 4.493447e+00 2.747187e+01
      vertex   3.073698e+01 4.612630e+00 2.753250e+01
    endloop
  endfacet
  facet normal -2.434891e-01 -1.509382e-01 9.580870e-01
    outer loop
      vertex   3.073698e+01 4.612630e+00 2.753250e+01
      vertex   3.057231e+01 4.493447e+00 2.747187e+01
      vertex   3.066233e+01 4.519366e+00 2.749883e+01
    endloop
  endfacet
  facet normal -3.824449e-01 -2.725190e-02 9.235763e-01
    outer loop
      vertex   3.073698e+01 4.612630e+00 2.753250e+01
      vertex   3.066233e+01 4.519366e+00 2.749883e+01
      vertex   3.093271e+01 4.213507e+00 2.760177e+01
    endloop
  endfacet
  facet normal -3.291273e-01 2.672231e-02 9.439074e-01
    outer loop
      vertex   3.093271e+01 4.213507e+00 2.760177e+01
      vertex   3.066233e+01 4.519366e+00 2.749883e+01
      vertex   3.078086e+01 4.088681e+00 2.755236e+01
    endloop
  endfacet
  facet normal -4.374489e-01 1.836744e-01 8.802853e-01
    outer loop
      vertex   3.093271e+01 4.213507e+00 2.760177e+01
      vertex   3.078086e+01 4.088681e+00 2.755236e+01
      vertex   3.096314e+01 3.745577e+00 2.771453e+01
    endloop
  endfacet
  facet normal -3.858474e-01 2.186484e-01 8.962782e-01
    outer loop
      vertex   3.096314e+01 3.745577e+00 2.771453e+01
      vertex   3.078086e+01 4.088681e+00 2.755236e+01
      vertex   3.070866e+01 3.764739e+00 2.760030e+01
    endloop
  endfacet
  facet normal -3.703245e-01 3.073623e-01 8.765775e-01
    outer loop
      vertex   3.096314e+01 3.745577e+00 2.771453e+01
      vertex   3.070866e+01 3.764739e+00 2.760030e+01
      vertex   3.072659e+01 3.621287e+00 2.765817e+01
    endloop
  endfacet
  facet normal -3.212554e-02 3.704921e-01 9.282799e-01
    outer loop
      vertex   3.072659e+01 3.621287e+00 2.765817e+01
      vertex   3.070866e+01 3.764739e+00 2.760030e+01
      vertex   3.068133e+01 3.413874e+00 2.773939e+01
    endloop
  endfacet
  facet normal -4.151040e-01 4.088177e-01 8.127464e-01
    outer loop
      vertex   3.072659e+01 3.621287e+00 2.765817e+01
      vertex   3.068133e+01 3.413874e+00 2.773939e+01
      vertex   3.082082e+01 3.276061e+00 2.787995e+01
    endloop
  endfacet
  facet normal -2.800843e-01 5.317280e-01 7.992610e-01
    outer loop
      vertex   3.082082e+01 3.276061e+00 2.787995e+01
      vertex   3.068133e+01 3.413874e+00 2.773939e+01
      vertex   3.059104e+01 3.094105e+00 2.792048e+01
    endloop
  endfacet
  facet normal -2.920478e-01 1.967757e-02 9.562013e-01
    outer loop
      vertex   3.057231e+01 4.493447e+00 2.747187e+01
      vertex   3.067174e+01 4.130294e+00 2.750971e+01
      vertex   3.066233e+01 4.519366e+00 2.749883e+01
    endloop
  endfacet
  facet normal -3.581418e-01 1.744424e-02 9.335042e-01
    outer loop
      vertex   3.066233e+01 4.519366e+00 2.749883e+01
      vertex   3.067174e+01 4.130294e+00 2.750971e+01
      vertex   3.078086e+01 4.088681e+00 2.755236e+01
    endloop
  endfacet
  facet normal -2.883669e-01 2.027702e-01 9.358038e-01
    outer loop
      vertex   3.067174e+01 4.130294e+00 2.750971e+01
      vertex   3.070866e+01 3.764739e+00 2.760030e+01
      vertex   3.078086e+01 4.088681e+00 2.755236e+01
    endloop
  endfacet
  facet normal -9.430461e-02 8.972515e-01 4.313310e-01
    outer loop
      vertex   3.024119e+01 2.605513e+00 2.837324e+01
      vertex   2.999800e+01 2.459535e+00 2.862373e+01
      vertex   3.008806e+01 2.396503e+00 2.877454e+01
    endloop
  endfacet
  facet normal 7.653906e-02 9.353865e-01 3.452447e-01
    outer loop
      vertex   3.008806e+01 2.396503e+00 2.877454e+01
      vertex   2.999800e+01 2.459535e+00 2.862373e+01
      vertex   2.972379e+01 2.389278e+00 2.887487e+01
    endloop
  endfacet
  facet normal 4.963921e-01 8.680137e-01 1.212733e-02
    outer loop
      vertex   2.913447e+01 2.485370e+00 2.933265e+01
      vertex   2.884691e+01 2.647227e+00 2.951789e+01
      vertex   2.888602e+01 2.623587e+00 2.960896e+01
    endloop
  endfacet
  facet normal 6.302138e-01 7.732649e-01 -6.994277e-02
    outer loop
      vertex   2.888602e+01 2.623587e+00 2.960896e+01
      vertex   2.884691e+01 2.647227e+00 2.951789e+01
      vertex   2.858216e+01 2.876028e+00 2.966197e+01
    endloop
  endfacet
  facet normal 8.441749e-01 3.876845e-02 -5.346641e-01
    outer loop
      vertex   2.816653e+01 4.175827e+00 3.040446e+01
      vertex   2.821783e+01 4.522299e+00 3.051057e+01
      vertex   2.843174e+01 4.364071e+00 3.083685e+01
    endloop
  endfacet
  facet normal 8.441749e-01 3.876845e-02 -5.346641e-01
    outer loop
      vertex   2.816653e+01 4.175827e+00 3.040446e+01
      vertex   2.843174e+01 4.364071e+00 3.083685e+01
      vertex   2.838751e+01 4.065333e+00 3.074535e+01
    endloop
  endfacet
  facet normal -7.175631e-01 -3.406292e-02 6.956601e-01
    outer loop
      vertex   3.162527e+01 4.578450e+00 2.812637e+01
      vertex   3.151457e+01 4.605696e+00 2.801352e+01
      vertex   3.144922e+01 4.352819e+00 2.793373e+01
    endloop
  endfacet
  facet normal -6.125741e-01 -8.948831e-02 7.853310e-01
    outer loop
      vertex   3.144922e+01 4.352819e+00 2.793373e+01
      vertex   3.151457e+01 4.605696e+00 2.801352e+01
      vertex   3.119010e+01 4.727017e+00 2.777425e+01
    endloop
  endfacet
  facet normal -6.125741e-01 -8.948831e-02 7.853310e-01
    outer loop
      vertex   3.144922e+01 4.352819e+00 2.793373e+01
      vertex   3.119010e+01 4.727017e+00 2.777425e+01
      vertex   3.114160e+01 4.539345e+00 2.771503e+01
    endloop
  endfacet
  facet normal -4.495179e-01 -1.610647e-01 8.786306e-01
    outer loop
      vertex   3.114160e+01 4.539345e+00 2.771503e+01
      vertex   3.119010e+01 4.727017e+00 2.777425e+01
      vertex   3.081995e+01 4.833823e+00 2.760446e+01
    endloop
  endfacet
  facet normal -4.495179e-01 -1.610647e-01 8.786306e-01
    outer loop
      vertex   3.114160e+01 4.539345e+00 2.771503e+01
      vertex   3.081995e+01 4.833823e+00 2.760446e+01
      vertex   3.079025e+01 4.718899e+00 2.756819e+01
    endloop
  endfacet
  facet normal -1.787688e-01 -4.156510e-01 8.917825e-01
    outer loop
      vertex   3.020719e+01 5.145529e+00 2.755894e+01
      vertex   3.060777e+01 5.372102e+00 2.774484e+01
      vertex   3.050546e+01 5.441377e+00 2.775662e+01
    endloop
  endfacet
  facet normal -2.914566e-01 -5.620516e-01 7.740485e-01
    outer loop
      vertex   3.050546e+01 5.441377e+00 2.775662e+01
      vertex   3.060777e+01 5.372102e+00 2.774484e+01
      vertex   3.084361e+01 5.606031e+00 2.800351e+01
    endloop
  endfacet
  facet normal -2.914566e-01 -5.620516e-01 7.740485e-01
    outer loop
      vertex   3.050546e+01 5.441377e+00 2.775662e+01
      vertex   3.084361e+01 5.606031e+00 2.800351e+01
      vertex   3.067654e+01 5.719158e+00 2.802274e+01
    endloop
  endfacet
  facet normal -2.225911e-01 -5.994631e-01 7.688285e-01
    outer loop
      vertex   3.067654e+01 5.719158e+00 2.802274e+01
      vertex   3.039125e+01 5.489729e+00 2.776126e+01
      vertex   3.050546e+01 5.441377e+00 2.775662e+01
    endloop
  endfacet
  facet normal -1.503530e-01 -4.399866e-01 8.853280e-01
    outer loop
      vertex   3.050546e+01 5.441377e+00 2.775662e+01
      vertex   3.039125e+01 5.489729e+00 2.776126e+01
      vertex   3.020719e+01 5.145529e+00 2.755894e+01
    endloop
  endfacet
  facet normal 8.506461e-01 1.952514e-01 -4.881375e-01
    outer loop
      vertex   2.818898e+01 3.824860e+00 3.030321e+01
      vertex   2.816653e+01 4.175827e+00 3.040446e+01
      vertex   2.838751e+01 4.065333e+00 3.074535e+01
    endloop
  endfacet
  facet normal 8.242281e-01 3.505278e-01 -4.447228e-01
    outer loop
      vertex   2.828427e+01 3.483766e+00 3.021096e+01
      vertex   2.818898e+01 3.824860e+00 3.030321e+01
      vertex   2.840687e+01 3.762718e+00 3.065805e+01
    endloop
  endfacet
  facet normal 8.506461e-01 1.952514e-01 -4.881375e-01
    outer loop
      vertex   2.840687e+01 3.762718e+00 3.065805e+01
      vertex   2.818898e+01 3.824860e+00 3.030321e+01
      vertex   2.838751e+01 4.065333e+00 3.074535e+01
    endloop
  endfacet
  facet normal 7.660025e-01 4.982406e-01 -4.061976e-01
    outer loop
      vertex   2.844849e+01 3.166509e+00 3.013150e+01
      vertex   2.828427e+01 3.483766e+00 3.021096e+01
      vertex   2.848903e+01 3.468617e+00 3.057851e+01
    endloop
  endfacet
  facet normal 8.242281e-01 3.505278e-01 -4.447228e-01
    outer loop
      vertex   2.848903e+01 3.468617e+00 3.057851e+01
      vertex   2.828427e+01 3.483766e+00 3.021096e+01
      vertex   2.840687e+01 3.762718e+00 3.065805e+01
    endloop
  endfacet
  facet normal 2.798441e-01 9.021842e-01 -3.282544e-01
    outer loop
      vertex   2.964453e+01 2.508530e+00 3.039326e+01
      vertex   2.962440e+01 2.370273e+00 2.999611e+01
      vertex   2.934341e+01 2.602830e+00 3.039572e+01
    endloop
  endfacet
  facet normal 1.059472e-01 9.924666e-01 6.152401e-02
    outer loop
      vertex   3.005417e+01 2.290741e+00 2.918063e+01
      vertex   2.963600e+01 2.336717e+00 2.915908e+01
      vertex   2.962152e+01 2.312224e+00 2.957913e+01
    endloop
  endfacet
  facet normal -9.038707e-02 9.948546e-01 4.576496e-02
    outer loop
      vertex   3.041813e+01 2.302535e+00 2.964307e+01
      vertex   3.047142e+01 2.326556e+00 2.922614e+01
      vertex   3.002027e+01 2.268383e+00 2.959968e+01
    endloop
  endfacet
  facet normal -3.169088e-01 7.560259e-01 5.727073e-01
    outer loop
      vertex   3.088422e+01 2.974637e+00 2.816696e+01
      vertex   3.052538e+01 2.870248e+00 2.810620e+01
      vertex   3.052614e+01 2.616234e+00 2.844195e+01
    endloop
  endfacet
  facet normal -3.169088e-01 7.560259e-01 5.727073e-01
    outer loop
      vertex   3.088422e+01 2.974637e+00 2.816696e+01
      vertex   3.052614e+01 2.616234e+00 2.844195e+01
      vertex   3.091423e+01 2.729131e+00 2.850766e+01
    endloop
  endfacet
  facet normal -3.178594e-01 8.588677e-01 4.016363e-01
    outer loop
      vertex   3.091423e+01 2.729131e+00 2.850766e+01
      vertex   3.052614e+01 2.616234e+00 2.844195e+01
      vertex   3.050791e+01 2.432542e+00 2.882033e+01
    endloop
  endfacet
  facet normal -4.996909e-01 7.856101e-01 3.648640e-01
    outer loop
      vertex   3.127681e+01 2.742322e+00 2.897582e+01
      vertex   3.126892e+01 2.915489e+00 2.859216e+01
      vertex   3.090965e+01 2.549410e+00 2.888835e+01
    endloop
  endfacet
  facet normal -4.586838e-01 5.602609e-01 6.897223e-01
    outer loop
      vertex   3.110887e+01 3.427403e+00 2.794858e+01
      vertex   3.088422e+01 2.974637e+00 2.816696e+01
      vertex   3.121218e+01 3.146950e+00 2.824509e+01
    endloop
  endfacet
  facet normal -4.889552e-01 6.867106e-01 5.379139e-01
    outer loop
      vertex   3.121218e+01 3.146950e+00 2.824509e+01
      vertex   3.088422e+01 2.974637e+00 2.816696e+01
      vertex   3.091423e+01 2.729131e+00 2.850766e+01
    endloop
  endfacet
  facet normal -4.099813e-01 4.111348e-01 8.141766e-01
    outer loop
      vertex   3.096314e+01 3.745577e+00 2.771453e+01
      vertex   3.072659e+01 3.621287e+00 2.765817e+01
      vertex   3.082082e+01 3.276061e+00 2.787995e+01
    endloop
  endfacet
  facet normal -5.279379e-01 3.329304e-01 7.813059e-01
    outer loop
      vertex   3.116775e+01 3.913772e+00 2.778111e+01
      vertex   3.110887e+01 3.427403e+00 2.794858e+01
      vertex   3.135800e+01 3.632208e+00 2.802965e+01
    endloop
  endfacet
  facet normal -5.970536e-01 4.685227e-01 6.511631e-01
    outer loop
      vertex   3.135800e+01 3.632208e+00 2.802965e+01
      vertex   3.110887e+01 3.427403e+00 2.794858e+01
      vertex   3.121218e+01 3.146950e+00 2.824509e+01
    endloop
  endfacet
  facet normal -5.150069e-01 1.051613e-01 8.507109e-01
    outer loop
      vertex   3.105462e+01 4.365806e+00 2.765674e+01
      vertex   3.116775e+01 3.913772e+00 2.778111e+01
      vertex   3.133201e+01 4.118986e+00 2.785519e+01
    endloop
  endfacet
  facet normal -6.265653e-01 2.330885e-01 7.436973e-01
    outer loop
      vertex   3.133201e+01 4.118986e+00 2.785519e+01
      vertex   3.116775e+01 3.913772e+00 2.778111e+01
      vertex   3.135800e+01 3.632208e+00 2.802965e+01
    endloop
  endfacet
  facet normal -5.741896e-01 1.284728e-02 8.186216e-01
    outer loop
      vertex   3.144922e+01 4.352819e+00 2.793373e+01
      vertex   3.114160e+01 4.539345e+00 2.771503e+01
      vertex   3.133201e+01 4.118986e+00 2.785519e+01
    endloop
  endfacet
  facet normal -5.741896e-01 1.284728e-02 8.186216e-01
    outer loop
      vertex   3.133201e+01 4.118986e+00 2.785519e+01
      vertex   3.114160e+01 4.539345e+00 2.771503e+01
      vertex   3.105462e+01 4.365806e+00 2.765674e+01
    endloop
  endfacet
  facet normal -4.231303e-01 -9.071360e-02 9.015164e-01
    outer loop
      vertex   3.114160e+01 4.539345e+00 2.771503e+01
      vertex   3.079025e+01 4.718899e+00 2.756819e+01
      vertex   3.105462e+01 4.365806e+00 2.765674e+01
    endloop
  endfacet
  facet normal -4.557080e-01 -3.107500e-01 8.341251e-01
    outer loop
      vertex   3.080480e+01 5.070655e+00 2.767278e+01
      vertex   3.082487e+01 4.952697e+00 2.763980e+01
      vertex   3.119813e+01 4.921140e+00 2.783197e+01
    endloop
  endfacet
  facet normal -4.557080e-01 -3.107500e-01 8.341251e-01
    outer loop
      vertex   3.116535e+01 5.113766e+00 2.788582e+01
      vertex   3.080480e+01 5.070655e+00 2.767278e+01
      vertex   3.119813e+01 4.921140e+00 2.783197e+01
    endloop
  endfacet
  facet normal -4.000117e-01 -4.520463e-01 7.972733e-01
    outer loop
      vertex   3.076057e+01 5.182868e+00 2.770205e+01
      vertex   3.109312e+01 5.297009e+00 2.793362e+01
      vertex   3.069398e+01 5.284740e+00 2.772640e+01
    endloop
  endfacet
  facet normal -4.000117e-01 -4.520463e-01 7.972733e-01
    outer loop
      vertex   3.069398e+01 5.284740e+00 2.772640e+01
      vertex   3.109312e+01 5.297009e+00 2.793362e+01
      vertex   3.098439e+01 5.463368e+00 2.797339e+01
    endloop
  endfacet
  facet normal -1.734467e-01 -7.613452e-01 6.247157e-01
    outer loop
      vertex   3.049003e+01 5.798117e+00 2.803031e+01
      vertex   3.057126e+01 6.048939e+00 2.835854e+01
      vertex   3.029170e+01 5.839675e+00 2.802589e+01
    endloop
  endfacet
  facet normal -1.734467e-01 -7.613452e-01 6.247157e-01
    outer loop
      vertex   3.029170e+01 5.839675e+00 2.802589e+01
      vertex   3.057126e+01 6.048939e+00 2.835854e+01
      vertex   3.030403e+01 6.104937e+00 2.835259e+01
    endloop
  endfacet
  facet normal -6.002476e-02 -7.738155e-01 6.305606e-01
    outer loop
      vertex   3.029170e+01 5.839675e+00 2.802589e+01
      vertex   3.030403e+01 6.104937e+00 2.835259e+01
      vertex   3.008968e+01 5.842132e+00 2.800968e+01
    endloop
  endfacet
  facet normal -6.002476e-02 -7.738155e-01 6.305606e-01
    outer loop
      vertex   3.008968e+01 5.842132e+00 2.800968e+01
      vertex   3.030403e+01 6.104937e+00 2.835259e+01
      vertex   3.003182e+01 6.108248e+00 2.833074e+01
    endloop
  endfacet
  facet normal -6.966541e-02 -6.315085e-01 7.722330e-01
    outer loop
      vertex   3.014609e+01 5.516683e+00 2.774862e+01
      vertex   3.026980e+01 5.515178e+00 2.775855e+01
      vertex   3.029170e+01 5.839675e+00 2.802589e+01
    endloop
  endfacet
  facet normal -1.476378e-01 -6.229357e-01 7.682149e-01
    outer loop
      vertex   3.029170e+01 5.839675e+00 2.802589e+01
      vertex   3.026980e+01 5.515178e+00 2.775855e+01
      vertex   3.049003e+01 5.798117e+00 2.803031e+01
    endloop
  endfacet
  facet normal -6.966541e-02 -6.315085e-01 7.722330e-01
    outer loop
      vertex   3.014609e+01 5.516683e+00 2.774862e+01
      vertex   3.029170e+01 5.839675e+00 2.802589e+01
      vertex   3.008968e+01 5.842132e+00 2.800968e+01
    endloop
  endfacet
  facet normal 2.336327e-01 -8.322587e-01 5.027537e-01
    outer loop
      vertex   2.951682e+01 5.958429e+00 2.824354e+01
      vertex   2.976579e+01 6.058736e+00 2.829389e+01
      vertex   2.965090e+01 6.244045e+00 2.865404e+01
    endloop
  endfacet
  facet normal 2.963117e-01 -8.983097e-01 3.244058e-01
    outer loop
      vertex   2.965090e+01 6.244045e+00 2.865404e+01
      vertex   2.955219e+01 6.353866e+00 2.904830e+01
      vertex   2.934774e+01 6.121905e+00 2.859273e+01
    endloop
  endfacet
  facet normal 2.963117e-01 -8.983097e-01 3.244058e-01
    outer loop
      vertex   2.934774e+01 6.121905e+00 2.859273e+01
      vertex   2.955219e+01 6.353866e+00 2.904830e+01
      vertex   2.920702e+01 6.214802e+00 2.897850e+01
    endloop
  endfacet
  facet normal 4.439436e-01 -8.207425e-01 3.595772e-01
    outer loop
      vertex   2.934774e+01 6.121905e+00 2.859273e+01
      vertex   2.920702e+01 6.214802e+00 2.897850e+01
      vertex   2.907776e+01 5.942913e+00 2.851750e+01
    endloop
  endfacet
  facet normal 4.439436e-01 -8.207425e-01 3.595772e-01
    outer loop
      vertex   2.907776e+01 5.942913e+00 2.851750e+01
      vertex   2.920702e+01 6.214802e+00 2.897850e+01
      vertex   2.889964e+01 6.011009e+00 2.889284e+01
    endloop
  endfacet
  facet normal 8.257512e-02 -6.031748e-01 7.933230e-01
    outer loop
      vertex   2.970747e+01 5.730944e+00 2.794496e+01
      vertex   3.002519e+01 5.494182e+00 2.773187e+01
      vertex   2.989225e+01 5.805387e+00 2.798233e+01
    endloop
  endfacet
  facet normal 3.594851e-01 -7.661347e-01 5.327365e-01
    outer loop
      vertex   2.929510e+01 5.811432e+00 2.818175e+01
      vertex   2.951682e+01 5.958429e+00 2.824354e+01
      vertex   2.934774e+01 6.121905e+00 2.859273e+01
    endloop
  endfacet
  facet normal 2.336327e-01 -8.322587e-01 5.027537e-01
    outer loop
      vertex   2.934774e+01 6.121905e+00 2.859273e+01
      vertex   2.951682e+01 5.958429e+00 2.824354e+01
      vertex   2.965090e+01 6.244045e+00 2.865404e+01
    endloop
  endfacet
  facet normal 3.594851e-01 -7.661347e-01 5.327365e-01
    outer loop
      vertex   2.929510e+01 5.811432e+00 2.818175e+01
      vertex   2.934774e+01 6.121905e+00 2.859273e+01
      vertex   2.907776e+01 5.942913e+00 2.851750e+01
    endloop
  endfacet
  facet normal 7.060290e-01 -7.076627e-01 2.713881e-02
    outer loop
      vertex   2.848993e+01 5.731599e+00 2.918671e+01
      vertex   2.876790e+01 6.012984e+00 2.929270e+01
      vertex   2.868783e+01 5.948758e+00 2.970101e+01
    endloop
  endfacet
  facet normal 5.566032e-01 -8.305006e-01 -2.148629e-02
    outer loop
      vertex   2.868783e+01 5.948758e+00 2.970101e+01
      vertex   2.876790e+01 6.012984e+00 2.929270e+01
      vertex   2.910033e+01 6.233387e+00 2.938534e+01
    endloop
  endfacet
  facet normal 7.060290e-01 -7.076627e-01 2.713881e-02
    outer loop
      vertex   2.848993e+01 5.731599e+00 2.918671e+01
      vertex   2.868783e+01 5.948758e+00 2.970101e+01
      vertex   2.840009e+01 5.657476e+00 2.959129e+01
    endloop
  endfacet
  facet normal 8.259977e-01 -5.577885e-01 8.123912e-02
    outer loop
      vertex   2.818052e+01 5.314995e+00 2.947224e+01
      vertex   2.848993e+01 5.731599e+00 2.918671e+01
      vertex   2.840009e+01 5.657476e+00 2.959129e+01
    endloop
  endfacet
  facet normal 6.192362e-01 2.472123e-01 7.452735e-01
    outer loop
      vertex   2.833106e+01 4.137540e+00 3.100973e+01
      vertex   2.843946e+01 4.359139e+00 3.084616e+01
      vertex   2.825948e+01 4.561215e+00 3.092867e+01
    endloop
  endfacet
  facet normal 6.192362e-01 2.472123e-01 7.452735e-01
    outer loop
      vertex   2.825948e+01 4.561215e+00 3.092867e+01
      vertex   2.843946e+01 4.359139e+00 3.084616e+01
      vertex   2.840463e+01 4.768881e+00 3.073918e+01
    endloop
  endfacet
  facet normal 6.192362e-01 2.472123e-01 7.452735e-01
    outer loop
      vertex   2.825948e+01 4.561215e+00 3.092867e+01
      vertex   2.840463e+01 4.768881e+00 3.073918e+01
      vertex   2.825274e+01 4.977829e+00 3.079607e+01
    endloop
  endfacet
  facet normal 6.192362e-01 2.472123e-01 7.452735e-01
    outer loop
      vertex   2.825274e+01 4.977829e+00 3.079607e+01
      vertex   2.840463e+01 4.768881e+00 3.073918e+01
      vertex   2.843732e+01 5.162124e+00 3.058158e+01
    endloop
  endfacet
  facet normal 6.192362e-01 2.472123e-01 7.452735e-01
    outer loop
      vertex   2.825274e+01 4.977829e+00 3.079607e+01
      vertex   2.843732e+01 5.162124e+00 3.058158e+01
      vertex   2.831109e+01 5.372326e+00 3.061674e+01
    endloop
  endfacet
  facet normal 6.192362e-01 2.472123e-01 7.452735e-01
    outer loop
      vertex   2.831109e+01 5.372326e+00 3.061674e+01
      vertex   2.843732e+01 5.162124e+00 3.058158e+01
      vertex   2.853617e+01 5.522768e+00 3.037981e+01
    endloop
  endfacet
  facet normal 6.192362e-01 2.472123e-01 7.452735e-01
    outer loop
      vertex   2.831109e+01 5.372326e+00 3.061674e+01
      vertex   2.853617e+01 5.522768e+00 3.037981e+01
      vertex   2.843241e+01 5.730448e+00 3.039714e+01
    endloop
  endfacet
  facet normal 6.192362e-01 2.472123e-01 7.452735e-01
    outer loop
      vertex   2.843241e+01 5.730448e+00 3.039714e+01
      vertex   2.853617e+01 5.522768e+00 3.037981e+01
      vertex   2.869715e+01 5.836050e+00 3.014214e+01
    endloop
  endfacet
  facet normal 6.192362e-01 2.472123e-01 7.452735e-01
    outer loop
      vertex   2.843241e+01 5.730448e+00 3.039714e+01
      vertex   2.869715e+01 5.836050e+00 3.014214e+01
      vertex   2.861233e+01 6.039250e+00 3.014521e+01
    endloop
  endfacet
  facet normal 6.192362e-01 2.472123e-01 7.452735e-01
    outer loop
      vertex   2.861233e+01 6.039250e+00 3.014521e+01
      vertex   2.869715e+01 5.836050e+00 3.014214e+01
      vertex   2.891366e+01 6.089143e+00 2.987830e+01
    endloop
  endfacet
  facet normal 6.192362e-01 2.472123e-01 7.452735e-01
    outer loop
      vertex   2.861233e+01 6.039250e+00 3.014521e+01
      vertex   2.891366e+01 6.089143e+00 2.987830e+01
      vertex   2.884434e+01 6.287573e+00 2.987007e+01
    endloop
  endfacet
  facet normal 6.192362e-01 2.472123e-01 7.452735e-01
    outer loop
      vertex   2.884434e+01 6.287573e+00 2.987007e+01
      vertex   2.891366e+01 6.089143e+00 2.987830e+01
      vertex   2.917683e+01 6.271686e+00 2.959908e+01
    endloop
  endfacet
  facet normal 6.192362e-01 2.472123e-01 7.452735e-01
    outer loop
      vertex   2.884434e+01 6.287573e+00 2.987007e+01
      vertex   2.917683e+01 6.271686e+00 2.959908e+01
      vertex   2.912005e+01 6.466441e+00 2.958166e+01
    endloop
  endfacet
  facet normal 6.192362e-01 2.472123e-01 7.452735e-01
    outer loop
      vertex   2.912005e+01 6.466441e+00 2.958166e+01
      vertex   2.917683e+01 6.271686e+00 2.959908e+01
      vertex   2.947590e+01 6.376205e+00 2.931592e+01
    endloop
  endfacet
  facet normal 6.192362e-01 2.472123e-01 7.452735e-01
    outer loop
      vertex   2.912005e+01 6.466441e+00 2.958166e+01
      vertex   2.947590e+01 6.376205e+00 2.931592e+01
      vertex   2.942950e+01 6.569389e+00 2.929039e+01
    endloop
  endfacet
  facet normal 6.192362e-01 2.472123e-01 7.452735e-01
    outer loop
      vertex   2.942950e+01 6.569389e+00 2.929039e+01
      vertex   2.947590e+01 6.376205e+00 2.931592e+01
      vertex   2.976151e+01 6.592697e+00 2.900680e+01
    endloop
  endfacet
  facet normal 6.192362e-01 2.472123e-01 7.452735e-01
    outer loop
      vertex   2.976151e+01 6.592697e+00 2.900680e+01
      vertex   2.947590e+01 6.376205e+00 2.931592e+01
      vertex   2.979862e+01 6.398420e+00 2.904041e+01
    endloop
  endfacet
  facet normal 6.192362e-01 2.472123e-01 7.452735e-01
    outer loop
      vertex   2.976151e+01 6.592697e+00 2.900680e+01
      vertex   2.979862e+01 6.398420e+00 2.904041e+01
      vertex   3.010407e+01 6.535522e+00 2.874114e+01
    endloop
  endfacet
  facet normal 6.192362e-01 2.472123e-01 7.452735e-01
    outer loop
      vertex   3.010407e+01 6.535522e+00 2.874114e+01
      vertex   2.979862e+01 6.398420e+00 2.904041e+01
      vertex   3.013177e+01 6.337424e+00 2.878383e+01
    endloop
  endfacet
  facet normal 6.192362e-01 2.472123e-01 7.452735e-01
    outer loop
      vertex   3.010407e+01 6.535522e+00 2.874114e+01
      vertex   3.013177e+01 6.337424e+00 2.878383e+01
      vertex   3.044480e+01 6.399930e+00 2.850300e+01
    endloop
  endfacet
  facet normal 6.192362e-01 2.472123e-01 7.452735e-01
    outer loop
      vertex   3.044480e+01 6.399930e+00 2.850300e+01
      vertex   3.013177e+01 6.337424e+00 2.878383e+01
      vertex   3.046173e+01 6.195712e+00 2.855668e+01
    endloop
  endfacet
  facet normal 6.192362e-01 2.472123e-01 7.452735e-01
    outer loop
      vertex   3.044480e+01 6.399930e+00 2.850300e+01
      vertex   3.046173e+01 6.195712e+00 2.855668e+01
      vertex   3.077140e+01 6.190823e+00 2.830100e+01
    endloop
  endfacet
  facet normal 6.192362e-01 2.472123e-01 7.452735e-01
    outer loop
      vertex   3.077140e+01 6.190823e+00 2.830100e+01
      vertex   3.046173e+01 6.195712e+00 2.855668e+01
      vertex   3.077497e+01 5.979088e+00 2.836827e+01
    endloop
  endfacet
  facet normal 6.192362e-01 2.472123e-01 7.452735e-01
    outer loop
      vertex   3.077140e+01 6.190823e+00 2.830100e+01
      vertex   3.077497e+01 5.979088e+00 2.836827e+01
      vertex   3.107205e+01 5.915758e+00 2.814244e+01
    endloop
  endfacet
  facet normal 6.192362e-01 2.472123e-01 7.452735e-01
    outer loop
      vertex   3.107205e+01 5.915758e+00 2.814244e+01
      vertex   3.077497e+01 5.979088e+00 2.836827e+01
      vertex   3.105867e+01 5.696418e+00 2.822630e+01
    endloop
  endfacet
  facet normal 6.192362e-01 2.472123e-01 7.452735e-01
    outer loop
      vertex   3.107205e+01 5.915758e+00 2.814244e+01
      vertex   3.105867e+01 5.696418e+00 2.822630e+01
      vertex   3.133589e+01 5.584676e+00 2.803304e+01
    endloop
  endfacet
  facet normal 6.192362e-01 2.472123e-01 7.452735e-01
    outer loop
      vertex   3.133589e+01 5.584676e+00 2.803304e+01
      vertex   3.105867e+01 5.696418e+00 2.822630e+01
      vertex   3.130123e+01 5.359276e+00 2.813660e+01
    endloop
  endfacet
  facet normal 6.192362e-01 2.472123e-01 7.452735e-01
    outer loop
      vertex   3.133589e+01 5.584676e+00 2.803304e+01
      vertex   3.130123e+01 5.359276e+00 2.813660e+01
      vertex   3.155338e+01 5.209544e+00 2.797676e+01
    endloop
  endfacet
  facet normal 6.192362e-01 2.472123e-01 7.452735e-01
    outer loop
      vertex   3.155338e+01 5.209544e+00 2.797676e+01
      vertex   3.130123e+01 5.359276e+00 2.813660e+01
      vertex   3.149271e+01 4.981464e+00 2.810283e+01
    endloop
  endfacet
  facet normal 6.192362e-01 2.472123e-01 7.452735e-01
    outer loop
      vertex   3.155338e+01 5.209544e+00 2.797676e+01
      vertex   3.149271e+01 4.981464e+00 2.810283e+01
      vertex   3.171667e+01 4.803919e+00 2.797564e+01
    endloop
  endfacet
  facet normal 6.192362e-01 2.472123e-01 7.452735e-01
    outer loop
      vertex   3.171667e+01 4.803919e+00 2.797564e+01
      vertex   3.149271e+01 4.981464e+00 2.810283e+01
      vertex   3.162527e+01 4.578450e+00 2.812637e+01
    endloop
  endfacet
  facet normal 6.192362e-01 2.472123e-01 7.452735e-01
    outer loop
      vertex   3.171667e+01 4.803919e+00 2.797564e+01
      vertex   3.162527e+01 4.578450e+00 2.812637e+01
      vertex   3.181984e+01 4.382463e+00 2.802971e+01
    endloop
  endfacet
  facet normal 6.192362e-01 2.472123e-01 7.452735e-01
    outer loop
      vertex   3.181984e+01 4.382463e+00 2.802971e+01
      vertex   3.162527e+01 4.578450e+00 2.812637e+01
      vertex   3.169348e+01 4.166734e+00 2.820626e+01
    endloop
  endfacet
  facet normal 6.192362e-01 2.472123e-01 7.452735e-01
    outer loop
      vertex   3.181984e+01 4.382463e+00 2.802971e+01
      vertex   3.169348e+01 4.166734e+00 2.820626e+01
      vertex   3.185918e+01 3.960408e+00 2.813702e+01
    endloop
  endfacet
  facet normal 6.192362e-01 2.472123e-01 7.452735e-01
    outer loop
      vertex   3.185918e+01 3.960408e+00 2.813702e+01
      vertex   3.169348e+01 4.166734e+00 2.820626e+01
      vertex   3.169455e+01 3.763171e+00 2.833923e+01
    endloop
  endfacet
  facet normal 6.192362e-01 2.472123e-01 7.452735e-01
    outer loop
      vertex   3.185918e+01 3.960408e+00 2.813702e+01
      vertex   3.169455e+01 3.763171e+00 2.833923e+01
      vertex   3.183326e+01 3.553007e+00 2.829370e+01
    endloop
  endfacet
  facet normal 6.192362e-01 2.472123e-01 7.452735e-01
    outer loop
      vertex   3.183326e+01 3.553007e+00 2.829370e+01
      vertex   3.169455e+01 3.763171e+00 2.833923e+01
      vertex   3.162845e+01 3.384283e+00 2.851984e+01
    endloop
  endfacet
  facet normal 6.192362e-01 2.472123e-01 7.452735e-01
    outer loop
      vertex   3.183326e+01 3.553007e+00 2.829370e+01
      vertex   3.162845e+01 3.384283e+00 2.851984e+01
      vertex   3.174301e+01 3.174986e+00 2.849408e+01
    endloop
  endfacet
  facet normal 6.192362e-01 2.472123e-01 7.452735e-01
    outer loop
      vertex   3.174301e+01 3.174986e+00 2.849408e+01
      vertex   3.162845e+01 3.384283e+00 2.851984e+01
      vertex   3.149786e+01 3.045582e+00 2.874069e+01
    endloop
  endfacet
  facet normal 6.192362e-01 2.472123e-01 7.452735e-01
    outer loop
      vertex   3.174301e+01 3.174986e+00 2.849408e+01
      vertex   3.149786e+01 3.045582e+00 2.874069e+01
      vertex   3.159171e+01 2.840008e+00 2.873091e+01
    endloop
  endfacet
  facet normal 6.192362e-01 2.472123e-01 7.452735e-01
    outer loop
      vertex   3.159171e+01 2.840008e+00 2.873091e+01
      vertex   3.149786e+01 3.045582e+00 2.874069e+01
      vertex   3.130815e+01 2.760934e+00 2.899274e+01
    endloop
  endfacet
  facet normal 6.192362e-01 2.472123e-01 7.452735e-01
    outer loop
      vertex   3.159171e+01 2.840008e+00 2.873091e+01
      vertex   3.130815e+01 2.760934e+00 2.899274e+01
      vertex   3.138481e+01 2.560178e+00 2.899564e+01
    endloop
  endfacet
  facet normal 6.192362e-01 2.472123e-01 7.452735e-01
    outer loop
      vertex   3.138481e+01 2.560178e+00 2.899564e+01
      vertex   3.130815e+01 2.760934e+00 2.899274e+01
      vertex   3.106707e+01 2.541993e+00 2.926568e+01
    endloop
  endfacet
  facet normal 6.192362e-01 2.472123e-01 7.452735e-01
    outer loop
      vertex   3.138481e+01 2.560178e+00 2.899564e+01
      vertex   3.106707e+01 2.541993e+00 2.926568e+01
      vertex   3.112979e+01 2.345611e+00 2.927870e+01
    endloop
  endfacet
  facet normal 6.192362e-01 2.472123e-01 7.452735e-01
    outer loop
      vertex   3.112979e+01 2.345611e+00 2.927870e+01
      vertex   3.106707e+01 2.541993e+00 2.926568e+01
      vertex   3.078450e+01 2.397723e+00 2.954832e+01
    endloop
  endfacet
  facet normal 6.192362e-01 2.472123e-01 7.452735e-01
    outer loop
      vertex   3.112979e+01 2.345611e+00 2.927870e+01
      vertex   3.078450e+01 2.397723e+00 2.954832e+01
      vertex   3.083588e+01 2.204062e+00 2.956986e+01
    endloop
  endfacet
  facet normal 6.192362e-01 2.472123e-01 7.452735e-01
    outer loop
      vertex   3.083588e+01 2.204062e+00 2.956986e+01
      vertex   3.078450e+01 2.397723e+00 2.954832e+01
      vertex   3.047200e+01 2.334028e+00 2.982909e+01
    endloop
  endfacet
  facet normal 6.192362e-01 2.472123e-01 7.452735e-01
    outer loop
      vertex   3.083588e+01 2.204062e+00 2.956986e+01
      vertex   3.047200e+01 2.334028e+00 2.982909e+01
      vertex   3.051369e+01 2.140647e+00 2.985859e+01
    endloop
  endfacet
  facet normal 6.192362e-01 2.472123e-01 7.452735e-01
    outer loop
      vertex   3.051369e+01 2.140647e+00 2.985859e+01
      vertex   3.047200e+01 2.334028e+00 2.982909e+01
      vertex   3.017488e+01 2.157657e+00 3.013447e+01
    endloop
  endfacet
  facet normal 6.192362e-01 2.472123e-01 7.452735e-01
    outer loop
      vertex   3.017488e+01 2.157657e+00 3.013447e+01
      vertex   3.047200e+01 2.334028e+00 2.982909e+01
      vertex   3.014237e+01 2.353519e+00 3.009651e+01
    endloop
  endfacet
  facet normal 6.192362e-01 2.472123e-01 7.452735e-01
    outer loop
      vertex   3.017488e+01 2.157657e+00 3.013447e+01
      vertex   3.014237e+01 2.353519e+00 3.009651e+01
      vertex   2.983167e+01 2.254479e+00 3.038752e+01
    endloop
  endfacet
  facet normal 6.192362e-01 2.472123e-01 7.452735e-01
    outer loop
      vertex   2.983167e+01 2.254479e+00 3.038752e+01
      vertex   3.014237e+01 2.353519e+00 3.009651e+01
      vertex   2.980911e+01 2.455395e+00 3.033962e+01
    endloop
  endfacet
  facet normal 6.192362e-01 2.472123e-01 7.452735e-01
    outer loop
      vertex   2.983167e+01 2.254479e+00 3.038752e+01
      vertex   2.980911e+01 2.455395e+00 3.033962e+01
      vertex   2.949649e+01 2.427612e+00 3.060858e+01
    endloop
  endfacet
  facet normal 6.192362e-01 2.472123e-01 7.452735e-01
    outer loop
      vertex   2.949649e+01 2.427612e+00 3.060858e+01
      vertex   2.980911e+01 2.455395e+00 3.033962e+01
      vertex   2.948585e+01 2.635488e+00 3.054847e+01
    endloop
  endfacet
  facet normal 6.192362e-01 2.472123e-01 7.452735e-01
    outer loop
      vertex   2.949649e+01 2.427612e+00 3.060858e+01
      vertex   2.948585e+01 2.635488e+00 3.054847e+01
      vertex   2.918144e+01 2.670800e+00 3.078969e+01
    endloop
  endfacet
  facet normal 6.192362e-01 2.472123e-01 7.452735e-01
    outer loop
      vertex   2.918144e+01 2.670800e+00 3.078969e+01
      vertex   2.948585e+01 2.635488e+00 3.054847e+01
      vertex   2.918584e+01 2.886422e+00 3.071451e+01
    endloop
  endfacet
  facet normal 6.192362e-01 2.472123e-01 7.452735e-01
    outer loop
      vertex   2.918144e+01 2.670800e+00 3.078969e+01
      vertex   2.918584e+01 2.886422e+00 3.071451e+01
      vertex   2.889791e+01 2.975252e+00 3.092428e+01
    endloop
  endfacet
  facet normal 6.192362e-01 2.472123e-01 7.452735e-01
    outer loop
      vertex   2.889791e+01 2.975252e+00 3.092428e+01
      vertex   2.918584e+01 2.886422e+00 3.071451e+01
      vertex   2.892135e+01 3.197927e+00 3.083094e+01
    endloop
  endfacet
  facet normal 6.192362e-01 2.472123e-01 7.452735e-01
    outer loop
      vertex   2.889791e+01 2.975252e+00 3.092428e+01
      vertex   2.892135e+01 3.197927e+00 3.083094e+01
      vertex   2.865615e+01 3.329965e+00 3.100749e+01
    endloop
  endfacet
  facet normal 6.192362e-01 2.472123e-01 7.452735e-01
    outer loop
      vertex   2.865615e+01 3.329965e+00 3.100749e+01
      vertex   2.892135e+01 3.197927e+00 3.083094e+01
      vertex   2.870321e+01 3.557247e+00 3.089300e+01
    endloop
  endfacet
  facet normal 6.192362e-01 2.472123e-01 7.452735e-01
    outer loop
      vertex   2.865615e+01 3.329965e+00 3.100749e+01
      vertex   2.870321e+01 3.557247e+00 3.089300e+01
      vertex   2.846490e+01 3.722119e+00 3.103632e+01
    endloop
  endfacet
  facet normal 6.192362e-01 2.472123e-01 7.452735e-01
    outer loop
      vertex   2.846490e+01 3.722119e+00 3.103632e+01
      vertex   2.870321e+01 3.557247e+00 3.089300e+01
      vertex   2.854036e+01 3.949673e+00 3.089814e+01
    endloop
  endfacet
  facet normal 6.192362e-01 2.472123e-01 7.452735e-01
    outer loop
      vertex   2.846490e+01 3.722119e+00 3.103632e+01
      vertex   2.854036e+01 3.949673e+00 3.089814e+01
      vertex   2.833106e+01 4.137540e+00 3.100973e+01
    endloop
  endfacet
  facet normal 6.192362e-01 2.472123e-01 7.452735e-01
    outer loop
      vertex   2.833106e+01 4.137540e+00 3.100973e+01
      vertex   2.854036e+01 3.949673e+00 3.089814e+01
      vertex   2.843946e+01 4.359139e+00 3.084616e+01
    endloop
  endfacet
  facet normal -6.192362e-01 -2.472123e-01 -7.452735e-01
    outer loop
      vertex   2.821761e+01 6.217753e+00 2.801959e+01
      vertex   2.806844e+01 6.795668e+00 2.795183e+01
      vertex   2.856141e+01 6.261446e+00 2.771944e+01
    endloop
  endfacet
  facet normal -6.192362e-01 -2.472123e-01 -7.452735e-01
    outer loop
      vertex   2.856141e+01 6.261446e+00 2.771944e+01
      vertex   2.806844e+01 6.795668e+00 2.795183e+01
      vertex   2.845194e+01 6.842091e+00 2.761780e+01
    endloop
  endfacet
  facet normal -6.192362e-01 -2.472123e-01 -7.452735e-01
    outer loop
      vertex   2.856141e+01 6.261446e+00 2.771944e+01
      vertex   2.845194e+01 6.842091e+00 2.761780e+01
      vertex   2.884971e+01 6.804588e+00 2.729973e+01
    endloop
  endfacet
  facet normal -6.192362e-01 -2.472123e-01 -7.452735e-01
    outer loop
      vertex   2.806844e+01 6.795668e+00 2.795183e+01
      vertex   2.821761e+01 6.217753e+00 2.801959e+01
      vertex   2.771027e+01 6.666654e+00 2.829223e+01
    endloop
  endfacet
  facet normal -6.192362e-01 -2.472123e-01 -7.452735e-01
    outer loop
      vertex   2.771027e+01 6.666654e+00 2.829223e+01
      vertex   2.821761e+01 6.217753e+00 2.801959e+01
      vertex   2.790023e+01 6.091185e+00 2.832528e+01
    endloop
  endfacet
  facet normal -6.192362e-01 -2.472123e-01 -7.452735e-01
    outer loop
      vertex   2.771027e+01 6.666654e+00 2.829223e+01
      vertex   2.790023e+01 6.091185e+00 2.832528e+01
      vertex   2.738772e+01 6.458759e+00 2.862919e+01
    endloop
  endfacet
  facet normal -6.192362e-01 -2.472123e-01 -7.452735e-01
    outer loop
      vertex   2.738772e+01 6.458759e+00 2.862919e+01
      vertex   2.790023e+01 6.091185e+00 2.832528e+01
      vertex   2.762074e+01 5.886315e+00 2.862546e+01
    endloop
  endfacet
  facet normal -6.192362e-01 -2.472123e-01 -7.452735e-01
    outer loop
      vertex   2.738772e+01 6.458759e+00 2.862919e+01
      vertex   2.762074e+01 5.886315e+00 2.862546e+01
      vertex   2.711007e+01 6.177966e+00 2.895303e+01
    endloop
  endfacet
  facet normal -6.192362e-01 -2.472123e-01 -7.452735e-01
    outer loop
      vertex   2.711007e+01 6.177966e+00 2.895303e+01
      vertex   2.762074e+01 5.886315e+00 2.862546e+01
      vertex   2.738925e+01 5.610549e+00 2.890928e+01
    endloop
  endfacet
  facet normal -6.192362e-01 -2.472123e-01 -7.452735e-01
    outer loop
      vertex   2.711007e+01 6.177966e+00 2.895303e+01
      vertex   2.738925e+01 5.610549e+00 2.890928e+01
      vertex   2.688531e+01 5.832351e+00 2.925442e+01
    endloop
  endfacet
  facet normal -6.192362e-01 -2.472123e-01 -7.452735e-01
    outer loop
      vertex   2.688531e+01 5.832351e+00 2.925442e+01
      vertex   2.738925e+01 5.610549e+00 2.890928e+01
      vertex   2.721410e+01 5.273854e+00 2.916649e+01
    endloop
  endfacet
  facet normal -6.192362e-01 -2.472123e-01 -7.452735e-01
    outer loop
      vertex   2.688531e+01 5.832351e+00 2.925442e+01
      vertex   2.721410e+01 5.273854e+00 2.916649e+01
      vertex   2.671991e+01 5.431857e+00 2.952470e+01
    endloop
  endfacet
  facet normal -6.192362e-01 -2.472123e-01 -7.452735e-01
    outer loop
      vertex   2.671991e+01 5.431857e+00 2.952470e+01
      vertex   2.721410e+01 5.273854e+00 2.916649e+01
      vertex   2.710165e+01 4.888398e+00 2.938778e+01
    endloop
  endfacet
  facet normal -6.192362e-01 -2.472123e-01 -7.452735e-01
    outer loop
      vertex   2.671991e+01 5.431857e+00 2.952470e+01
      vertex   2.710165e+01 4.888398e+00 2.938778e+01
      vertex   2.661862e+01 4.988007e+00 2.975608e+01
    endloop
  endfacet
  facet normal -6.192362e-01 -2.472123e-01 -7.452735e-01
    outer loop
      vertex   2.661862e+01 4.988007e+00 2.975608e+01
      vertex   2.710165e+01 4.888398e+00 2.938778e+01
      vertex   2.705595e+01 4.468113e+00 2.956516e+01
    endloop
  endfacet
  facet normal -6.192362e-01 -2.472123e-01 -7.452735e-01
    outer loop
      vertex   2.661862e+01 4.988007e+00 2.975608e+01
      vertex   2.705595e+01 4.468113e+00 2.956516e+01
      vertex   2.658436e+01 4.513569e+00 2.994192e+01
    endloop
  endfacet
  facet normal -6.192362e-01 -2.472123e-01 -7.452735e-01
    outer loop
      vertex   2.658436e+01 4.513569e+00 2.994192e+01
      vertex   2.705595e+01 4.468113e+00 2.956516e+01
      vertex   2.707865e+01 4.028189e+00 2.969223e+01
    endloop
  endfacet
  facet normal -6.192362e-01 -2.472123e-01 -7.452735e-01
    outer loop
      vertex   2.658436e+01 4.513569e+00 2.994192e+01
      vertex   2.707865e+01 4.028189e+00 2.969223e+01
      vertex   2.661811e+01 4.022191e+00 3.007687e+01
    endloop
  endfacet
  facet normal -6.192362e-01 -2.472123e-01 -7.452735e-01
    outer loop
      vertex   2.661811e+01 4.022191e+00 3.007687e+01
      vertex   2.707865e+01 4.028189e+00 2.969223e+01
      vertex   2.716893e+01 3.584527e+00 2.976438e+01
    endloop
  endfacet
  facet normal -6.192362e-01 -2.472123e-01 -7.452735e-01
    outer loop
      vertex   2.661811e+01 4.022191e+00 3.007687e+01
      vertex   2.716893e+01 3.584527e+00 2.976438e+01
      vertex   2.671890e+01 3.528009e+00 3.015705e+01
    endloop
  endfacet
  facet normal -6.192362e-01 -2.472123e-01 -7.452735e-01
    outer loop
      vertex   2.671890e+01 3.528009e+00 3.015705e+01
      vertex   2.716893e+01 3.584527e+00 2.976438e+01
      vertex   2.688384e+01 3.045241e+00 3.018014e+01
    endloop
  endfacet
  facet normal -6.192362e-01 -2.472123e-01 -7.452735e-01
    outer loop
      vertex   2.688384e+01 3.045241e+00 3.018014e+01
      vertex   2.716893e+01 3.584527e+00 2.976438e+01
      vertex   2.732354e+01 3.153160e+00 2.977901e+01
    endloop
  endfacet
  facet normal -6.192362e-01 -2.472123e-01 -7.452735e-01
    outer loop
      vertex   2.688384e+01 3.045241e+00 3.018014e+01
      vertex   2.732354e+01 3.153160e+00 2.977901e+01
      vertex   2.710818e+01 2.587774e+00 3.014549e+01
    endloop
  endfacet
  facet normal -6.192362e-01 -2.472123e-01 -7.452735e-01
    outer loop
      vertex   2.710818e+01 2.587774e+00 3.014549e+01
      vertex   2.732354e+01 3.153160e+00 2.977901e+01
      vertex   2.753687e+01 2.749680e+00 2.973559e+01
    endloop
  endfacet
  facet normal -6.192362e-01 -2.472123e-01 -7.452735e-01
    outer loop
      vertex   2.710818e+01 2.587774e+00 3.014549e+01
      vertex   2.753687e+01 2.749680e+00 2.973559e+01
      vertex   2.738546e+01 2.168770e+00 3.005409e+01
    endloop
  endfacet
  facet normal -6.192362e-01 -2.472123e-01 -7.452735e-01
    outer loop
      vertex   2.738546e+01 2.168770e+00 3.005409e+01
      vertex   2.753687e+01 2.749680e+00 2.973559e+01
      vertex   2.780123e+01 2.388670e+00 2.963569e+01
    endloop
  endfacet
  facet normal -6.192362e-01 -2.472123e-01 -7.452735e-01
    outer loop
      vertex   2.738546e+01 2.168770e+00 3.005409e+01
      vertex   2.780123e+01 2.388670e+00 2.963569e+01
      vertex   2.770770e+01 1.800281e+00 2.990857e+01
    endloop
  endfacet
  facet normal -6.192362e-01 -2.472123e-01 -7.452735e-01
    outer loop
      vertex   2.770770e+01 1.800281e+00 2.990857e+01
      vertex   2.780123e+01 2.388670e+00 2.963569e+01
      vertex   2.810706e+01 2.083178e+00 2.948291e+01
    endloop
  endfacet
  facet normal -6.192362e-01 -2.472123e-01 -7.452735e-01
    outer loop
      vertex   2.770770e+01 1.800281e+00 2.990857e+01
      vertex   2.810706e+01 2.083178e+00 2.948291e+01
      vertex   2.806565e+01 1.492909e+00 2.971312e+01
    endloop
  endfacet
  facet normal -6.192362e-01 -2.472123e-01 -7.452735e-01
    outer loop
      vertex   2.806565e+01 1.492909e+00 2.971312e+01
      vertex   2.810706e+01 2.083178e+00 2.948291e+01
      vertex   2.844329e+01 1.844245e+00 2.928279e+01
    endloop
  endfacet
  facet normal -6.192362e-01 -2.472123e-01 -7.452735e-01
    outer loop
      vertex   2.806565e+01 1.492909e+00 2.971312e+01
      vertex   2.844329e+01 1.844245e+00 2.928279e+01
      vertex   2.844899e+01 1.255497e+00 2.947335e+01
    endloop
  endfacet
  facet normal -6.192362e-01 -2.472123e-01 -7.452735e-01
    outer loop
      vertex   2.844899e+01 1.255497e+00 2.947335e+01
      vertex   2.844329e+01 1.844245e+00 2.928279e+01
      vertex   2.879779e+01 1.680506e+00 2.904256e+01
    endloop
  endfacet
  facet normal -6.192362e-01 -2.472123e-01 -7.452735e-01
    outer loop
      vertex   2.844899e+01 1.255497e+00 2.947335e+01
      vertex   2.879779e+01 1.680506e+00 2.904256e+01
      vertex   2.884670e+01 1.094874e+00 2.919618e+01
    endloop
  endfacet
  facet normal -6.192362e-01 -2.472123e-01 -7.452735e-01
    outer loop
      vertex   2.884670e+01 1.094874e+00 2.919618e+01
      vertex   2.879779e+01 1.680506e+00 2.904256e+01
      vertex   2.915774e+01 1.597879e+00 2.877089e+01
    endloop
  endfacet
  facet normal -6.192362e-01 -2.472123e-01 -7.452735e-01
    outer loop
      vertex   2.884670e+01 1.094874e+00 2.919618e+01
      vertex   2.915774e+01 1.597879e+00 2.877089e+01
      vertex   2.924735e+01 1.015661e+00 2.888957e+01
    endloop
  endfacet
  facet normal -6.192362e-01 -2.472123e-01 -7.452735e-01
    outer loop
      vertex   2.924735e+01 1.015661e+00 2.888957e+01
      vertex   2.915774e+01 1.597879e+00 2.877089e+01
      vertex   2.951013e+01 1.599352e+00 2.847761e+01
    endloop
  endfacet
  facet normal -6.192362e-01 -2.472123e-01 -7.452735e-01
    outer loop
      vertex   2.924735e+01 1.015661e+00 2.888957e+01
      vertex   2.951013e+01 1.599352e+00 2.847761e+01
      vertex   2.963940e+01 1.020137e+00 2.856233e+01
    endloop
  endfacet
  facet normal -6.192362e-01 -2.472123e-01 -7.452735e-01
    outer loop
      vertex   2.963940e+01 1.020137e+00 2.856233e+01
      vertex   2.951013e+01 1.599352e+00 2.847761e+01
      vertex   3.001157e+01 1.108173e+00 2.822390e+01
    endloop
  endfacet
  facet normal -6.192362e-01 -2.472123e-01 -7.452735e-01
    outer loop
      vertex   3.001157e+01 1.108173e+00 2.822390e+01
      vertex   2.951013e+01 1.599352e+00 2.847761e+01
      vertex   2.984222e+01 1.684869e+00 2.817331e+01
    endloop
  endfacet
  facet normal -6.192362e-01 -2.472123e-01 -7.452735e-01
    outer loop
      vertex   3.001157e+01 1.108173e+00 2.822390e+01
      vertex   2.984222e+01 1.684869e+00 2.817331e+01
      vertex   3.035316e+01 1.277237e+00 2.788399e+01
    endloop
  endfacet
  facet normal -6.192362e-01 -2.472123e-01 -7.452735e-01
    outer loop
      vertex   3.035316e+01 1.277237e+00 2.788399e+01
      vertex   2.984222e+01 1.684869e+00 2.817331e+01
      vertex   3.014201e+01 1.851342e+00 2.786900e+01
    endloop
  endfacet
  facet normal -6.192362e-01 -2.472123e-01 -7.452735e-01
    outer loop
      vertex   3.035316e+01 1.277237e+00 2.788399e+01
      vertex   3.014201e+01 1.851342e+00 2.786900e+01
      vertex   3.065435e+01 1.522464e+00 2.755240e+01
    endloop
  endfacet
  facet normal -6.192362e-01 -2.472123e-01 -7.452735e-01
    outer loop
      vertex   3.065435e+01 1.522464e+00 2.755240e+01
      vertex   3.014201e+01 1.851342e+00 2.786900e+01
      vertex   3.039867e+01 2.092753e+00 2.757567e+01
    endloop
  endfacet
  facet normal -6.192362e-01 -2.472123e-01 -7.452735e-01
    outer loop
      vertex   3.065435e+01 1.522464e+00 2.755240e+01
      vertex   3.039867e+01 2.092753e+00 2.757567e+01
      vertex   3.090646e+01 1.836801e+00 2.723866e+01
    endloop
  endfacet
  facet normal -6.192362e-01 -2.472123e-01 -7.452735e-01
    outer loop
      vertex   3.090646e+01 1.836801e+00 2.723866e+01
      vertex   3.039867e+01 2.092753e+00 2.757567e+01
      vertex   3.060291e+01 2.400377e+00 2.730393e+01
    endloop
  endfacet
  facet normal -6.192362e-01 -2.472123e-01 -7.452735e-01
    outer loop
      vertex   3.090646e+01 1.836801e+00 2.723866e+01
      vertex   3.060291e+01 2.400377e+00 2.730393e+01
      vertex   3.110225e+01 2.211204e+00 2.695179e+01
    endloop
  endfacet
  facet normal -6.192362e-01 -2.472123e-01 -7.452735e-01
    outer loop
      vertex   3.110225e+01 2.211204e+00 2.695179e+01
      vertex   3.060291e+01 2.400377e+00 2.730393e+01
      vertex   3.074737e+01 2.763095e+00 2.706359e+01
    endloop
  endfacet
  facet normal -6.192362e-01 -2.472123e-01 -7.452735e-01
    outer loop
      vertex   3.110225e+01 2.211204e+00 2.695179e+01
      vertex   3.074737e+01 2.763095e+00 2.706359e+01
      vertex   3.123608e+01 2.634902e+00 2.670005e+01
    endloop
  endfacet
  facet normal -6.192362e-01 -2.472123e-01 -7.452735e-01
    outer loop
      vertex   3.123608e+01 2.634902e+00 2.670005e+01
      vertex   3.074737e+01 2.763095e+00 2.706359e+01
      vertex   3.082680e+01 3.167798e+00 2.686334e+01
    endloop
  endfacet
  facet normal -6.192362e-01 -2.472123e-01 -7.452735e-01
    outer loop
      vertex   3.123608e+01 2.634902e+00 2.670005e+01
      vertex   3.082680e+01 3.167798e+00 2.686334e+01
      vertex   3.130410e+01 3.095706e+00 2.649068e+01
    endloop
  endfacet
  facet normal -6.192362e-01 -2.472123e-01 -7.452735e-01
    outer loop
      vertex   3.130410e+01 3.095706e+00 2.649068e+01
      vertex   3.082680e+01 3.167798e+00 2.686334e+01
      vertex   3.083836e+01 3.599858e+00 2.671043e+01
    endloop
  endfacet
  facet normal -6.192362e-01 -2.472123e-01 -7.452735e-01
    outer loop
      vertex   3.130410e+01 3.095706e+00 2.649068e+01
      vertex   3.083836e+01 3.599858e+00 2.671043e+01
      vertex   3.130435e+01 3.580360e+00 2.632970e+01
    endloop
  endfacet
  facet normal -6.192362e-01 -2.472123e-01 -7.452735e-01
    outer loop
      vertex   3.130435e+01 3.580360e+00 2.632970e+01
      vertex   3.083836e+01 3.599858e+00 2.671043e+01
      vertex   3.078161e+01 4.043661e+00 2.661037e+01
    endloop
  endfacet
  facet normal -6.192362e-01 -2.472123e-01 -7.452735e-01
    outer loop
      vertex   3.130435e+01 3.580360e+00 2.632970e+01
      vertex   3.078161e+01 4.043661e+00 2.661037e+01
      vertex   3.123684e+01 4.074922e+00 2.622175e+01
    endloop
  endfacet
  facet normal -6.192362e-01 -2.472123e-01 -7.452735e-01
    outer loop
      vertex   3.123684e+01 4.074922e+00 2.622175e+01
      vertex   3.078161e+01 4.043661e+00 2.661037e+01
      vertex   3.110349e+01 4.565163e+00 2.616993e+01
    endloop
  endfacet
  facet normal -6.192362e-01 -2.472123e-01 -7.452735e-01
    outer loop
      vertex   3.110349e+01 4.565163e+00 2.616993e+01
      vertex   3.078161e+01 4.043661e+00 2.661037e+01
      vertex   3.065861e+01 4.483166e+00 2.656678e+01
    endloop
  endfacet
  facet normal -6.192362e-01 -2.472123e-01 -7.452735e-01
    outer loop
      vertex   3.110349e+01 4.565163e+00 2.616993e+01
      vertex   3.065861e+01 4.483166e+00 2.656678e+01
      vertex   3.090815e+01 5.036980e+00 2.617573e+01
    endloop
  endfacet
  facet normal -6.192362e-01 -2.472123e-01 -7.452735e-01
    outer loop
      vertex   3.090815e+01 5.036980e+00 2.617573e+01
      vertex   3.065861e+01 4.483166e+00 2.656678e+01
      vertex   3.047380e+01 4.902488e+00 2.658124e+01
    endloop
  endfacet
  facet normal -6.192362e-01 -2.472123e-01 -7.452735e-01
    outer loop
      vertex   3.090815e+01 5.036980e+00 2.617573e+01
      vertex   3.047380e+01 4.902488e+00 2.658124e+01
      vertex   3.065643e+01 5.476800e+00 2.623899e+01
    endloop
  endfacet
  facet normal -6.192362e-01 -2.472123e-01 -7.452735e-01
    outer loop
      vertex   3.065643e+01 5.476800e+00 2.623899e+01
      vertex   3.047380e+01 4.902488e+00 2.658124e+01
      vertex   3.023387e+01 5.286471e+00 2.665323e+01
    endloop
  endfacet
  facet normal -6.192362e-01 -2.472123e-01 -7.452735e-01
    outer loop
      vertex   3.065643e+01 5.476800e+00 2.623899e+01
      vertex   3.023387e+01 5.286471e+00 2.665323e+01
      vertex   3.035559e+01 5.871970e+00 2.635788e+01
    endloop
  endfacet
  facet normal -6.192362e-01 -2.472123e-01 -7.452735e-01
    outer loop
      vertex   3.035559e+01 5.871970e+00 2.635788e+01
      vertex   3.023387e+01 5.286471e+00 2.665323e+01
      vertex   2.994748e+01 5.621238e+00 2.678014e+01
    endloop
  endfacet
  facet normal -6.192362e-01 -2.472123e-01 -7.452735e-01
    outer loop
      vertex   3.035559e+01 5.871970e+00 2.635788e+01
      vertex   2.994748e+01 5.621238e+00 2.678014e+01
      vertex   3.001426e+01 6.211122e+00 2.652898e+01
    endloop
  endfacet
  facet normal -6.192362e-01 -2.472123e-01 -7.452735e-01
    outer loop
      vertex   3.001426e+01 6.211122e+00 2.652898e+01
      vertex   2.994748e+01 5.621238e+00 2.678014e+01
      vertex   2.962499e+01 5.894690e+00 2.695739e+01
    endloop
  endfacet
  facet normal -6.192362e-01 -2.472123e-01 -7.452735e-01
    outer loop
      vertex   3.001426e+01 6.211122e+00 2.652898e+01
      vertex   2.962499e+01 5.894690e+00 2.695739e+01
      vertex   2.964228e+01 6.484499e+00 2.674737e+01
    endloop
  endfacet
  facet normal -6.192362e-01 -2.472123e-01 -7.452735e-01
    outer loop
      vertex   2.964228e+01 6.484499e+00 2.674737e+01
      vertex   2.962499e+01 5.894690e+00 2.695739e+01
      vertex   2.927805e+01 6.096942e+00 2.717856e+01
    endloop
  endfacet
  facet normal -6.192362e-01 -2.472123e-01 -7.452735e-01
    outer loop
      vertex   2.964228e+01 6.484499e+00 2.674737e+01
      vertex   2.927805e+01 6.096942e+00 2.717856e+01
      vertex   2.925034e+01 6.684236e+00 2.700678e+01
    endloop
  endfacet
  facet normal -6.192362e-01 -2.472123e-01 -7.452735e-01
    outer loop
      vertex   2.925034e+01 6.684236e+00 2.700678e+01
      vertex   2.927805e+01 6.096942e+00 2.717856e+01
      vertex   2.891920e+01 6.220685e+00 2.743568e+01
    endloop
  endfacet
  facet normal -6.192362e-01 -2.472123e-01 -7.452735e-01
    outer loop
      vertex   2.925034e+01 6.684236e+00 2.700678e+01
      vertex   2.891920e+01 6.220685e+00 2.743568e+01
      vertex   2.884971e+01 6.804588e+00 2.729973e+01
    endloop
  endfacet
  facet normal -6.192362e-01 -2.472123e-01 -7.452735e-01
    outer loop
      vertex   2.884971e+01 6.804588e+00 2.729973e+01
      vertex   2.891920e+01 6.220685e+00 2.743568e+01
      vertex   2.856141e+01 6.261446e+00 2.771944e+01
    endloop
  endfacet
endsolid
